"","Date","Time","Count","Loc","Category","Scientific","CommonName"
"1","2023/9/16","7-8",8,"DGS","Raptor","Falco subbuteo","Eurasian Hobby"
"2","2023/9/16","8-9",2,"DGS","Raptor","Falco amurensis","Amur Falcon"
"3","2023/9/16","9-10",8,"DGS","Raptor","Falco subbuteo","Eurasian Hobby"
"4","2023/9/16","13-14",1,"DGS","Raptor","Tachyspiza gularis","Japanese Sparrowhawk"
"5","2023/9/16","13-14",2,"DGS","Raptor","Falco subbuteo","Eurasian Hobby"
"6","2023/9/16","15-16",1,"DGS","Raptor","Falco subbuteo","Eurasian Hobby"
"7","2023/9/17","8-9",1,"DGS","Raptor","Tachyspiza soloensis","Chinese Sparrowhawk"
"8","2023/9/17","8-9",3,"DGS","Raptor","Falco tinnunculus","Common Kestrel"
"9","2023/9/17","9-10",1,"DGS","Raptor","Falco amurensis","Amur Falcon"
"10","2023/9/17","9-10",1,"DGS","Raptor","Falco subbuteo","Eurasian Hobby"
"11","2023/9/17","9-10",7,"DGS","Swift","Hirundapus caudacutus","White-throated Needletail"
"12","2023/9/17","10-11",1,"DGS","Raptor","Lophospiza trivirgata","Crested Goshawk"
"13","2023/9/17","10-11",1,"DGS","Raptor","Falco tinnunculus","Common Kestrel"
"14","2023/9/17","12-13",1,"DGS","Raptor","Falco subbuteo","Eurasian Hobby"
"15","2023/9/17","13-14",1,"DGS","Raptor","Falco tinnunculus","Common Kestrel"
"16","2023/9/17","14-15",1,"DGS","Raptor","Falco tinnunculus","Common Kestrel"
"17","2023/9/17","14-15",20,"DGS","Raptor","Raptors (unidentified)","Unidentified Raptors"
"18","2023/9/17","15-16",2,"DGS","Raptor","Raptors (unidentified)","Unidentified Raptors"
"19","2023/9/17","16-17",2,"DGS","Swift","Hirundapus caudacutus","White-throated Needletail"
"20","2023/9/18","7-8",30,"DGS","Raptor","Tachyspiza soloensis","Chinese Sparrowhawk"
"21","2023/9/18","7-8",2,"DGS","Raptor","Falco tinnunculus","Common Kestrel"
"22","2023/9/18","8-9",10,"DGS","Raptor","Tachyspiza soloensis","Chinese Sparrowhawk"
"23","2023/9/18","8-9",5,"DGS","Swift","Aerodramus brevirostris","Himalayan Swiftlet"
"24","2023/9/18","9-10",50,"DGS","Raptor","Tachyspiza soloensis","Chinese Sparrowhawk"
"25","2023/9/18","9-10",3,"DGS","Raptor","Falco tinnunculus","Common Kestrel"
"26","2023/9/18","10-11",5,"DGS","Raptor","Lophospiza trivirgata","Crested Goshawk"
"27","2023/9/18","10-11",60,"DGS","Raptor","Tachyspiza soloensis","Chinese Sparrowhawk"
"28","2023/9/18","10-11",3,"DGS","Raptor","Tachyspiza gularis","Japanese Sparrowhawk"
"29","2023/9/18","10-11",2,"DGS","Raptor","Raptors (unidentified)","Unidentified Raptors"
"30","2023/9/18","10-11",1,"DGS","Raptor","Falco tinnunculus","Common Kestrel"
"31","2023/9/18","10-11",2,"DGS","Raptor","Falco subbuteo","Eurasian Hobby"
"32","2023/9/18","10-11",5,"DGS","Swift","Hirundapus caudacutus","White-throated Needletail"
"33","2023/9/18","11-12",2,"DGS","Raptor","Falco subbuteo","Eurasian Hobby"
"34","2023/9/18","11-12",4,"DGS","Swift","Hirundapus caudacutus","White-throated Needletail"
"35","2023/9/18","12-13",1,"DGS","Raptor","Eagles (unidentified)","Unidentified Eagles"
"36","2023/9/18","13-14",3,"DGS","Raptor","Falco tinnunculus","Common Kestrel"
"37","2023/9/18","14-15",2,"DGS","Raptor","Falco tinnunculus","Common Kestrel"
"38","2023/9/18","14-15",3,"DGS","Swift","Hirundapus caudacutus","White-throated Needletail"
"39","2023/9/19","7-8",2,"DGS","Raptor","Lophospiza trivirgata","Crested Goshawk"
"40","2023/9/19","7-8",1,"DGS","Raptor","Ictinaetus malaiensis","Black Eagle"
"41","2023/9/19","7-8",1,"DGS","Swift","Hirundapus caudacutus","White-throated Needletail"
"42","2023/9/19","8-9",9,"DGS","Raptor","Lophospiza trivirgata","Crested Goshawk"
"43","2023/9/19","8-9",1,"DGS","Raptor","Falco tinnunculus","Common Kestrel"
"44","2023/9/19","8-9",6,"DGS","Swift","Hirundapus caudacutus","White-throated Needletail"
"45","2023/9/19","9-10",12,"DGS","Raptor","Tachyspiza soloensis","Chinese Sparrowhawk"
"46","2023/9/19","9-10",4,"DGS","Swift","Hirundapus caudacutus","White-throated Needletail"
"47","2023/9/19","10-11",1,"DGS","Raptor","Raptors (unidentified)","Unidentified Raptors"
"48","2023/9/19","11-12",2,"DGS","Swift","Hirundapus caudacutus","White-throated Needletail"
"49","2023/9/20","7-8",3,"DGS","Raptor","Falco tinnunculus","Common Kestrel"
"50","2023/9/20","7-8",2,"DGS","Swift","Hirundapus caudacutus","White-throated Needletail"
"51","2023/9/20","8-9",7,"DGS","Raptor","Tachyspiza soloensis","Chinese Sparrowhawk"
"52","2023/9/20","8-9",3,"DGS","Raptor","Falco tinnunculus","Common Kestrel"
"53","2023/9/20","8-9",210,"DGS","Swift","Hirundapus caudacutus","White-throated Needletail"
"54","2023/9/20","9-10",5,"DGS","Raptor","Tachyspiza soloensis","Chinese Sparrowhawk"
"55","2023/9/20","9-10",4,"DGS","Raptor","Falco tinnunculus","Common Kestrel"
"56","2023/9/20","9-10",1,"DGS","Raptor","Raptors (unidentified)","Unidentified Raptors"
"57","2023/9/20","9-10",110,"DGS","Swift","Hirundapus caudacutus","White-throated Needletail"
"58","2023/9/20","10-11",2,"DGS","Raptor","Tachyspiza soloensis","Chinese Sparrowhawk"
"59","2023/9/20","10-11",4,"DGS","Raptor","Tachyspiza gularis","Japanese Sparrowhawk"
"60","2023/9/20","10-11",4,"DGS","Raptor","Falco tinnunculus","Common Kestrel"
"61","2023/9/20","10-11",2,"DGS","Raptor","Falco subbuteo","Eurasian Hobby"
"62","2023/9/20","10-11",195,"DGS","Swift","Hirundapus caudacutus","White-throated Needletail"
"63","2023/9/20","10-11",1,"DGS","Swift","Apus pacificus","Pacific Swift"
"64","2023/9/20","11-12",2,"DGS","Raptor","Falco tinnunculus","Common Kestrel"
"65","2023/9/20","11-12",5,"DGS","Raptor","Falco subbuteo","Eurasian Hobby"
"66","2023/9/20","11-12",127,"DGS","Swift","Hirundapus caudacutus","White-throated Needletail"
"67","2023/9/20","12-13",2,"DGS","Raptor","Tachyspiza soloensis","Chinese Sparrowhawk"
"68","2023/9/20","12-13",1,"DGS","Raptor","Falco tinnunculus","Common Kestrel"
"69","2023/9/20","12-13",2,"DGS","Raptor","Falco subbuteo","Eurasian Hobby"
"70","2023/9/20","12-13",118,"DGS","Swift","Hirundapus caudacutus","White-throated Needletail"
"71","2023/9/20","13-14",2,"DGS","Raptor","Falco tinnunculus","Common Kestrel"
"72","2023/9/20","13-14",1,"DGS","Raptor","Falco subbuteo","Eurasian Hobby"
"73","2023/9/20","13-14",42,"DGS","Swift","Hirundapus caudacutus","White-throated Needletail"
"74","2023/9/20","14-15",2,"DGS","Raptor","Falco tinnunculus","Common Kestrel"
"75","2023/9/20","14-15",13,"DGS","Swift","Hirundapus caudacutus","White-throated Needletail"
"76","2023/9/20","15-16",2,"DGS","Raptor","Falco tinnunculus","Common Kestrel"
"77","2023/9/20","16-17",1,"DGS","Raptor","Falco tinnunculus","Common Kestrel"
"78","2023/9/20","16-17",82,"DGS","Swift","Hirundapus caudacutus","White-throated Needletail"
"79","2023/9/20","17-17:30",1,"DGS","Raptor","Falco tinnunculus","Common Kestrel"
"80","2023/9/20","17-17:30",28,"DGS","Swift","Hirundapus caudacutus","White-throated Needletail"
"81","2023/9/20","13-14",1,"DGS","Swift","Hirundapus cochinchinensis","Silver-backed Needletail"
"82","2023/9/20","13-14",1,"DGS","Raptor","Circus spilonotus","Eastern Marsh Harrier"
"83","2023/9/20","11-12",1,"DGS","Raptor","Tachyspiza soloensis","Chinese Sparrowhawk"
"84","2023/9/20","12-13",1,"DGS","Raptor","Tachyspiza gularis","Japanese Sparrowhawk"
"85","2023/9/21","Before 7",14,"DGS","Swift","Hirundapus caudacutus","White-throated Needletail"
"86","2023/9/21","7-8",5,"DGS","Swift","Hirundapus caudacutus","White-throated Needletail"
"87","2023/9/21","8-9",1,"DGS","Raptor","Lophospiza trivirgata","Crested Goshawk"
"88","2023/9/21","8-9",2,"DGS","Raptor","Tachyspiza soloensis","Chinese Sparrowhawk"
"89","2023/9/21","8-9",3,"DGS","Raptor","Falco tinnunculus","Common Kestrel"
"90","2023/9/21","8-9",32,"DGS","Swift","Hirundapus caudacutus","White-throated Needletail"
"91","2023/9/21","9-10",2,"DGS","Raptor","Tachyspiza soloensis","Chinese Sparrowhawk"
"92","2023/9/21","9-10",5,"DGS","Swift","Hirundapus caudacutus","White-throated Needletail"
"93","2023/9/21","10-11",1,"DGS","Raptor","Tachyspiza soloensis","Chinese Sparrowhawk"
"94","2023/9/21","10-11",17,"DGS","Swift","Hirundapus caudacutus","White-throated Needletail"
"95","2023/9/21","11-12",35,"DGS","Swift","Hirundapus caudacutus","White-throated Needletail"
"96","2023/9/21","15-16",1,"DGS","Raptor","Pandion haliaetus","Osprey"
"97","2023/9/21","15-16",1,"DGS","Raptor","Tachyspiza soloensis","Chinese Sparrowhawk"
"98","2023/9/21","15-16",10,"DGS","Swift","Hirundapus caudacutus","White-throated Needletail"
"99","2023/9/22","Before 7",1,"DGS","Raptor","Falco tinnunculus","Common Kestrel"
"100","2023/9/22","7-8",1,"DGS","Raptor","Falco tinnunculus","Common Kestrel"
"101","2023/9/22","8-9",1,"DGS","Raptor","Lophospiza trivirgata","Crested Goshawk"
"102","2023/9/22","9-10",1,"DGS","Raptor","Falco tinnunculus","Common Kestrel"
"103","2023/9/22","10-11",1,"DGS","Raptor","Falco subbuteo","Eurasian Hobby"
"104","2023/9/22","10-11",2,"DGS","Swift","Hirundapus caudacutus","White-throated Needletail"
"105","2023/9/22","11-12",1,"DGS","Raptor","Falco tinnunculus","Common Kestrel"
"106","2023/9/22","12-13",4,"DGS","Swift","Hirundapus caudacutus","White-throated Needletail"
"107","2023/9/23","7-8",2,"DGS","Raptor","Falco tinnunculus","Common Kestrel"
"108","2023/9/23","8-9",1,"DGS","Raptor","Pandion haliaetus","Osprey"
"109","2023/9/23","9-10",1,"DGS","Raptor","Tachyspiza soloensis","Chinese Sparrowhawk"
"110","2023/9/23","9-10",1,"DGS","Raptor","Falco subbuteo","Eurasian Hobby"
"111","2023/9/23","9-10",1,"DGS","Swift","Hirundapus caudacutus","White-throated Needletail"
"112","2023/9/23","9-10",1,"DGS","Swift","Aerodramus brevirostris","Himalayan Swiftlet"
"113","2023/9/23","10-11",2,"DGS","Else","Delichon dasypus/lagopodum","Asian/Siberian House Martin"
"114","2023/9/23","11-12",1,"DGS","Raptor","Pernis ptilorhynchus","Crested Honey-buzzard"
"115","2023/9/23","11-12",9,"DGS","Raptor","Tachyspiza soloensis","Chinese Sparrowhawk"
"116","2023/9/23","11-12",2,"DGS","Raptor","Falco tinnunculus","Common Kestrel"
"117","2023/9/23","11-12",3,"DGS","Raptor","Falco subbuteo","Eurasian Hobby"
"118","2023/9/23","11-12",1,"DGS","Raptor","Raptors (unidentified)","Unidentified Raptors"
"119","2023/9/23","11-12",10,"DGS","Else","Delichon dasypus/lagopodum","Asian/Siberian House Martin"
"120","2023/9/23","12-13",1,"DGS","Raptor","Tachyspiza soloensis","Chinese Sparrowhawk"
"121","2023/9/23","12-13",2,"DGS","Raptor","Falco tinnunculus","Common Kestrel"
"122","2023/9/23","12-13",3,"DGS","Raptor","Falco subbuteo","Eurasian Hobby"
"123","2023/9/23","12-13",1,"DGS","Raptor","Falco peregrinus","Peregrine Falcon"
"124","2023/9/23","12-13",1,"DGS","Raptor","Raptors (unidentified)","Unidentified Raptors"
"125","2023/9/23","13-14",1,"DGS","Raptor","Pandion haliaetus","Osprey"
"126","2023/9/23","13-14",7,"DGS","Raptor","Pernis ptilorhynchus","Crested Honey-buzzard"
"127","2023/9/23","13-14",30,"DGS","Raptor","Tachyspiza soloensis","Chinese Sparrowhawk"
"128","2023/9/23","13-14",1,"DGS","Raptor","Falco subbuteo","Eurasian Hobby"
"129","2023/9/23","13-14",1,"DGS","Raptor","Falco sp.","Unidentified Falcons"
"130","2023/9/23","14-15",19,"DGS","Raptor","Tachyspiza soloensis","Chinese Sparrowhawk"
"131","2023/9/23","14-15",3,"DGS","Raptor","Tachyspiza gularis","Japanese Sparrowhawk"
"132","2023/9/23","14-15",3,"DGS","Raptor","Falco subbuteo","Eurasian Hobby"
"133","2023/9/23","14-15",1,"DGS","Raptor","Ictinaetus malaiensis","Black Eagle"
"134","2023/9/23","14-15",3,"DGS","Raptor","Raptors (unidentified)","Unidentified Raptors"
"135","2023/9/23","15-16",1,"DGS","Raptor","Pandion haliaetus","Osprey"
"136","2023/9/23","15-16",1,"DGS","Raptor","Pernis ptilorhynchus","Crested Honey-buzzard"
"137","2023/9/23","15-16",1,"DGS","Raptor","Falco subbuteo","Eurasian Hobby"
"138","2023/9/23","16-17",1,"DGS","Raptor","Pernis ptilorhynchus","Crested Honey-buzzard"
"139","2023/9/23","16-17",3,"DGS","Raptor","Falco subbuteo","Eurasian Hobby"
"140","2023/9/23","16-17",1,"DGS","Raptor","Raptors (unidentified)","Unidentified Raptors"
"141","2023/9/24","7-8",2,"DGS","Else","Hierococcyx hyperythrus","Northern Hawk-Cuckoo"
"142","2023/9/24","9-10",70,"DGS","Raptor","Tachyspiza soloensis","Chinese Sparrowhawk"
"143","2023/9/24","9-10",2,"DGS","Raptor","Tachyspiza gularis","Japanese Sparrowhawk"
"144","2023/9/24","9-10",1,"DGS","Raptor","Falco tinnunculus","Common Kestrel"
"145","2023/9/24","9-10",1,"DGS","Raptor","Falco subbuteo","Eurasian Hobby"
"146","2023/9/24","9-10",1,"DGS","Swift","Hirundapus caudacutus","White-throated Needletail"
"147","2023/9/24","9-10",1,"DGS","Else","Cuculus optatus","Oriental Cuckoo"
"148","2023/9/24","10-11",1,"DGS","Raptor","Tachyspiza soloensis","Chinese Sparrowhawk"
"149","2023/9/24","10-11",1,"DGS","Raptor","Tachyspiza gularis","Japanese Sparrowhawk"
"150","2023/9/24","10-11",2,"DGS","Raptor","Raptors (unidentified)","Unidentified Raptors"
"151","2023/9/24","10-11",1,"DGS","Swift","Hirundapus caudacutus","White-throated Needletail"
"152","2023/9/24","10-11",1,"DGS","Swift","Aerodramus brevirostris","Himalayan Swiftlet"
"153","2023/9/24","11-12",1,"DGS","Raptor","Pernis ptilorhynchus","Crested Honey-buzzard"
"154","2023/9/24","11-12",8,"DGS","Raptor","Tachyspiza soloensis","Chinese Sparrowhawk"
"155","2023/9/24","11-12",7,"DGS","Raptor","Falco subbuteo","Eurasian Hobby"
"156","2023/9/24","11-12",3,"DGS","Swift","Hirundapus caudacutus","White-throated Needletail"
"157","2023/9/24","11-12",1,"DGS","Else","Delichon dasypus/lagopodum","Asian/Siberian House Martin"
"158","2023/9/24","12-13",1,"DGS","Raptor","Pandion haliaetus","Osprey"
"159","2023/9/24","12-13",3,"DGS","Raptor","Pernis ptilorhynchus","Crested Honey-buzzard"
"160","2023/9/24","12-13",1,"DGS","Raptor","Tachyspiza gularis","Japanese Sparrowhawk"
"161","2023/9/24","12-13",2,"DGS","Raptor","Falco subbuteo","Eurasian Hobby"
"162","2023/9/24","12-13",3,"DGS","Swift","Hirundapus caudacutus","White-throated Needletail"
"163","2023/9/24","12-13",23,"DGS","Swift","Apus pacificus","Pacific Swift"
"164","2023/9/24","12-13",1,"DGS","Else","Delichon dasypus/lagopodum","Asian/Siberian House Martin"
"165","2023/9/24","13-14",1,"DGS","Raptor","Pandion haliaetus","Osprey"
"166","2023/9/24","13-14",1,"DGS","Raptor","Tachyspiza soloensis","Chinese Sparrowhawk"
"167","2023/9/24","13-14",1,"DGS","Raptor","Falco subbuteo","Eurasian Hobby"
"168","2023/9/24","13-14",2,"DGS","Swift","Hirundapus caudacutus","White-throated Needletail"
"169","2023/9/24","13-14",10,"DGS","Swift","Apus pacificus","Pacific Swift"
"170","2023/9/24","13-14",1,"DGS","Swift","Aerodramus brevirostris","Himalayan Swiftlet"
"171","2023/9/24","13-14",5,"DGS","Else","Delichon dasypus/lagopodum","Asian/Siberian House Martin"
"172","2023/9/24","14-15",4,"DGS","Raptor","Falco subbuteo","Eurasian Hobby"
"173","2023/9/24","14-15",2,"DGS","Swift","Apus pacificus","Pacific Swift"
"174","2023/9/24","14-15",6,"DGS","Swift","Aerodramus brevirostris","Himalayan Swiftlet"
"175","2023/9/24","15-16",5,"DGS","Raptor","Falco subbuteo","Eurasian Hobby"
"176","2023/9/24","15-16",2,"DGS","Swift","Hirundapus caudacutus","White-throated Needletail"
"177","2023/9/24","15-16",15,"DGS","Swift","Apus pacificus","Pacific Swift"
"178","2023/9/24","15-16",3,"DGS","Swift","Aerodramus brevirostris","Himalayan Swiftlet"
"179","2023/9/24","15-16",5,"DGS","Else","Delichon dasypus/lagopodum","Asian/Siberian House Martin"
"180","2023/9/24","16-17",2,"DGS","Raptor","Falco subbuteo","Eurasian Hobby"
"181","2023/9/24","16-17",17,"DGS","Swift","Hirundapus caudacutus","White-throated Needletail"
"182","2023/9/24","16-17",10,"DGS","Swift","Apus pacificus","Pacific Swift"
"183","2023/9/24","16-17",2,"DGS","Swift","Aerodramus brevirostris","Himalayan Swiftlet"
"184","2023/9/25","7-8",1,"DGS","Raptor","Pandion haliaetus","Osprey"
"185","2023/9/25","7-8",16,"DGS","Raptor","Tachyspiza soloensis","Chinese Sparrowhawk"
"186","2023/9/25","7-8",1,"DGS","Raptor","Tachyspiza gularis","Japanese Sparrowhawk"
"187","2023/9/25","7-8",2,"DGS","Raptor","Falco tinnunculus","Common Kestrel"
"188","2023/9/25","7-8",2,"DGS","Raptor","Falco subbuteo","Eurasian Hobby"
"189","2023/9/25","7-8",4,"DGS","Raptor","Eagles (unidentified)","Unidentified Eagles"
"190","2023/9/25","8-9",3,"DGS","Raptor","Pernis ptilorhynchus","Crested Honey-buzzard"
"191","2023/9/25","8-9",1,"DGS","Raptor","Tachyspiza soloensis","Chinese Sparrowhawk"
"192","2023/9/25","8-9",3,"DGS","Raptor","Falco subbuteo","Eurasian Hobby"
"193","2023/9/25","8-9",1,"DGS","Raptor","Falco peregrinus","Peregrine Falcon"
"194","2023/9/25","9-10",2,"DGS","Raptor","Pandion haliaetus","Osprey"
"195","2023/9/25","9-10",2,"DGS","Raptor","Lophospiza trivirgata","Crested Goshawk"
"196","2023/9/25","9-10",2,"DGS","Raptor","Tachyspiza soloensis","Chinese Sparrowhawk"
"197","2023/9/25","9-10",1,"DGS","Raptor","Tachyspiza gularis","Japanese Sparrowhawk"
"198","2023/9/25","9-10",3,"DGS","Raptor","Falco tinnunculus","Common Kestrel"
"199","2023/9/25","9-10",2,"DGS","Raptor","Falco subbuteo","Eurasian Hobby"
"200","2023/9/25","9-10",2,"DGS","Raptor","Eagles (unidentified)","Unidentified Eagles"
"201","2023/9/25","9-10",2,"DGS","Raptor","Raptors (unidentified)","Unidentified Raptors"
"202","2023/9/25","9-10",1,"DGS","Swift","Hirundapus caudacutus","White-throated Needletail"
"203","2023/9/25","10-11",2,"DGS","Raptor","Lophospiza trivirgata","Crested Goshawk"
"204","2023/9/25","10-11",4,"DGS","Raptor","Pernis ptilorhynchus","Crested Honey-buzzard"
"205","2023/9/25","10-11",1,"DGS","Raptor","Falco tinnunculus","Common Kestrel"
"206","2023/9/25","10-11",2,"DGS","Raptor","Falco subbuteo","Eurasian Hobby"
"207","2023/9/25","10-11",2,"DGS","Swift","Hirundapus caudacutus","White-throated Needletail"
"208","2023/9/25","11-12",1,"DGS","Raptor","Tachyspiza soloensis","Chinese Sparrowhawk"
"209","2023/9/25","11-12",2,"DGS","Raptor","Falco tinnunculus","Common Kestrel"
"210","2023/9/25","11-12",1,"DGS","Raptor","Falco sp.","Unidentified Falcons"
"211","2023/9/25","12-13",3,"DGS","Raptor","Pandion haliaetus","Osprey"
"212","2023/9/25","12-13",1,"DGS","Raptor","Pernis ptilorhynchus","Crested Honey-buzzard"
"213","2023/9/25","13-14",3,"DGS","Raptor","Pandion haliaetus","Osprey"
"214","2023/9/25","13-14",11,"DGS","Raptor","Falco subbuteo","Eurasian Hobby"
"215","2023/9/25","14-15",1,"DGS","Raptor","Pandion haliaetus","Osprey"
"216","2023/9/25","14-15",3,"DGS","Raptor","Falco tinnunculus","Common Kestrel"
"217","2023/9/25","14-15",3,"DGS","Raptor","Falco subbuteo","Eurasian Hobby"
"218","2023/9/25","14-15",1,"DGS","Raptor","Falco peregrinus","Peregrine Falcon"
"219","2023/9/25","14-15",1,"DGS","Swift","Hirundapus caudacutus","White-throated Needletail"
"220","2023/9/25","15-16",1,"DGS","Raptor","Pernis ptilorhynchus","Crested Honey-buzzard"
"221","2023/9/25","15-16",1,"DGS","Raptor","Falco tinnunculus","Common Kestrel"
"222","2023/9/25","15-16",2,"DGS","Raptor","Falco subbuteo","Eurasian Hobby"
"223","2023/9/25","16-17",6,"DGS","Raptor","Falco subbuteo","Eurasian Hobby"
"224","2023/9/25","13-14",1,"DGS","Raptor","Circus spilonotus","Eastern Marsh Harrier"
"225","2023/9/25","Unknown",1,"DGS","Raptor","Otus sunia","Oriental Scops Owl"
"226","2023/9/26","7-8",1,"DGS","Raptor","Pernis ptilorhynchus","Crested Honey-buzzard"
"227","2023/9/26","7-8",2,"DGS","Raptor","Tachyspiza soloensis","Chinese Sparrowhawk"
"228","2023/9/26","7-8",1,"DGS","Raptor","Tachyspiza gularis","Japanese Sparrowhawk"
"229","2023/9/26","7-8",2,"DGS","Raptor","Eagles (unidentified)","Unidentified Eagles"
"230","2023/9/26","7-8",1,"DGS","Raptor","Butastur indicus","Grey-faced Buzzard"
"231","2023/9/26","8-9",1,"DGS","Raptor","Pernis ptilorhynchus","Crested Honey-buzzard"
"232","2023/9/26","8-9",4,"DGS","Raptor","Tachyspiza soloensis","Chinese Sparrowhawk"
"233","2023/9/26","8-9",4,"DGS","Raptor","Tachyspiza gularis","Japanese Sparrowhawk"
"234","2023/9/26","9-10",1,"DGS","Raptor","Pernis ptilorhynchus","Crested Honey-buzzard"
"235","2023/9/26","9-10",2,"DGS","Raptor","Falco subbuteo","Eurasian Hobby"
"236","2023/9/26","10-11",1,"DGS","Raptor","Falco tinnunculus","Common Kestrel"
"237","2023/9/26","10-11",2,"DGS","Raptor","Falco subbuteo","Eurasian Hobby"
"238","2023/9/26","11-12",1,"DGS","Raptor","Tachyspiza soloensis","Chinese Sparrowhawk"
"239","2023/9/26","11-12",5,"DGS","Raptor","Falco subbuteo","Eurasian Hobby"
"240","2023/9/26","14-15",1,"DGS","Raptor","Tachyspiza soloensis","Chinese Sparrowhawk"
"241","2023/9/27","7-8",1,"DGS","Raptor","Tachyspiza gularis","Japanese Sparrowhawk"
"242","2023/9/27","7-8",1,"DGS","Raptor","Falco tinnunculus","Common Kestrel"
"243","2023/9/27","7-8",1,"DGS","Swift","Hirundapus caudacutus","White-throated Needletail"
"244","2023/9/27","8-9",7,"DGS","Raptor","Tachyspiza soloensis","Chinese Sparrowhawk"
"245","2023/9/27","8-9",1,"DGS","Raptor","Falco sp.","Unidentified Falcons"
"246","2023/9/27","9-10",1,"DGS","Raptor","Tachyspiza soloensis","Chinese Sparrowhawk"
"247","2023/9/27","9-10",1,"DGS","Raptor","Tachyspiza gularis","Japanese Sparrowhawk"
"248","2023/9/27","9-10",1,"DGS","Raptor","Falco tinnunculus","Common Kestrel"
"249","2023/9/27","9-10",1,"DGS","Raptor","Eagles (unidentified)","Unidentified Eagles"
"250","2023/9/27","10-11",1,"DGS","Raptor","Falco subbuteo","Eurasian Hobby"
"251","2023/9/27","10-11",1,"DGS","Swift","Hirundapus caudacutus","White-throated Needletail"
"252","2023/9/27","11-12",1,"DGS","Raptor","Falco sp.","Unidentified Falcons"
"253","2023/9/27","12-13",1,"DGS","Raptor","Pernis ptilorhynchus","Crested Honey-buzzard"
"254","2023/9/27","12-13",3,"DGS","Raptor","Tachyspiza soloensis","Chinese Sparrowhawk"
"255","2023/9/27","12-13",1,"DGS","Raptor","Raptors (unidentified)","Unidentified Raptors"
"256","2023/9/27","13-14",1,"DGS","Raptor","Pandion haliaetus","Osprey"
"257","2023/9/27","13-14",1,"DGS","Raptor","Tachyspiza soloensis","Chinese Sparrowhawk"
"258","2023/9/27","13-14",1,"DGS","Raptor","Falco subbuteo","Eurasian Hobby"
"259","2023/9/27","13-14",1,"DGS","Swift","Hirundapus caudacutus","White-throated Needletail"
"260","2023/9/27","13-14",1,"DGS","Swift","Apus pacificus","Pacific Swift"
"261","2023/9/27","16-17",1,"DGS","Raptor","Falco subbuteo","Eurasian Hobby"
"262","2023/9/28","7-8",1,"DGS","Raptor","Tachyspiza soloensis","Chinese Sparrowhawk"
"263","2023/9/28","8-9",1,"DGS","Raptor","Tachyspiza soloensis","Chinese Sparrowhawk"
"264","2023/9/28","9-10",2,"DGS","Raptor","Lophospiza trivirgata","Crested Goshawk"
"265","2023/9/28","11-12",1,"DGS","Raptor","Falco tinnunculus","Common Kestrel"
"266","2023/9/28","12-13",1,"DGS","Raptor","Pernis ptilorhynchus","Crested Honey-buzzard"
"267","2023/9/28","12-13",3,"DGS","Raptor","Falco tinnunculus","Common Kestrel"
"268","2023/9/28","12-13",1,"DGS","Raptor","Falco subbuteo","Eurasian Hobby"
"269","2023/9/28","13-14",1,"DGS","Raptor","Pernis ptilorhynchus","Crested Honey-buzzard"
"270","2023/9/28","13-14",1,"DGS","Raptor","Falco tinnunculus","Common Kestrel"
"271","2023/9/28","13-14",1,"DGS","Raptor","Falco subbuteo","Eurasian Hobby"
"272","2023/9/28","13-14",1,"DGS","Raptor","Raptors (unidentified)","Unidentified Raptors"
"273","2023/9/28","13-14",19,"DGS","Swift","Hirundapus caudacutus","White-throated Needletail"
"274","2023/9/28","13-14",3,"DGS","Else","Delichon dasypus/lagopodum","Asian/Siberian House Martin"
"275","2023/9/28","14-15",4,"DGS","Raptor","Falco subbuteo","Eurasian Hobby"
"276","2023/9/28","14-15",25,"DGS","Swift","Hirundapus caudacutus","White-throated Needletail"
"277","2023/9/28","14-15",1,"DGS","Else","Delichon dasypus/lagopodum","Asian/Siberian House Martin"
"278","2023/9/28","15-16",1,"DGS","Raptor","Tachyspiza soloensis","Chinese Sparrowhawk"
"279","2023/9/28","15-16",26,"DGS","Swift","Hirundapus caudacutus","White-throated Needletail"
"280","2023/9/28","16-17",1,"DGS","Raptor","Eagles (unidentified)","Unidentified Eagles"
"281","2023/9/29","7-8",8,"DGS","Swift","Apus pacificus","Pacific Swift"
"282","2023/9/29","7-8",1,"DGS","Else","Delichon dasypus/lagopodum","Asian/Siberian House Martin"
"283","2023/9/29","8-9",2,"DGS","Raptor","Pernis ptilorhynchus","Crested Honey-buzzard"
"284","2023/9/29","8-9",3,"DGS","Raptor","Falco tinnunculus","Common Kestrel"
"285","2023/9/29","8-9",32,"DGS","Swift","Hirundapus caudacutus","White-throated Needletail"
"286","2023/9/29","8-9",1,"DGS","Swift","Apus pacificus","Pacific Swift"
"287","2023/9/29","9-10",1,"DGS","Raptor","Pernis ptilorhynchus","Crested Honey-buzzard"
"288","2023/9/29","9-10",1,"DGS","Raptor","Lophospiza trivirgata","Crested Goshawk"
"289","2023/9/29","9-10",1,"DGS","Raptor","Tachyspiza soloensis","Chinese Sparrowhawk"
"290","2023/9/29","9-10",1,"DGS","Raptor","Falco tinnunculus","Common Kestrel"
"291","2023/9/29","9-10",1,"DGS","Raptor","Eagles (unidentified)","Unidentified Eagles"
"292","2023/9/29","9-10",1,"DGS","Raptor","Raptors (unidentified)","Unidentified Raptors"
"293","2023/9/29","9-10",5,"DGS","Swift","Hirundapus caudacutus","White-throated Needletail"
"294","2023/9/29","10-11",1,"DGS","Raptor","Tachyspiza gularis","Japanese Sparrowhawk"
"295","2023/9/29","10-11",1,"DGS","Swift","Apus pacificus","Pacific Swift"
"296","2023/9/29","11-12",1,"DGS","Raptor","Lophospiza trivirgata","Crested Goshawk"
"297","2023/9/29","11-12",1,"DGS","Raptor","Tachyspiza soloensis","Chinese Sparrowhawk"
"298","2023/9/29","11-12",2,"DGS","Raptor","Raptors (unidentified)","Unidentified Raptors"
"299","2023/9/29","14-15",3,"DGS","Raptor","Raptors (unidentified)","Unidentified Raptors"
"300","2023/9/29","15-16",2,"DGS","Raptor","Lophospiza trivirgata","Crested Goshawk"
"301","2023/9/29","16-17",1,"DGS","Raptor","Falco subbuteo","Eurasian Hobby"
"302","2023/9/29","17-17:30",2,"DGS","Swift","Hirundapus caudacutus","White-throated Needletail"
"303","2023/9/30","7-8",1,"DGS","Raptor","Lophospiza trivirgata","Crested Goshawk"
"304","2023/9/30","7-8",3,"DGS","Swift","Hirundapus caudacutus","White-throated Needletail"
"305","2023/9/30","8-9",2,"DGS","Raptor","Lophospiza trivirgata","Crested Goshawk"
"306","2023/9/30","8-9",1,"DGS","Raptor","Falco tinnunculus","Common Kestrel"
"307","2023/9/30","8-9",1,"DGS","Raptor","Ictinaetus malaiensis","Black Eagle"
"308","2023/9/30","8-9",12,"DGS","Swift","Hirundapus caudacutus","White-throated Needletail"
"309","2023/9/30","9-10",2,"DGS","Raptor","Lophospiza trivirgata","Crested Goshawk"
"310","2023/9/30","9-10",1,"DGS","Raptor","Tachyspiza soloensis","Chinese Sparrowhawk"
"311","2023/9/30","9-10",4,"DGS","Raptor","Tachyspiza gularis","Japanese Sparrowhawk"
"312","2023/9/30","9-10",1,"DGS","Raptor","Falco tinnunculus","Common Kestrel"
"313","2023/9/30","9-10",1,"DGS","Raptor","Falco subbuteo","Eurasian Hobby"
"314","2023/9/30","9-10",4,"DGS","Swift","Hirundapus caudacutus","White-throated Needletail"
"315","2023/9/30","10-11",2,"DGS","Raptor","Pandion haliaetus","Osprey"
"316","2023/9/30","10-11",7,"DGS","Raptor","Tachyspiza gularis","Japanese Sparrowhawk"
"317","2023/9/30","10-11",1,"DGS","Raptor","Falco tinnunculus","Common Kestrel"
"318","2023/9/30","10-11",4,"DGS","Raptor","Falco subbuteo","Eurasian Hobby"
"319","2023/9/30","11-12",2,"DGS","Raptor","Pandion haliaetus","Osprey"
"320","2023/9/30","11-12",3,"DGS","Raptor","Pernis ptilorhynchus","Crested Honey-buzzard"
"321","2023/9/30","11-12",1,"DGS","Raptor","Tachyspiza gularis","Japanese Sparrowhawk"
"322","2023/9/30","11-12",1,"DGS","Raptor","Falco tinnunculus","Common Kestrel"
"323","2023/9/30","11-12",6,"DGS","Raptor","Falco subbuteo","Eurasian Hobby"
"324","2023/9/30","11-12",1,"DGS","Raptor","Falco peregrinus","Peregrine Falcon"
"325","2023/9/30","11-12",1,"DGS","Raptor","Eagles (unidentified)","Unidentified Eagles"
"326","2023/9/30","11-12",6,"DGS","Swift","Hirundapus caudacutus","White-throated Needletail"
"327","2023/9/30","11-12",14,"DGS","Swift","Apus pacificus","Pacific Swift"
"328","2023/9/30","11-12",2,"DGS","Else","Delichon dasypus/lagopodum","Asian/Siberian House Martin"
"329","2023/9/30","12-13",2,"DGS","Raptor","Pernis ptilorhynchus","Crested Honey-buzzard"
"330","2023/9/30","12-13",1,"DGS","Raptor","Tachyspiza gularis","Japanese Sparrowhawk"
"331","2023/9/30","12-13",1,"DGS","Raptor","Milvus migrans","Black Kite"
"332","2023/9/30","12-13",1,"DGS","Raptor","Falco peregrinus","Peregrine Falcon"
"333","2023/9/30","12-13",1,"DGS","Raptor","Falco tinnunculus","Common Kestrel"
"334","2023/9/30","12-13",1,"DGS","Raptor","Falco sp.","Unidentified Falcons"
"335","2023/9/30","12-13",3,"DGS","Swift","Hirundapus caudacutus","White-throated Needletail"
"336","2023/9/30","12-13",2,"DGS","Else","Delichon dasypus/lagopodum","Asian/Siberian House Martin"
"337","2023/9/30","13-14",1,"DGS","Raptor","Pandion haliaetus","Osprey"
"338","2023/9/30","13-14",2,"DGS","Raptor","Pernis ptilorhynchus","Crested Honey-buzzard"
"339","2023/9/30","13-14",1,"DGS","Raptor","Tachyspiza soloensis","Chinese Sparrowhawk"
"340","2023/9/30","13-14",1,"DGS","Raptor","Tachyspiza gularis","Japanese Sparrowhawk"
"341","2023/9/30","13-14",1,"DGS","Raptor","Circus melanoleucos","Pied Harrier"
"342","2023/9/30","13-14",5,"DGS","Raptor","Falco subbuteo","Eurasian Hobby"
"343","2023/9/30","13-14",11,"DGS","Swift","Hirundapus caudacutus","White-throated Needletail"
"344","2023/9/30","14-15",7,"DGS","Raptor","Pernis ptilorhynchus","Crested Honey-buzzard"
"345","2023/9/30","14-15",4,"DGS","Raptor","Tachyspiza gularis","Japanese Sparrowhawk"
"346","2023/9/30","14-15",1,"DGS","Raptor","Falco tinnunculus","Common Kestrel"
"347","2023/9/30","14-15",5,"DGS","Raptor","Falco subbuteo","Eurasian Hobby"
"348","2023/9/30","14-15",2,"DGS","Raptor","Falco peregrinus","Peregrine Falcon"
"349","2023/9/30","14-15",2,"DGS","Raptor","Raptors (unidentified)","Unidentified Raptors"
"350","2023/9/30","14-15",54,"DGS","Swift","Hirundapus caudacutus","White-throated Needletail"
"351","2023/9/30","14-15",1,"DGS","Swift","Aerodramus brevirostris","Himalayan Swiftlet"
"352","2023/9/30","14-15",1,"DGS","Else","Delichon dasypus/lagopodum","Asian/Siberian House Martin"
"353","2023/9/30","14-15",3,"DGS","Else","Delichon dasypus/lagopodum","Asian/Siberian House Martin"
"354","2023/9/30","15-16",1,"DGS","Raptor","Pandion haliaetus","Osprey"
"355","2023/9/30","15-16",2,"DGS","Raptor","Pernis ptilorhynchus","Crested Honey-buzzard"
"356","2023/9/30","15-16",1,"DGS","Raptor","Tachyspiza gularis","Japanese Sparrowhawk"
"357","2023/9/30","15-16",15,"DGS","Raptor","Falco subbuteo","Eurasian Hobby"
"358","2023/9/30","15-16",2,"DGS","Raptor","Falco peregrinus","Peregrine Falcon"
"359","2023/9/30","15-16",16,"DGS","Swift","Hirundapus caudacutus","White-throated Needletail"
"360","2023/9/30","15-16",2,"DGS","Swift","Apus pacificus","Pacific Swift"
"361","2023/9/30","15-16",1,"DGS","Swift","Aerodramus brevirostris","Himalayan Swiftlet"
"362","2023/9/30","15-16",2,"DGS","Else","Delichon dasypus/lagopodum","Asian/Siberian House Martin"
"363","2023/9/30","16-17",1,"DGS","Raptor","Pernis ptilorhynchus","Crested Honey-buzzard"
"364","2023/9/30","16-17",11,"DGS","Raptor","Falco subbuteo","Eurasian Hobby"
"365","2023/9/30","16-17",77,"DGS","Swift","Hirundapus caudacutus","White-throated Needletail"
"366","2023/9/30","16-17",60,"DGS","Else","Delichon dasypus/lagopodum","Asian/Siberian House Martin"
"367","2023/9/30","17-17:30",1,"DGS","Raptor","Tachyspiza gularis","Japanese Sparrowhawk"
"368","2023/9/30","17-17:30",3,"DGS","Raptor","Falco subbuteo","Eurasian Hobby"
"369","2023/9/30","17-17:30",10,"DGS","Swift","Hirundapus caudacutus","White-throated Needletail"
"370","2023/9/30","17-17:30",3,"DGS","Swift","Apus pacificus","Pacific Swift"
"371","2023/10/1","Before 7",2,"DGS","Raptor","Pernis ptilorhynchus","Crested Honey-buzzard"
"372","2023/10/1","Before 7",1,"CS ","Raptor","Tachyspiza gularis","Japanese Sparrowhawk"
"373","2023/10/1","Before 7",1,"DGS","Raptor","Tachyspiza gularis","Japanese Sparrowhawk"
"374","2023/10/1","Before 7",11,"CS ","Swift","Hirundapus caudacutus","White-throated Needletail"
"375","2023/10/1","Before 7",7,"DGS","Swift","Hirundapus caudacutus","White-throated Needletail"
"376","2023/10/1","Before 7",1,"DGS","Else","Delichon dasypus/lagopodum","Asian/Siberian House Martin"
"377","2023/10/1","7-8",3,"CS ","Raptor","Pernis ptilorhynchus","Crested Honey-buzzard"
"378","2023/10/1","7-8",4,"DGS","Raptor","Pernis ptilorhynchus","Crested Honey-buzzard"
"379","2023/10/1","7-8",1,"CS ","Raptor","Tachyspiza soloensis","Chinese Sparrowhawk"
"380","2023/10/1","7-8",3,"DGS","Raptor","Tachyspiza soloensis","Chinese Sparrowhawk"
"381","2023/10/1","7-8",2,"DGS","Raptor","Falco tinnunculus","Common Kestrel"
"382","2023/10/1","7-8",2,"DGS","Raptor","Falco subbuteo","Eurasian Hobby"
"383","2023/10/1","7-8",4,"DGS","Else","Delichon dasypus/lagopodum","Asian/Siberian House Martin"
"384","2023/10/1","7-8",1,"DGS","Else","Anthus gustavi","Pechora Pipit"
"385","2023/10/1","8-9",5,"CS ","Raptor","Pernis ptilorhynchus","Crested Honey-buzzard"
"386","2023/10/1","8-9",9,"DGS","Raptor","Pernis ptilorhynchus","Crested Honey-buzzard"
"387","2023/10/1","8-9",1,"CS ","Raptor","Tachyspiza soloensis","Chinese Sparrowhawk"
"388","2023/10/1","8-9",2,"DGS","Raptor","Tachyspiza soloensis","Chinese Sparrowhawk"
"389","2023/10/1","8-9",1,"CS ","Raptor","Tachyspiza gularis","Japanese Sparrowhawk"
"390","2023/10/1","8-9",1,"DGS","Raptor","Tachyspiza gularis","Japanese Sparrowhawk"
"391","2023/10/1","8-9",9,"DGS","Swift","Hirundapus caudacutus","White-throated Needletail"
"392","2023/10/1","8-9",4,"DGS","Else","Delichon dasypus/lagopodum","Asian/Siberian House Martin"
"393","2023/10/1","9-10",14,"CS ","Raptor","Pernis ptilorhynchus","Crested Honey-buzzard"
"394","2023/10/1","9-10",30,"DGS","Raptor","Pernis ptilorhynchus","Crested Honey-buzzard"
"395","2023/10/1","9-10",3,"CS ","Swift","Hirundapus caudacutus","White-throated Needletail"
"396","2023/10/1","9-10",2,"DGS","Swift","Hirundapus caudacutus","White-throated Needletail"
"397","2023/10/1","9-10",1,"DGS","Else","Delichon dasypus/lagopodum","Asian/Siberian House Martin"
"398","2023/10/1","9-10",1,"DGS","Else","Phylloscopus plumbeitarsus","Two-barred Warbler"
"399","2023/10/1","10-11",1,"CS ","Raptor","Butastur indicus","Grey-faced Buzzard"
"400","2023/10/1","10-11",2,"DGS","Raptor","Butastur indicus","Grey-faced Buzzard"
"401","2023/10/1","10-11",8,"DGS","Raptor","Raptors (unidentified)","Unidentified Raptors"
"402","2023/10/1","11-12",1,"CS ","Raptor","Lophospiza trivirgata","Crested Goshawk"
"403","2023/10/1","11-12",1,"DGS","Raptor","Lophospiza trivirgata","Crested Goshawk"
"404","2023/10/1","11-12",1,"DGS","Raptor","Tachyspiza gularis","Japanese Sparrowhawk"
"405","2023/10/1","12-13",1,"DGS","Raptor","Falco subbuteo","Eurasian Hobby"
"406","2023/10/1","13-14",1,"DGS","Raptor","Eagles (unidentified)","Unidentified Eagles"
"407","2023/10/1","15-16",1,"DGS","Raptor","Pandion haliaetus","Osprey"
"408","2023/10/1","15-16",1,"CS ","Raptor","Falco subbuteo","Eurasian Hobby"
"409","2023/10/1","15-16",1,"DGS","Raptor","Falco subbuteo","Eurasian Hobby"
"410","2023/10/1","15-16",2,"DGS","Raptor","Raptors (unidentified)","Unidentified Raptors"
"411","2023/10/1","15-16",3,"DGS","Else","Delichon dasypus/lagopodum","Asian/Siberian House Martin"
"412","2023/10/1","16-17",1,"DGS","Raptor","Pernis ptilorhynchus","Crested Honey-buzzard"
"413","2023/10/1","16-17",3,"DGS","Else","Delichon dasypus/lagopodum","Asian/Siberian House Martin"
"414","2023/10/1","16-17",1,"DGS","Else","Anser albifrons","Greater White-fronted Goose"
"415","2023/10/1","17-17:30",2,"DGS","Else","Delichon dasypus/lagopodum","Asian/Siberian House Martin"
"416","2023/10/1","Before 7",1,"CS ","Raptor","Eagles (unidentified)","Unidentified Eagles"
"417","2023/10/1","7-8",1,"CS ","Raptor","Falco peregrinus","Peregrine Falcon"
"418","2023/10/1","7-8",8,"CS ","Swift","Hirundapus caudacutus","White-throated Needletail"
"419","2023/10/1","9-10",1,"CS ","Raptor","Lophospiza trivirgata","Crested Goshawk"
"420","2023/10/1","9-10",7,"CS ","Raptor","Butastur indicus","Grey-faced Buzzard"
"421","2023/10/1","9-10",5,"CS ","Raptor","Falco tinnunculus","Common Kestrel"
"422","2023/10/1","9-10",1,"CS ","Raptor","Falco subbuteo","Eurasian Hobby"
"423","2023/10/1","10-11",1,"CS ","Raptor","Pernis ptilorhynchus","Crested Honey-buzzard"
"424","2023/10/1","10-11",3,"CS ","Raptor","Lophospiza trivirgata","Crested Goshawk"
"425","2023/10/1","10-11",1,"CS ","Raptor","Tachyspiza gularis","Japanese Sparrowhawk"
"426","2023/10/1","10-11",1,"CS ","Raptor","Falco tinnunculus","Common Kestrel"
"427","2023/10/1","10-11",1,"CS ","Raptor","Eagles (unidentified)","Unidentified Eagles"
"428","2023/10/1","10-11",1,"CS ","Raptor","Falco sp.","Unidentified Falcons"
"429","2023/10/1","11-12",3,"CS ","Raptor","Pernis ptilorhynchus","Crested Honey-buzzard"
"430","2023/10/1","11-12",11,"CS ","Raptor","Falco peregrinus","Peregrine Falcon"
"431","2023/10/1","11-12",1,"CS ","Swift","Apus pacificus","Pacific Swift"
"432","2023/10/1","12-13",2,"CS ","Raptor","Tachyspiza soloensis","Chinese Sparrowhawk"
"433","2023/10/1","12-13",1,"CS ","Raptor","Tachyspiza virgata","Besra"
"434","2023/10/1","12-13",1,"CS ","Raptor","Eagles (unidentified)","Unidentified Eagles"
"435","2023/10/1","12-13",2,"CS ","Swift","Apus pacificus","Pacific Swift"
"436","2023/10/1","13-14",1,"CS ","Raptor","Falco tinnunculus","Common Kestrel"
"437","2023/10/1","15-16",1,"CS ","Raptor","Butastur indicus","Grey-faced Buzzard"
"438","2023/10/1","15-16",2,"CS ","Raptor","Falco tinnunculus","Common Kestrel"
"439","2023/10/1","16-17",1,"CS ","Raptor","Falco peregrinus","Peregrine Falcon"
"440","2023/10/1","16-17",2,"CS ","Raptor","Raptors (unidentified)","Unidentified Raptors"
"441","2023/10/2","Before 7",1,"DGS","Else","Delichon dasypus/lagopodum","Asian/Siberian House Martin"
"442","2023/10/2","7-8",16,"CS ","Raptor","Pernis ptilorhynchus","Crested Honey-buzzard"
"443","2023/10/2","7-8",7,"DGS","Raptor","Pernis ptilorhynchus","Crested Honey-buzzard"
"444","2023/10/2","7-8",2,"DGS","Raptor","Lophospiza trivirgata","Crested Goshawk"
"445","2023/10/2","7-8",2,"DGS","Raptor","Tachyspiza soloensis","Chinese Sparrowhawk"
"446","2023/10/2","7-8",1,"CS ","Raptor","Tachyspiza gularis","Japanese Sparrowhawk"
"447","2023/10/2","7-8",1,"DGS","Raptor","Tachyspiza gularis","Japanese Sparrowhawk"
"448","2023/10/2","7-8",2,"CS ","Raptor","Eagles (unidentified)","Unidentified Eagles"
"449","2023/10/2","7-8",1,"DGS","Raptor","Eagles (unidentified)","Unidentified Eagles"
"450","2023/10/2","7-8",1,"DGS","Raptor","Raptors (unidentified)","Unidentified Raptors"
"451","2023/10/2","8-9",7,"CS ","Raptor","Pernis ptilorhynchus","Crested Honey-buzzard"
"452","2023/10/2","8-9",3,"DGS","Raptor","Pernis ptilorhynchus","Crested Honey-buzzard"
"453","2023/10/2","8-9",1,"DGS","Raptor","Tachyspiza soloensis","Chinese Sparrowhawk"
"454","2023/10/2","8-9",1,"DGS","Raptor","Milvus migrans","Black Kite"
"455","2023/10/2","8-9",4,"DGS","Raptor","Butastur indicus","Grey-faced Buzzard"
"456","2023/10/2","8-9",2,"DGS","Raptor","Falco subbuteo","Eurasian Hobby"
"457","2023/10/2","8-9",1,"DGS","Raptor","Falco sp.","Unidentified Falcons"
"458","2023/10/2","8-9",2,"DGS","Raptor","Raptors (unidentified)","Unidentified Raptors"
"459","2023/10/2","9-10",2,"DGS","Raptor","Lophospiza trivirgata","Crested Goshawk"
"460","2023/10/2","9-10",2,"DGS","Raptor","Tachyspiza gularis","Japanese Sparrowhawk"
"461","2023/10/2","9-10",2,"DGS","Raptor","Butastur indicus","Grey-faced Buzzard"
"462","2023/10/2","9-10",1,"DGS","Raptor","Buteo japonicus","Eastern Buzzard"
"463","2023/10/2","9-10",1,"DGS","Raptor","Falco tinnunculus","Common Kestrel"
"464","2023/10/2","9-10",7,"DGS","Raptor","Raptors (unidentified)","Unidentified Raptors"
"465","2023/10/2","10-11",1,"DGS","Raptor","Eagles (unidentified)","Unidentified Eagles"
"466","2023/10/2","11-12",1,"DGS","Raptor","Pernis ptilorhynchus","Crested Honey-buzzard"
"467","2023/10/2","11-12",1,"DGS","Raptor","Butastur indicus","Grey-faced Buzzard"
"468","2023/10/2","11-12",1,"DGS","Raptor","Falco tinnunculus","Common Kestrel"
"469","2023/10/2","11-12",1,"DGS","Swift","Aerodramus brevirostris","Himalayan Swiftlet"
"470","2023/10/2","13-14",1,"DGS","Else","Monticola gularis","White-throated Rock Thrush"
"471","2023/10/2","15-16",1,"CS ","Raptor","Falco subbuteo","Eurasian Hobby"
"472","2023/10/2","15-16",1,"DGS","Raptor","Falco subbuteo","Eurasian Hobby"
"473","2023/10/2","16-17",1,"CS ","Raptor","Falco subbuteo","Eurasian Hobby"
"474","2023/10/2","16-17",5,"DGS","Raptor","Falco subbuteo","Eurasian Hobby"
"475","2023/10/2","Before 7",1,"CS ","Swift","Aerodramus brevirostris","Himalayan Swiftlet"
"476","2023/10/2","7-8",4,"CS ","Raptor","Butastur indicus","Grey-faced Buzzard"
"477","2023/10/2","7-8",2,"CS ","Raptor","Falco tinnunculus","Common Kestrel"
"478","2023/10/2","7-8",3,"CS ","Swift","Apus pacificus","Pacific Swift"
"479","2023/10/2","8-9",2,"CS ","Raptor","Lophospiza trivirgata","Crested Goshawk"
"480","2023/10/2","8-9",2,"CS ","Raptor","Eagles (unidentified)","Unidentified Eagles"
"481","2023/10/2","8-9",6,"CS ","Swift","Aerodramus brevirostris","Himalayan Swiftlet"
"482","2023/10/2","9-10",6,"CS ","Raptor","Pernis ptilorhynchus","Crested Honey-buzzard"
"483","2023/10/2","9-10",1,"CS ","Swift","Hirundapus caudacutus","White-throated Needletail"
"484","2023/10/2","9-10",5,"CS ","Swift","Aerodramus brevirostris","Himalayan Swiftlet"
"485","2023/10/2","11-12",1,"CS ","Raptor","Tachyspiza gularis","Japanese Sparrowhawk"
"486","2023/10/2","11-12",3,"CS ","Raptor","Eagles (unidentified)","Unidentified Eagles"
"487","2023/10/2","17-17:30",3,"CS ","Raptor","Falco subbuteo","Eurasian Hobby"
"488","2023/10/2","17-17:30",3,"CS ","Swift","Hirundapus caudacutus","White-throated Needletail"
"489","2023/10/2","17-17:30",2,"CS ","Else","Delichon dasypus/lagopodum","Asian/Siberian House Martin"
"490","2023/10/3","Before 7",1,"DGS","Raptor","Falco tinnunculus","Common Kestrel"
"491","2023/10/3","Before 7",1,"DGS","Raptor","Falco subbuteo","Eurasian Hobby"
"492","2023/10/3","7-8",2,"DGS","Raptor","Falco subbuteo","Eurasian Hobby"
"493","2023/10/3","8-9",13,"CS ","Raptor","Pernis ptilorhynchus","Crested Honey-buzzard"
"494","2023/10/3","8-9",8,"DGS","Raptor","Pernis ptilorhynchus","Crested Honey-buzzard"
"495","2023/10/3","8-9",1,"DGS","Raptor","Falco subbuteo","Eurasian Hobby"
"496","2023/10/3","8-9",1,"DGS","Raptor","Falco peregrinus","Peregrine Falcon"
"497","2023/10/3","8-9",3,"DGS","Raptor","Raptors (unidentified)","Unidentified Raptors"
"498","2023/10/3","9-10",1,"DGS","Raptor","Pandion haliaetus","Osprey"
"499","2023/10/3","9-10",26,"CS ","Raptor","Pernis ptilorhynchus","Crested Honey-buzzard"
"500","2023/10/3","9-10",2,"DGS","Raptor","Pernis ptilorhynchus","Crested Honey-buzzard"
"501","2023/10/3","9-10",2,"DGS","Raptor","Tachyspiza soloensis","Chinese Sparrowhawk"
"502","2023/10/3","9-10",2,"CS ","Raptor","Tachyspiza gularis","Japanese Sparrowhawk"
"503","2023/10/3","9-10",1,"DGS","Raptor","Tachyspiza gularis","Japanese Sparrowhawk"
"504","2023/10/3","9-10",1,"DGS","Raptor","Falco tinnunculus","Common Kestrel"
"505","2023/10/3","9-10",2,"CS ","Raptor","Falco subbuteo","Eurasian Hobby"
"506","2023/10/3","9-10",4,"DGS","Raptor","Falco subbuteo","Eurasian Hobby"
"507","2023/10/3","9-10",3,"DGS","Raptor","Raptors (unidentified)","Unidentified Raptors"
"508","2023/10/3","10-11",4,"CS ","Raptor","Pernis ptilorhynchus","Crested Honey-buzzard"
"509","2023/10/3","10-11",17,"DGS","Raptor","Pernis ptilorhynchus","Crested Honey-buzzard"
"510","2023/10/3","10-11",2,"DGS","Raptor","Tachyspiza gularis","Japanese Sparrowhawk"
"511","2023/10/3","10-11",4,"CS ","Raptor","Butastur indicus","Grey-faced Buzzard"
"512","2023/10/3","10-11",74,"DGS","Raptor","Butastur indicus","Grey-faced Buzzard"
"513","2023/10/3","10-11",1,"DGS","Raptor","Falco amurensis","Amur Falcon"
"514","2023/10/3","10-11",3,"CS ","Raptor","Falco subbuteo","Eurasian Hobby"
"515","2023/10/3","10-11",6,"DGS","Raptor","Falco subbuteo","Eurasian Hobby"
"516","2023/10/3","10-11",1,"DGS","Swift","Aerodramus brevirostris","Himalayan Swiftlet"
"517","2023/10/3","11-12",1,"CS ","Raptor","Pernis ptilorhynchus","Crested Honey-buzzard"
"518","2023/10/3","11-12",1,"DGS","Raptor","Pernis ptilorhynchus","Crested Honey-buzzard"
"519","2023/10/3","11-12",1,"CS ","Raptor","Tachyspiza soloensis","Chinese Sparrowhawk"
"520","2023/10/3","11-12",2,"DGS","Raptor","Tachyspiza soloensis","Chinese Sparrowhawk"
"521","2023/10/3","11-12",4,"DGS","Raptor","Tachyspiza gularis","Japanese Sparrowhawk"
"522","2023/10/3","11-12",1,"DGS","Raptor","Astur gentilis","Eurasian Goshawk"
"523","2023/10/3","11-12",34,"CS ","Raptor","Butastur indicus","Grey-faced Buzzard"
"524","2023/10/3","11-12",87,"DGS","Raptor","Butastur indicus","Grey-faced Buzzard"
"525","2023/10/3","11-12",3,"CS ","Raptor","Falco subbuteo","Eurasian Hobby"
"526","2023/10/3","11-12",3,"DGS","Raptor","Falco subbuteo","Eurasian Hobby"
"527","2023/10/3","11-12",3,"DGS","Raptor","Raptors (unidentified)","Unidentified Raptors"
"528","2023/10/3","12-13",1,"DGS","Raptor","Pernis ptilorhynchus","Crested Honey-buzzard"
"529","2023/10/3","12-13",1,"DGS","Raptor","Tachyspiza gularis","Japanese Sparrowhawk"
"530","2023/10/3","12-13",63,"CS ","Raptor","Butastur indicus","Grey-faced Buzzard"
"531","2023/10/3","12-13",25,"DGS","Raptor","Butastur indicus","Grey-faced Buzzard"
"532","2023/10/3","12-13",1,"CS ","Raptor","Falco subbuteo","Eurasian Hobby"
"533","2023/10/3","12-13",2,"DGS","Raptor","Falco subbuteo","Eurasian Hobby"
"534","2023/10/3","12-13",4,"DGS","Raptor","Raptors (unidentified)","Unidentified Raptors"
"535","2023/10/3","12-13",1,"CS ","Swift","Hirundapus caudacutus","White-throated Needletail"
"536","2023/10/3","12-13",2,"DGS","Swift","Hirundapus caudacutus","White-throated Needletail"
"537","2023/10/3","12-13",1,"DGS","Swift","Apus pacificus","Pacific Swift"
"538","2023/10/3","13-14",2,"CS ","Raptor","Tachyspiza gularis","Japanese Sparrowhawk"
"539","2023/10/3","13-14",1,"DGS","Raptor","Tachyspiza gularis","Japanese Sparrowhawk"
"540","2023/10/3","13-14",1,"DGS","Raptor","Falco amurensis","Amur Falcon"
"541","2023/10/3","13-14",4,"DGS","Raptor","Falco subbuteo","Eurasian Hobby"
"542","2023/10/3","14-15",39,"CS ","Raptor","Butastur indicus","Grey-faced Buzzard"
"543","2023/10/3","14-15",37,"DGS","Raptor","Butastur indicus","Grey-faced Buzzard"
"544","2023/10/3","14-15",3,"CS ","Raptor","Falco subbuteo","Eurasian Hobby"
"545","2023/10/3","14-15",8,"DGS","Raptor","Falco subbuteo","Eurasian Hobby"
"546","2023/10/3","15-16",1,"DGS","Raptor","Falco amurensis","Amur Falcon"
"547","2023/10/3","15-16",5,"CS ","Raptor","Falco subbuteo","Eurasian Hobby"
"548","2023/10/3","15-16",13,"DGS","Raptor","Falco subbuteo","Eurasian Hobby"
"549","2023/10/3","15-16",1,"DGS","Raptor","Falco peregrinus","Peregrine Falcon"
"550","2023/10/3","15-16",5,"DGS","Raptor","Falco sp.","Unidentified Falcons"
"551","2023/10/3","15-16",1,"DGS","Swift","Apus pacificus","Pacific Swift"
"552","2023/10/3","16-17",1,"DGS","Raptor","Circus spilonotus","Eastern Marsh Harrier"
"553","2023/10/3","16-17",1,"DGS","Raptor","Falco tinnunculus","Common Kestrel"
"554","2023/10/3","16-17",1,"DGS","Raptor","Falco subbuteo","Eurasian Hobby"
"555","2023/10/3","16-17",2,"DGS","Raptor","Falco sp.","Unidentified Falcons"
"556","2023/10/3","16-17",1,"DGS","Swift","Hirundapus caudacutus","White-throated Needletail"
"557","2023/10/3","16-17",32,"CS ","Else","Delichon dasypus/lagopodum","Asian/Siberian House Martin"
"558","2023/10/3","16-17",21,"DGS","Else","Delichon dasypus/lagopodum","Asian/Siberian House Martin"
"559","2023/10/3","17-17:30",1,"CS ","Swift","Apus pacificus","Pacific Swift"
"560","2023/10/3","17-17:30",1,"DGS","Swift","Apus pacificus","Pacific Swift"
"561","2023/10/3","Before 7",2,"CS ","Raptor","Tachyspiza gularis","Japanese Sparrowhawk"
"562","2023/10/3","7-8",3,"CS ","Raptor","Pernis ptilorhynchus","Crested Honey-buzzard"
"563","2023/10/3","7-8",1,"CS ","Raptor","Tachyspiza soloensis","Chinese Sparrowhawk"
"564","2023/10/3","7-8",1,"CS ","Raptor","Tachyspiza gularis","Japanese Sparrowhawk"
"565","2023/10/3","7-8",1,"CS ","Raptor","Tachyspiza virgata","Besra"
"566","2023/10/3","7-8",1,"CS ","Else","Delichon dasypus/lagopodum","Asian/Siberian House Martin"
"567","2023/10/3","8-9",2,"CS ","Raptor","Tachyspiza soloensis","Chinese Sparrowhawk"
"568","2023/10/3","8-9",1,"CS ","Raptor","Tachyspiza gularis","Japanese Sparrowhawk"
"569","2023/10/3","8-9",1,"CS ","Raptor","Milvus migrans","Black Kite"
"570","2023/10/3","9-10",1,"CS ","Raptor","Lophospiza trivirgata","Crested Goshawk"
"571","2023/10/3","9-10",12,"CS ","Raptor","Butastur indicus","Grey-faced Buzzard"
"572","2023/10/3","9-10",5,"CS ","Else","Delichon dasypus/lagopodum","Asian/Siberian House Martin"
"573","2023/10/3","10-11",1,"CS ","Raptor","Falco tinnunculus","Common Kestrel"
"574","2023/10/3","11-12",1,"CS ","Raptor","Lophospiza trivirgata","Crested Goshawk"
"575","2023/10/3","11-12",1,"CS ","Raptor","Falco peregrinus","Peregrine Falcon"
"576","2023/10/3","11-12",1,"CS ","Raptor","Eagles (unidentified)","Unidentified Eagles"
"577","2023/10/3","11-12",1,"CS ","Raptor","Falco sp.","Unidentified Falcons"
"578","2023/10/3","11-12",1,"CS ","Swift","Hirundapus caudacutus","White-throated Needletail"
"579","2023/10/3","11-12",12,"CS ","Else","Delichon dasypus/lagopodum","Asian/Siberian House Martin"
"580","2023/10/3","12-13",1,"CS ","Raptor","Falco tinnunculus","Common Kestrel"
"581","2023/10/3","13-14",3,"CS ","Raptor","Pernis ptilorhynchus","Crested Honey-buzzard"
"582","2023/10/3","13-14",1,"CS ","Raptor","Milvus migrans","Black Kite"
"583","2023/10/3","13-14",1,"CS ","Raptor","Falco tinnunculus","Common Kestrel"
"584","2023/10/3","14-15",2,"CS ","Raptor","Pernis ptilorhynchus","Crested Honey-buzzard"
"585","2023/10/3","14-15",1,"CS ","Else","Anthus gustavi","Pechora Pipit"
"586","2023/10/3","15-16",1,"CS ","Raptor","Pandion haliaetus","Osprey"
"587","2023/10/3","15-16",1,"CS ","Raptor","Lophospiza trivirgata","Crested Goshawk"
"588","2023/10/3","15-16",1,"CS ","Raptor","Milvus migrans","Black Kite"
"589","2023/10/3","15-16",7,"CS ","Raptor","Butastur indicus","Grey-faced Buzzard"
"590","2023/10/3","15-16",22,"CS ","Else","Delichon dasypus/lagopodum","Asian/Siberian House Martin"
"591","2023/10/3","16-17",3,"CS ","Raptor","Butastur indicus","Grey-faced Buzzard"
"592","2023/10/4","Before 7",1,"DGS","Raptor","Pernis ptilorhynchus","Crested Honey-buzzard"
"593","2023/10/4","7-8",3,"CS ","Raptor","Pernis ptilorhynchus","Crested Honey-buzzard"
"594","2023/10/4","7-8",2,"DGS","Raptor","Pernis ptilorhynchus","Crested Honey-buzzard"
"595","2023/10/4","7-8",1,"CS ","Raptor","Tachyspiza gularis","Japanese Sparrowhawk"
"596","2023/10/4","7-8",5,"DGS","Raptor","Tachyspiza gularis","Japanese Sparrowhawk"
"597","2023/10/4","7-8",22,"CS ","Raptor","Butastur indicus","Grey-faced Buzzard"
"598","2023/10/4","7-8",666,"DGS","Raptor","Butastur indicus","Grey-faced Buzzard"
"599","2023/10/4","7-8",1,"CS ","Swift","Hirundapus caudacutus","White-throated Needletail"
"600","2023/10/4","7-8",2,"DGS","Swift","Hirundapus caudacutus","White-throated Needletail"
"601","2023/10/4","7-8",1,"DGS","Swift","Apus pacificus","Pacific Swift"
"602","2023/10/4","8-9",1,"CS ","Raptor","Tachyspiza soloensis","Chinese Sparrowhawk"
"603","2023/10/4","8-9",10,"DGS","Raptor","Tachyspiza soloensis","Chinese Sparrowhawk"
"604","2023/10/4","8-9",4,"CS ","Raptor","Tachyspiza gularis","Japanese Sparrowhawk"
"605","2023/10/4","8-9",5,"DGS","Raptor","Tachyspiza gularis","Japanese Sparrowhawk"
"606","2023/10/4","8-9",3,"CS ","Raptor","Butastur indicus","Grey-faced Buzzard"
"607","2023/10/4","8-9",153,"DGS","Raptor","Butastur indicus","Grey-faced Buzzard"
"608","2023/10/4","8-9",2,"DGS","Raptor","Falco subbuteo","Eurasian Hobby"
"609","2023/10/4","9-10",19,"CS ","Raptor","Pernis ptilorhynchus","Crested Honey-buzzard"
"610","2023/10/4","9-10",31,"DGS","Raptor","Pernis ptilorhynchus","Crested Honey-buzzard"
"611","2023/10/4","9-10",1,"DGS","Raptor","Tachyspiza soloensis","Chinese Sparrowhawk"
"612","2023/10/4","9-10",1,"CS ","Raptor","Tachyspiza gularis","Japanese Sparrowhawk"
"613","2023/10/4","9-10",5,"DGS","Raptor","Tachyspiza gularis","Japanese Sparrowhawk"
"614","2023/10/4","9-10",6,"CS ","Raptor","Butastur indicus","Grey-faced Buzzard"
"615","2023/10/4","9-10",446,"DGS","Raptor","Butastur indicus","Grey-faced Buzzard"
"616","2023/10/4","9-10",2,"CS ","Raptor","Falco subbuteo","Eurasian Hobby"
"617","2023/10/4","9-10",1,"DGS","Raptor","Falco subbuteo","Eurasian Hobby"
"618","2023/10/4","9-10",2,"DGS","Raptor","Raptors (unidentified)","Unidentified Raptors"
"619","2023/10/4","9-10",5,"DGS","Swift","Hirundapus caudacutus","White-throated Needletail"
"620","2023/10/4","10-11",1,"CS ","Raptor","Pernis ptilorhynchus","Crested Honey-buzzard"
"621","2023/10/4","10-11",116,"DGS","Raptor","Pernis ptilorhynchus","Crested Honey-buzzard"
"622","2023/10/4","10-11",1,"CS ","Raptor","Lophospiza trivirgata","Crested Goshawk"
"623","2023/10/4","10-11",4,"DGS","Raptor","Lophospiza trivirgata","Crested Goshawk"
"624","2023/10/4","10-11",1,"DGS","Raptor","Tachyspiza soloensis","Chinese Sparrowhawk"
"625","2023/10/4","10-11",82,"CS ","Raptor","Butastur indicus","Grey-faced Buzzard"
"626","2023/10/4","10-11",655,"DGS","Raptor","Butastur indicus","Grey-faced Buzzard"
"627","2023/10/4","10-11",1,"CS ","Raptor","Falco subbuteo","Eurasian Hobby"
"628","2023/10/4","10-11",1,"DGS","Raptor","Falco subbuteo","Eurasian Hobby"
"629","2023/10/4","10-11",2,"DGS","Raptor","Eagles (unidentified)","Unidentified Eagles"
"630","2023/10/4","10-11",1,"DGS","Raptor","Raptors (unidentified)","Unidentified Raptors"
"631","2023/10/4","10-11",1,"CS ","Swift","Apus pacificus","Pacific Swift"
"632","2023/10/4","10-11",2,"DGS","Swift","Apus pacificus","Pacific Swift"
"633","2023/10/4","11-12",1,"DGS","Raptor","Pandion haliaetus","Osprey"
"634","2023/10/4","11-12",2,"DGS","Raptor","Pernis ptilorhynchus","Crested Honey-buzzard"
"635","2023/10/4","11-12",1,"DGS","Raptor","Tachyspiza gularis","Japanese Sparrowhawk"
"636","2023/10/4","11-12",63,"CS ","Raptor","Butastur indicus","Grey-faced Buzzard"
"637","2023/10/4","11-12",454,"DGS","Raptor","Butastur indicus","Grey-faced Buzzard"
"638","2023/10/4","12-13",2,"CS ","Raptor","Butastur indicus","Grey-faced Buzzard"
"639","2023/10/4","12-13",45,"DGS","Raptor","Butastur indicus","Grey-faced Buzzard"
"640","2023/10/4","12-13",1,"CS ","Raptor","Falco tinnunculus","Common Kestrel"
"641","2023/10/4","12-13",1,"DGS","Raptor","Falco tinnunculus","Common Kestrel"
"642","2023/10/4","13-14",1,"CS ","Raptor","Pernis ptilorhynchus","Crested Honey-buzzard"
"643","2023/10/4","13-14",2,"DGS","Raptor","Pernis ptilorhynchus","Crested Honey-buzzard"
"644","2023/10/4","13-14",1,"CS ","Raptor","Tachyspiza gularis","Japanese Sparrowhawk"
"645","2023/10/4","13-14",2,"DGS","Raptor","Tachyspiza gularis","Japanese Sparrowhawk"
"646","2023/10/4","13-14",11,"DGS","Raptor","Butastur indicus","Grey-faced Buzzard"
"647","2023/10/4","14-15",1,"CS ","Raptor","Falco subbuteo","Eurasian Hobby"
"648","2023/10/4","14-15",3,"DGS","Raptor","Falco subbuteo","Eurasian Hobby"
"649","2023/10/4","14-15",3,"DGS","Else","Delichon dasypus/lagopodum","Asian/Siberian House Martin"
"650","2023/10/4","15-16",2,"CS ","Raptor","Falco subbuteo","Eurasian Hobby"
"651","2023/10/4","15-16",3,"DGS","Raptor","Falco subbuteo","Eurasian Hobby"
"652","2023/10/4","15-16",12,"DGS","Else","Delichon dasypus/lagopodum","Asian/Siberian House Martin"
"653","2023/10/4","17-17:30",1,"DGS","Raptor","Pernis ptilorhynchus","Crested Honey-buzzard"
"654","2023/10/4","17-17:30",1,"DGS","Swift","Apus pacificus","Pacific Swift"
"655","2023/10/4","7-8",1,"CS ","Raptor","Pandion haliaetus","Osprey"
"656","2023/10/4","7-8",1,"CS ","Raptor","Circus spilonotus","Eastern Marsh Harrier"
"657","2023/10/4","9-10",1,"CS ","Raptor","Lophospiza trivirgata","Crested Goshawk"
"658","2023/10/4","9-10",2,"CS ","Raptor","Falco tinnunculus","Common Kestrel"
"659","2023/10/4","10-11",1,"CS ","Raptor","Falco tinnunculus","Common Kestrel"
"660","2023/10/4","10-11",1,"CS ","Raptor","Falco peregrinus","Peregrine Falcon"
"661","2023/10/4","11-12",3,"CS ","Raptor","Falco subbuteo","Eurasian Hobby"
"662","2023/10/4","12-13",1,"CS ","Raptor","Falco subbuteo","Eurasian Hobby"
"663","2023/10/4","14-15",1,"CS ","Raptor","Tachyspiza soloensis","Chinese Sparrowhawk"
"664","2023/10/4","14-15",1,"CS ","Raptor","Falco tinnunculus","Common Kestrel"
"665","2023/10/4","16-17",2,"CS ","Raptor","Pernis ptilorhynchus","Crested Honey-buzzard"
"666","2023/10/4","16-17",3,"CS ","Raptor","Butastur indicus","Grey-faced Buzzard"
"667","2023/10/4","16-17",1,"CS ","Swift","Hirundapus caudacutus","White-throated Needletail"
"668","2023/10/5","Before 7",1,"CS ","Raptor","Butastur indicus","Grey-faced Buzzard"
"669","2023/10/5","Before 7",6,"DGS","Raptor","Butastur indicus","Grey-faced Buzzard"
"670","2023/10/5","Before 7",1,"DGS","Raptor","Falco tinnunculus","Common Kestrel"
"671","2023/10/5","Before 7",5,"DGS","Else","Delichon dasypus/lagopodum","Asian/Siberian House Martin"
"672","2023/10/5","7-8",1,"DGS","Raptor","Pandion haliaetus","Osprey"
"673","2023/10/5","7-8",6,"CS ","Raptor","Pernis ptilorhynchus","Crested Honey-buzzard"
"674","2023/10/5","7-8",24,"DGS","Raptor","Pernis ptilorhynchus","Crested Honey-buzzard"
"675","2023/10/5","7-8",2,"CS ","Raptor","Tachyspiza soloensis","Chinese Sparrowhawk"
"676","2023/10/5","7-8",2,"DGS","Raptor","Tachyspiza soloensis","Chinese Sparrowhawk"
"677","2023/10/5","7-8",7,"DGS","Raptor","Tachyspiza gularis","Japanese Sparrowhawk"
"678","2023/10/5","7-8",64,"CS ","Raptor","Butastur indicus","Grey-faced Buzzard"
"679","2023/10/5","7-8",12,"DGS","Raptor","Butastur indicus","Grey-faced Buzzard"
"680","2023/10/5","7-8",15,"CS ","Else","Delichon dasypus/lagopodum","Asian/Siberian House Martin"
"681","2023/10/5","7-8",1,"DGS","Else","Delichon dasypus/lagopodum","Asian/Siberian House Martin"
"682","2023/10/5","8-9",14,"CS ","Raptor","Pernis ptilorhynchus","Crested Honey-buzzard"
"683","2023/10/5","8-9",46,"DGS","Raptor","Pernis ptilorhynchus","Crested Honey-buzzard"
"684","2023/10/5","8-9",1,"CS ","Raptor","Lophospiza trivirgata","Crested Goshawk"
"685","2023/10/5","8-9",1,"DGS","Raptor","Lophospiza trivirgata","Crested Goshawk"
"686","2023/10/5","8-9",6,"CS ","Raptor","Tachyspiza gularis","Japanese Sparrowhawk"
"687","2023/10/5","8-9",5,"DGS","Raptor","Tachyspiza gularis","Japanese Sparrowhawk"
"688","2023/10/5","8-9",24,"DGS","Raptor","Butastur indicus","Grey-faced Buzzard"
"689","2023/10/5","8-9",1,"DGS","Raptor","Falco subbuteo","Eurasian Hobby"
"690","2023/10/5","8-9",1,"DGS","Raptor","Falco peregrinus","Peregrine Falcon"
"691","2023/10/5","8-9",20,"DGS","Else","Delichon dasypus/lagopodum","Asian/Siberian House Martin"
"692","2023/10/5","9-10",7,"CS ","Raptor","Lophospiza trivirgata","Crested Goshawk"
"693","2023/10/5","9-10",1,"DGS","Raptor","Lophospiza trivirgata","Crested Goshawk"
"694","2023/10/5","9-10",1,"DGS","Raptor","Tachyspiza soloensis","Chinese Sparrowhawk"
"695","2023/10/5","9-10",1,"CS ","Raptor","Tachyspiza gularis","Japanese Sparrowhawk"
"696","2023/10/5","9-10",2,"DGS","Raptor","Tachyspiza gularis","Japanese Sparrowhawk"
"697","2023/10/5","9-10",1,"CS ","Raptor","Butastur indicus","Grey-faced Buzzard"
"698","2023/10/5","9-10",103,"DGS","Raptor","Butastur indicus","Grey-faced Buzzard"
"699","2023/10/5","9-10",1,"DGS","Raptor","Falco subbuteo","Eurasian Hobby"
"700","2023/10/5","9-10",1,"CS ","Raptor","Eagles (unidentified)","Unidentified Eagles"
"701","2023/10/5","9-10",1,"DGS","Raptor","Eagles (unidentified)","Unidentified Eagles"
"702","2023/10/5","10-11",1,"DGS","Raptor","Lophospiza trivirgata","Crested Goshawk"
"703","2023/10/5","10-11",1,"DGS","Raptor","Tachyspiza soloensis","Chinese Sparrowhawk"
"704","2023/10/5","10-11",4,"DGS","Raptor","Butastur indicus","Grey-faced Buzzard"
"705","2023/10/5","10-11",2,"DGS","Raptor","Falco subbuteo","Eurasian Hobby"
"706","2023/10/5","10-11",1,"CS ","Raptor","Raptors (unidentified)","Unidentified Raptors"
"707","2023/10/5","10-11",1,"DGS","Raptor","Raptors (unidentified)","Unidentified Raptors"
"708","2023/10/5","11-12",1,"CS ","Raptor","Butastur indicus","Grey-faced Buzzard"
"709","2023/10/5","11-12",3,"DGS","Raptor","Butastur indicus","Grey-faced Buzzard"
"710","2023/10/5","11-12",2,"DGS","Raptor","Eagles (unidentified)","Unidentified Eagles"
"711","2023/10/5","12-13",1,"DGS","Raptor","Tachyspiza gularis","Japanese Sparrowhawk"
"712","2023/10/5","12-13",1,"DGS","Raptor","Falco subbuteo","Eurasian Hobby"
"713","2023/10/5","12-13",5,"DGS","Else","Delichon dasypus/lagopodum","Asian/Siberian House Martin"
"714","2023/10/5","13-14",1,"DGS","Raptor","Butastur indicus","Grey-faced Buzzard"
"715","2023/10/5","13-14",1,"DGS","Raptor","Falco peregrinus","Peregrine Falcon"
"716","2023/10/5","13-14",3,"DGS","Swift","Apus pacificus","Pacific Swift"
"717","2023/10/5","13-14",5,"DGS","Else","Delichon dasypus/lagopodum","Asian/Siberian House Martin"
"718","2023/10/5","14-15",1,"DGS","Raptor","Tachyspiza soloensis","Chinese Sparrowhawk"
"719","2023/10/5","14-15",1,"DGS","Raptor","Eagles (unidentified)","Unidentified Eagles"
"720","2023/10/5","14-15",6,"DGS","Else","Delichon dasypus/lagopodum","Asian/Siberian House Martin"
"721","2023/10/5","15-16",1,"DGS","Raptor","Falco tinnunculus","Common Kestrel"
"722","2023/10/5","15-16",4,"DGS","Else","Delichon dasypus/lagopodum","Asian/Siberian House Martin"
"723","2023/10/5","16-17",3,"DGS","Raptor","Tachyspiza gularis","Japanese Sparrowhawk"
"724","2023/10/5","16-17",1,"DGS","Raptor","Falco subbuteo","Eurasian Hobby"
"725","2023/10/5","17-17:30",2,"DGS","Else","Motacilla tschutschensis","Eastern Yellow Wagtail"
"726","2023/10/5","Before 7",2,"CS ","Swift","Apus pacificus","Pacific Swift"
"727","2023/10/5","7-8",1,"CS ","Raptor","Eagles (unidentified)","Unidentified Eagles"
"728","2023/10/5","7-8",3,"CS ","Raptor","Falco sp.","Unidentified Falcons"
"729","2023/10/5","7-8",1,"CS ","Raptor","Raptors (unidentified)","Unidentified Raptors"
"730","2023/10/5","8-9",1,"CS ","Raptor","Tachyspiza soloensis","Chinese Sparrowhawk"
"731","2023/10/5","8-9",1,"CS ","Raptor","Circus spilonotus","Eastern Marsh Harrier"
"732","2023/10/5","8-9",2,"CS ","Raptor","Falco tinnunculus","Common Kestrel"
"733","2023/10/5","8-9",1,"CS ","Raptor","Raptors (unidentified)","Unidentified Raptors"
"734","2023/10/5","8-9",1,"CS ","Swift","Hirundapus caudacutus","White-throated Needletail"
"735","2023/10/5","8-9",1,"CS ","Swift","Apus pacificus","Pacific Swift"
"736","2023/10/5","8-9",37,"CS ","Else","Anser albifrons","Greater White-fronted Goose"
"737","2023/10/5","9-10",1,"CS ","Swift","Hirundapus caudacutus","White-throated Needletail"
"738","2023/10/5","9-10",3,"CS ","Else","Delichon dasypus/lagopodum","Asian/Siberian House Martin"
"739","2023/10/5","10-11",2,"CS ","Raptor","Falco tinnunculus","Common Kestrel"
"740","2023/10/5","10-11",1,"CS ","Else","Delichon dasypus/lagopodum","Asian/Siberian House Martin"
"741","2023/10/5","12-13",3,"CS ","Else","Anthus hodgsoni","Olive-backed Pipit"
"742","2023/10/5","14-15",1,"CS ","Raptor","Tachyspiza gularis","Japanese Sparrowhawk"
"743","2023/10/6","Before 7",1,"DGS","Raptor","Pernis ptilorhynchus","Crested Honey-buzzard"
"744","2023/10/6","Before 7",58,"CS ","Raptor","Butastur indicus","Grey-faced Buzzard"
"745","2023/10/6","Before 7",207,"DGS","Raptor","Butastur indicus","Grey-faced Buzzard"
"746","2023/10/6","7-8",11,"CS ","Raptor","Pernis ptilorhynchus","Crested Honey-buzzard"
"747","2023/10/6","7-8",13,"DGS","Raptor","Pernis ptilorhynchus","Crested Honey-buzzard"
"748","2023/10/6","7-8",2,"CS ","Raptor","Tachyspiza gularis","Japanese Sparrowhawk"
"749","2023/10/6","7-8",2,"DGS","Raptor","Tachyspiza gularis","Japanese Sparrowhawk"
"750","2023/10/6","7-8",371,"CS ","Raptor","Butastur indicus","Grey-faced Buzzard"
"751","2023/10/6","7-8",190,"DGS","Raptor","Butastur indicus","Grey-faced Buzzard"
"752","2023/10/6","7-8",1,"CS ","Raptor","Falco tinnunculus","Common Kestrel"
"753","2023/10/6","7-8",2,"DGS","Raptor","Falco tinnunculus","Common Kestrel"
"754","2023/10/6","7-8",10,"DGS","Else","Delichon dasypus/lagopodum","Asian/Siberian House Martin"
"755","2023/10/6","7-8",8,"DGS","Else","Emberiza rutila","Chestnut Bunting"
"756","2023/10/6","8-9",11,"CS ","Raptor","Pernis ptilorhynchus","Crested Honey-buzzard"
"757","2023/10/6","8-9",18,"DGS","Raptor","Pernis ptilorhynchus","Crested Honey-buzzard"
"758","2023/10/6","8-9",5,"DGS","Raptor","Tachyspiza gularis","Japanese Sparrowhawk"
"759","2023/10/6","8-9",154,"CS ","Raptor","Butastur indicus","Grey-faced Buzzard"
"760","2023/10/6","8-9",252,"DGS","Raptor","Butastur indicus","Grey-faced Buzzard"
"761","2023/10/6","8-9",1,"CS ","Swift","Hirundapus caudacutus","White-throated Needletail"
"762","2023/10/6","8-9",4,"DGS","Swift","Hirundapus caudacutus","White-throated Needletail"
"763","2023/10/6","8-9",1,"DGS","Else","Delichon dasypus/lagopodum","Asian/Siberian House Martin"
"764","2023/10/6","9-10",13,"CS ","Raptor","Pernis ptilorhynchus","Crested Honey-buzzard"
"765","2023/10/6","9-10",11,"DGS","Raptor","Pernis ptilorhynchus","Crested Honey-buzzard"
"766","2023/10/6","9-10",2,"CS ","Raptor","Tachyspiza gularis","Japanese Sparrowhawk"
"767","2023/10/6","9-10",1,"DGS","Raptor","Tachyspiza gularis","Japanese Sparrowhawk"
"768","2023/10/6","9-10",372,"CS ","Raptor","Butastur indicus","Grey-faced Buzzard"
"769","2023/10/6","9-10",431,"DGS","Raptor","Butastur indicus","Grey-faced Buzzard"
"770","2023/10/6","9-10",1,"DGS","Raptor","Buteo japonicus","Eastern Buzzard"
"771","2023/10/6","9-10",1,"DGS","Raptor","Falco amurensis","Amur Falcon"
"772","2023/10/6","9-10",1,"CS ","Raptor","Falco subbuteo","Eurasian Hobby"
"773","2023/10/6","9-10",2,"DGS","Raptor","Falco subbuteo","Eurasian Hobby"
"774","2023/10/6","9-10",4,"DGS","Swift","Hirundapus caudacutus","White-throated Needletail"
"775","2023/10/6","9-10",3,"DGS","Else","Delichon dasypus/lagopodum","Asian/Siberian House Martin"
"776","2023/10/6","9-10",20,"DGS","Else","Fringilla montifringilla","Brambling"
"777","2023/10/6","9-10",5,"DGS","Else","Emberiza pusilla","Little Bunting"
"778","2023/10/6","9-10",14,"DGS","Else","Turdus obscurus","Eyebrowed Thrush"
"779","2023/10/6","10-11",1,"CS ","Raptor","Tachyspiza gularis","Japanese Sparrowhawk"
"780","2023/10/6","10-11",3,"DGS","Raptor","Tachyspiza gularis","Japanese Sparrowhawk"
"781","2023/10/6","10-11",1,"CS ","Raptor","Falco amurensis","Amur Falcon"
"782","2023/10/6","10-11",1,"DGS","Raptor","Falco amurensis","Amur Falcon"
"783","2023/10/6","10-11",1,"CS ","Raptor","Falco subbuteo","Eurasian Hobby"
"784","2023/10/6","10-11",2,"DGS","Raptor","Falco subbuteo","Eurasian Hobby"
"785","2023/10/6","11-12",2,"DGS","Raptor","Lophospiza trivirgata","Crested Goshawk"
"786","2023/10/6","11-12",1,"DGS","Raptor","Tachyspiza gularis","Japanese Sparrowhawk"
"787","2023/10/6","11-12",3,"DGS","Raptor","Falco subbuteo","Eurasian Hobby"
"788","2023/10/6","11-12",2,"DGS","Raptor","Falco peregrinus","Peregrine Falcon"
"789","2023/10/6","11-12",50,"DGS","Else","Spinus spinus","Eurasian Siskin"
"790","2023/10/6","12-13",1,"DGS","Raptor","Tachyspiza gularis","Japanese Sparrowhawk"
"791","2023/10/6","12-13",22,"CS ","Raptor","Butastur indicus","Grey-faced Buzzard"
"792","2023/10/6","12-13",40,"DGS","Raptor","Butastur indicus","Grey-faced Buzzard"
"793","2023/10/6","13-14",1,"DGS","Raptor","Pernis ptilorhynchus","Crested Honey-buzzard"
"794","2023/10/6","13-14",1,"DGS","Raptor","Tachyspiza soloensis","Chinese Sparrowhawk"
"795","2023/10/6","13-14",1,"DGS","Raptor","Tachyspiza gularis","Japanese Sparrowhawk"
"796","2023/10/6","13-14",1,"DGS","Raptor","Accipiter nisus","Eurasian Sparrowhawk"
"797","2023/10/6","13-14",14,"CS ","Raptor","Butastur indicus","Grey-faced Buzzard"
"798","2023/10/6","13-14",2,"DGS","Raptor","Butastur indicus","Grey-faced Buzzard"
"799","2023/10/6","13-14",1,"DGS","Raptor","Eagles (unidentified)","Unidentified Eagles"
"800","2023/10/6","13-14",15,"DGS","Else","Mareca penelope","Eurasian Wigeon"
"801","2023/10/6","14-15",1,"DGS","Raptor","Tachyspiza gularis","Japanese Sparrowhawk"
"802","2023/10/6","14-15",1,"DGS","Raptor","Accipiter nisus","Eurasian Sparrowhawk"
"803","2023/10/6","14-15",1,"CS ","Raptor","Falco tinnunculus","Common Kestrel"
"804","2023/10/6","14-15",2,"DGS","Raptor","Falco tinnunculus","Common Kestrel"
"805","2023/10/6","14-15",1,"DGS","Raptor","Falco subbuteo","Eurasian Hobby"
"806","2023/10/6","7-8",1,"CS ","Raptor","Circus sp.","Unidentified Harriers"
"807","2023/10/6","7-8",5,"CS ","Swift","Hirundapus caudacutus","White-throated Needletail"
"808","2023/10/6","8-9",2,"CS ","Raptor","Falco tinnunculus","Common Kestrel"
"809","2023/10/6","9-10",1,"CS ","Raptor","Lophospiza trivirgata","Crested Goshawk"
"810","2023/10/6","10-11",1,"CS ","Raptor","Pernis ptilorhynchus","Crested Honey-buzzard"
"811","2023/10/6","10-11",1,"CS ","Raptor","Tachyspiza soloensis","Chinese Sparrowhawk"
"812","2023/10/6","10-11",6,"CS ","Raptor","Butastur indicus","Grey-faced Buzzard"
"813","2023/10/6","11-12",3,"CS ","Swift","Aerodramus brevirostris","Himalayan Swiftlet"
"814","2023/10/6","12-13",4,"CS ","Raptor","Falco subbuteo","Eurasian Hobby"
"815","2023/10/6","12-13",1,"CS ","Else","Delichon dasypus/lagopodum","Asian/Siberian House Martin"
"816","2023/10/6","13-14",1,"CS ","Raptor","Falco subbuteo","Eurasian Hobby"
"817","2023/10/6","13-14",1,"CS ","Raptor","Falco peregrinus","Peregrine Falcon"
"818","2023/10/6","14-15",1,"CS ","Raptor","Pernis ptilorhynchus","Crested Honey-buzzard"
"819","2023/10/6","14-15",2,"CS ","Else","Delichon dasypus/lagopodum","Asian/Siberian House Martin"
"820","2023/10/6","15-16",1,"CS ","Raptor","Pernis ptilorhynchus","Crested Honey-buzzard"
"821","2023/10/6","15-16",1,"CS ","Raptor","Tachyspiza gularis","Japanese Sparrowhawk"
"822","2023/10/6","15-16",1,"CS ","Raptor","Accipiter nisus","Eurasian Sparrowhawk"
"823","2023/10/6","16-17",1,"CS ","Raptor","Butastur indicus","Grey-faced Buzzard"
"824","2023/10/6","16-17",4,"CS ","Raptor","Falco subbuteo","Eurasian Hobby"
"825","2023/10/7","Before 7",2,"CS ","Raptor","Pandion haliaetus","Osprey"
"826","2023/10/7","Before 7",1,"DGS","Raptor","Pandion haliaetus","Osprey"
"827","2023/10/7","Before 7",1,"DGS","Raptor","Falco subbuteo","Eurasian Hobby"
"828","2023/10/7","Before 7",1,"CS ","Raptor","Pernis ptilorhynchus","Crested Honey-buzzard"
"829","2023/10/7","Before 7",19,"CS ","Raptor","Butastur indicus","Grey-faced Buzzard"
"830","2023/10/7","7-8",1,"DGS","Raptor","Falco tinnunculus","Common Kestrel"
"831","2023/10/7","7-8",2,"CS ","Raptor","Tachyspiza gularis","Japanese Sparrowhawk"
"832","2023/10/7","7-8",66,"CS ","Raptor","Butastur indicus","Grey-faced Buzzard"
"833","2023/10/7","7-8",1,"CS ","Raptor","Falco subbuteo","Eurasian Hobby"
"834","2023/10/7","7-8",2,"CS ","Raptor","Eagles (unidentified)","Unidentified Eagles"
"835","2023/10/7","7-8",1,"CS ","Else","Delichon dasypus/lagopodum","Asian/Siberian House Martin"
"836","2023/10/7","8-9",56,"CS ","Raptor","Pernis ptilorhynchus","Crested Honey-buzzard"
"837","2023/10/7","8-9",89,"DGS","Raptor","Pernis ptilorhynchus","Crested Honey-buzzard"
"838","2023/10/7","8-9",1,"DGS","Raptor","Lophospiza trivirgata","Crested Goshawk"
"839","2023/10/7","8-9",23,"CS ","Raptor","Butastur indicus","Grey-faced Buzzard"
"840","2023/10/7","8-9",64,"DGS","Raptor","Butastur indicus","Grey-faced Buzzard"
"841","2023/10/7","8-9",5,"DGS","Else","Delichon dasypus/lagopodum","Asian/Siberian House Martin"
"842","2023/10/7","8-9",2,"CS ","Raptor","Tachyspiza gularis","Japanese Sparrowhawk"
"843","2023/10/7","8-9",1,"CS ","Raptor","Accipiter nisus","Eurasian Sparrowhawk"
"844","2023/10/7","8-9",1,"CS ","Raptor","Milvus migrans","Black Kite"
"845","2023/10/7","8-9",3,"CS ","Raptor","Falco amurensis","Amur Falcon"
"846","2023/10/7","8-9",2,"CS ","Swift","Apus pacificus","Pacific Swift"
"847","2023/10/7","8-9",10,"CS ","Else","Spinus spinus","Eurasian Siskin"
"848","2023/10/7","9-10",5,"CS ","Raptor","Pernis ptilorhynchus","Crested Honey-buzzard"
"849","2023/10/7","9-10",5,"DGS","Raptor","Pernis ptilorhynchus","Crested Honey-buzzard"
"850","2023/10/7","9-10",246,"CS ","Raptor","Butastur indicus","Grey-faced Buzzard"
"851","2023/10/7","9-10",275,"DGS","Raptor","Butastur indicus","Grey-faced Buzzard"
"852","2023/10/7","9-10",1,"CS ","Raptor","Falco subbuteo","Eurasian Hobby"
"853","2023/10/7","9-10",1,"DGS","Raptor","Falco subbuteo","Eurasian Hobby"
"854","2023/10/7","9-10",1,"DGS","Swift","Aerodramus brevirostris","Himalayan Swiftlet"
"855","2023/10/7","9-10",1,"DGS","Else","Delichon dasypus/lagopodum","Asian/Siberian House Martin"
"856","2023/10/7","9-10",4,"CS ","Raptor","Tachyspiza gularis","Japanese Sparrowhawk"
"857","2023/10/7","9-10",1,"CS ","Raptor","Falco amurensis","Amur Falcon"
"858","2023/10/7","10-11",2,"CS ","Raptor","Pernis ptilorhynchus","Crested Honey-buzzard"
"859","2023/10/7","10-11",11,"DGS","Raptor","Pernis ptilorhynchus","Crested Honey-buzzard"
"860","2023/10/7","10-11",1,"CS ","Raptor","Tachyspiza gularis","Japanese Sparrowhawk"
"861","2023/10/7","10-11",2,"DGS","Raptor","Tachyspiza gularis","Japanese Sparrowhawk"
"862","2023/10/7","10-11",150,"CS ","Raptor","Butastur indicus","Grey-faced Buzzard"
"863","2023/10/7","10-11",30,"DGS","Raptor","Butastur indicus","Grey-faced Buzzard"
"864","2023/10/7","10-11",2,"DGS","Raptor","Falco amurensis","Amur Falcon"
"865","2023/10/7","10-11",1,"CS ","Raptor","Falco subbuteo","Eurasian Hobby"
"866","2023/10/7","10-11",1,"DGS","Raptor","Falco subbuteo","Eurasian Hobby"
"867","2023/10/7","11-12",1,"DGS","Raptor","Pandion haliaetus","Osprey"
"868","2023/10/7","11-12",1,"DGS","Raptor","Milvus migrans","Black Kite"
"869","2023/10/7","11-12",25,"CS ","Raptor","Butastur indicus","Grey-faced Buzzard"
"870","2023/10/7","11-12",68,"DGS","Raptor","Butastur indicus","Grey-faced Buzzard"
"871","2023/10/7","11-12",1,"CS ","Raptor","Falco subbuteo","Eurasian Hobby"
"872","2023/10/7","11-12",1,"DGS","Raptor","Falco subbuteo","Eurasian Hobby"
"873","2023/10/7","11-12",1,"CS ","Else","Delichon dasypus/lagopodum","Asian/Siberian House Martin"
"874","2023/10/7","11-12",2,"DGS","Else","Delichon dasypus/lagopodum","Asian/Siberian House Martin"
"875","2023/10/7","11-12",1,"CS ","Raptor","Pernis ptilorhynchus","Crested Honey-buzzard"
"876","2023/10/7","11-12",1,"CS ","Raptor","Tachyspiza gularis","Japanese Sparrowhawk"
"877","2023/10/7","12-13",2,"CS ","Raptor","Tachyspiza gularis","Japanese Sparrowhawk"
"878","2023/10/7","12-13",1,"DGS","Raptor","Tachyspiza gularis","Japanese Sparrowhawk"
"879","2023/10/7","12-13",51,"CS ","Raptor","Butastur indicus","Grey-faced Buzzard"
"880","2023/10/7","12-13",94,"DGS","Raptor","Butastur indicus","Grey-faced Buzzard"
"881","2023/10/7","12-13",1,"CS ","Raptor","Falco subbuteo","Eurasian Hobby"
"882","2023/10/7","12-13",1,"DGS","Raptor","Falco subbuteo","Eurasian Hobby"
"883","2023/10/7","13-14",12,"CS ","Raptor","Butastur indicus","Grey-faced Buzzard"
"884","2023/10/7","13-14",1,"DGS","Raptor","Butastur indicus","Grey-faced Buzzard"
"885","2023/10/7","13-14",4,"CS ","Raptor","Falco subbuteo","Eurasian Hobby"
"886","2023/10/7","13-14",1,"DGS","Raptor","Falco subbuteo","Eurasian Hobby"
"887","2023/10/7","13-14",1,"DGS","Swift","Aerodramus brevirostris","Himalayan Swiftlet"
"888","2023/10/7","13-14",1,"CS ","Swift","Apus pacificus","Pacific Swift"
"889","2023/10/7","13-14",1,"DGS","Swift","Apus nipalensis","House Swift"
"890","2023/10/7","14-15",1,"DGS","Raptor","Pandion haliaetus","Osprey"
"891","2023/10/7","14-15",1,"DGS","Raptor","Tachyspiza gularis","Japanese Sparrowhawk"
"892","2023/10/7","14-15",11,"CS ","Raptor","Butastur indicus","Grey-faced Buzzard"
"893","2023/10/7","14-15",1,"DGS","Raptor","Butastur indicus","Grey-faced Buzzard"
"894","2023/10/7","14-15",3,"DGS","Raptor","Falco subbuteo","Eurasian Hobby"
"895","2023/10/7","14-15",1,"CS ","Else","Delichon dasypus/lagopodum","Asian/Siberian House Martin"
"896","2023/10/7","15-16",2,"DGS","Raptor","Falco subbuteo","Eurasian Hobby"
"897","2023/10/8","Before 7",9,"CS ","Raptor","Butastur indicus","Grey-faced Buzzard"
"898","2023/10/8","Before 7",15,"DGS","Raptor","Butastur indicus","Grey-faced Buzzard"
"899","2023/10/8","Before 7",2,"DGS","Raptor","Falco tinnunculus","Common Kestrel"
"900","2023/10/8","7-8",1,"DGS","Raptor","Pernis ptilorhynchus","Crested Honey-buzzard"
"901","2023/10/8","7-8",1,"CS ","Raptor","Tachyspiza gularis","Japanese Sparrowhawk"
"902","2023/10/8","7-8",3,"DGS","Raptor","Tachyspiza gularis","Japanese Sparrowhawk"
"903","2023/10/8","7-8",100,"CS ","Raptor","Butastur indicus","Grey-faced Buzzard"
"904","2023/10/8","7-8",84,"DGS","Raptor","Butastur indicus","Grey-faced Buzzard"
"905","2023/10/8","8-9",2,"CS ","Raptor","Pernis ptilorhynchus","Crested Honey-buzzard"
"906","2023/10/8","8-9",1,"DGS","Raptor","Pernis ptilorhynchus","Crested Honey-buzzard"
"907","2023/10/8","8-9",589,"CS ","Raptor","Butastur indicus","Grey-faced Buzzard"
"908","2023/10/8","8-9",3,"DGS","Raptor","Butastur indicus","Grey-faced Buzzard"
"909","2023/10/8","8-9",1,"CS ","Raptor","Falco subbuteo","Eurasian Hobby"
"910","2023/10/8","8-9",1,"DGS","Raptor","Falco subbuteo","Eurasian Hobby"
"911","2023/10/8","9-10",2,"DGS","Raptor","Pernis ptilorhynchus","Crested Honey-buzzard"
"912","2023/10/8","9-10",1,"DGS","Raptor","Lophospiza trivirgata","Crested Goshawk"
"913","2023/10/8","9-10",83,"CS ","Raptor","Butastur indicus","Grey-faced Buzzard"
"914","2023/10/8","9-10",3,"DGS","Raptor","Butastur indicus","Grey-faced Buzzard"
"915","2023/10/8","10-11",1,"CS ","Raptor","Lophospiza trivirgata","Crested Goshawk"
"916","2023/10/8","10-11",4,"DGS","Raptor","Lophospiza trivirgata","Crested Goshawk"
"917","2023/10/8","10-11",3,"CS ","Raptor","Tachyspiza gularis","Japanese Sparrowhawk"
"918","2023/10/8","10-11",2,"DGS","Raptor","Tachyspiza gularis","Japanese Sparrowhawk"
"919","2023/10/8","10-11",1,"CS ","Raptor","Astur gentilis","Eurasian Goshawk"
"920","2023/10/8","10-11",1,"DGS","Raptor","Astur gentilis","Eurasian Goshawk"
"921","2023/10/8","10-11",329,"CS ","Raptor","Butastur indicus","Grey-faced Buzzard"
"922","2023/10/8","10-11",62,"DGS","Raptor","Butastur indicus","Grey-faced Buzzard"
"923","2023/10/8","10-11",2,"DGS","Raptor","Eagles (unidentified)","Unidentified Eagles"
"924","2023/10/8","11-12",254,"CS ","Raptor","Butastur indicus","Grey-faced Buzzard"
"925","2023/10/8","11-12",14,"DGS","Raptor","Butastur indicus","Grey-faced Buzzard"
"926","2023/10/8","11-12",1,"CS ","Raptor","Falco peregrinus","Peregrine Falcon"
"927","2023/10/8","11-12",2,"DGS","Raptor","Falco peregrinus","Peregrine Falcon"
"928","2023/10/8","12-13",65,"CS ","Raptor","Butastur indicus","Grey-faced Buzzard"
"929","2023/10/8","12-13",2,"DGS","Raptor","Butastur indicus","Grey-faced Buzzard"
"930","2023/10/8","12-13",3,"CS ","Raptor","Falco subbuteo","Eurasian Hobby"
"931","2023/10/8","12-13",1,"DGS","Raptor","Falco subbuteo","Eurasian Hobby"
"932","2023/10/8","13-14",2,"CS ","Raptor","Butastur indicus","Grey-faced Buzzard"
"933","2023/10/8","13-14",1,"DGS","Raptor","Butastur indicus","Grey-faced Buzzard"
"934","2023/10/8","13-14",1,"DGS","Raptor","Falco tinnunculus","Common Kestrel"
"935","2023/10/8","13-14",3,"CS ","Raptor","Falco subbuteo","Eurasian Hobby"
"936","2023/10/8","13-14",4,"DGS","Raptor","Falco subbuteo","Eurasian Hobby"
"937","2023/10/8","14-15",2,"CS ","Raptor","Butastur indicus","Grey-faced Buzzard"
"938","2023/10/8","14-15",16,"DGS","Raptor","Butastur indicus","Grey-faced Buzzard"
"939","2023/10/8","15-16",1,"DGS","Raptor","Tachyspiza gularis","Japanese Sparrowhawk"
"940","2023/10/8","15-16",5,"CS ","Raptor","Falco amurensis","Amur Falcon"
"941","2023/10/8","15-16",1,"DGS","Raptor","Falco amurensis","Amur Falcon"
"942","2023/10/8","16-17",2,"DGS","Raptor","Butastur indicus","Grey-faced Buzzard"
"943","2023/10/8","16-17",1,"CS ","Raptor","Falco amurensis","Amur Falcon"
"944","2023/10/8","16-17",2,"DGS","Raptor","Falco amurensis","Amur Falcon"
"945","2023/10/8","8-9",1,"CS ","Raptor","Lophospiza trivirgata","Crested Goshawk"
"946","2023/10/8","8-9",1,"CS ","Raptor","Tachyspiza gularis","Japanese Sparrowhawk"
"947","2023/10/8","8-9",1,"CS ","Raptor","Accipiter nisus","Eurasian Sparrowhawk"
"948","2023/10/8","8-9",1,"CS ","Raptor","Falco tinnunculus","Common Kestrel"
"949","2023/10/8","8-9",2,"CS ","Raptor","Falco peregrinus","Peregrine Falcon"
"950","2023/10/8","8-9",1,"CS ","Raptor","Eagles (unidentified)","Unidentified Eagles"
"951","2023/10/8","9-10",4,"CS ","Raptor","Tachyspiza gularis","Japanese Sparrowhawk"
"952","2023/10/8","9-10",1,"CS ","Raptor","Falco subbuteo","Eurasian Hobby"
"953","2023/10/8","10-11",2,"CS ","Raptor","Pernis ptilorhynchus","Crested Honey-buzzard"
"954","2023/10/8","10-11",1,"CS ","Raptor","Falco subbuteo","Eurasian Hobby"
"955","2023/10/8","11-12",2,"CS ","Raptor","Pandion haliaetus","Osprey"
"956","2023/10/8","11-12",5,"CS ","Raptor","Pernis ptilorhynchus","Crested Honey-buzzard"
"957","2023/10/8","11-12",2,"CS ","Raptor","Aviceda leuphotes","Black Baza"
"958","2023/10/8","11-12",1,"CS ","Raptor","Lophospiza trivirgata","Crested Goshawk"
"959","2023/10/8","11-12",2,"CS ","Raptor","Tachyspiza gularis","Japanese Sparrowhawk"
"960","2023/10/8","11-12",1,"CS ","Raptor","Accipiter nisus","Eurasian Sparrowhawk"
"961","2023/10/8","11-12",1,"CS ","Raptor","Falco tinnunculus","Common Kestrel"
"962","2023/10/8","11-12",1,"CS ","Swift","Hirundapus caudacutus","White-throated Needletail"
"963","2023/10/8","11-12",1,"CS ","Else","Delichon dasypus/lagopodum","Asian/Siberian House Martin"
"964","2023/10/8","12-13",1,"CS ","Raptor","Pandion haliaetus","Osprey"
"965","2023/10/8","12-13",1,"CS ","Raptor","Pernis ptilorhynchus","Crested Honey-buzzard"
"966","2023/10/8","12-13",1,"CS ","Raptor","Tachyspiza gularis","Japanese Sparrowhawk"
"967","2023/10/8","12-13",1,"CS ","Raptor","Eagles (unidentified)","Unidentified Eagles"
"968","2023/10/8","12-13",1,"CS ","Else","Delichon dasypus/lagopodum","Asian/Siberian House Martin"
"969","2023/10/8","13-14",1,"CS ","Raptor","Pernis ptilorhynchus","Crested Honey-buzzard"
"970","2023/10/8","13-14",1,"CS ","Raptor","Elanus caeruleus","Black-winged Kite"
"971","2023/10/8","13-14",1,"CS ","Else","Delichon dasypus/lagopodum","Asian/Siberian House Martin"
"972","2023/10/8","14-15",1,"CS ","Raptor","Falco subbuteo","Eurasian Hobby"
"973","2023/10/8","14-15",1,"CS ","Swift","Hirundapus caudacutus","White-throated Needletail"
"974","2023/10/8","14-15",1,"CS ","Else","Delichon dasypus/lagopodum","Asian/Siberian House Martin"
"975","2023/10/8","15-16",1,"CS ","Raptor","Pernis ptilorhynchus","Crested Honey-buzzard"
"976","2023/10/8","15-16",1,"CS ","Raptor","Accipiter nisus","Eurasian Sparrowhawk"
"977","2023/10/8","15-16",7,"CS ","Raptor","Butastur indicus","Grey-faced Buzzard"
"978","2023/10/8","15-16",1,"CS ","Raptor","Falco subbuteo","Eurasian Hobby"
"979","2023/10/8","16-17",1,"CS ","Swift","Apus pacificus","Pacific Swift"
"980","2023/10/9","Before 7",1,"CS ","Raptor","Butastur indicus","Grey-faced Buzzard"
"981","2023/10/9","Before 7",1,"DGS","Raptor","Butastur indicus","Grey-faced Buzzard"
"982","2023/10/9","Before 7",1,"DGS","Raptor","Falco tinnunculus","Common Kestrel"
"983","2023/10/9","Before 7",1,"CS ","Else","Delichon dasypus/lagopodum","Asian/Siberian House Martin"
"984","2023/10/9","Before 7",3,"DGS","Else","Delichon dasypus/lagopodum","Asian/Siberian House Martin"
"985","2023/10/9","7-8",3,"DGS","Raptor","Tachyspiza gularis","Japanese Sparrowhawk"
"986","2023/10/9","7-8",1,"CS ","Raptor","Butastur indicus","Grey-faced Buzzard"
"987","2023/10/9","7-8",1,"DGS","Raptor","Butastur indicus","Grey-faced Buzzard"
"988","2023/10/9","7-8",1,"DGS","Raptor","Falco subbuteo","Eurasian Hobby"
"989","2023/10/9","7-8",2,"DGS","Swift","Hirundapus caudacutus","White-throated Needletail"
"990","2023/10/9","7-8",1,"DGS","Swift","Apus nipalensis","House Swift"
"991","2023/10/9","8-9",1,"DGS","Raptor","Pandion haliaetus","Osprey"
"992","2023/10/9","8-9",3,"CS ","Raptor","Pernis ptilorhynchus","Crested Honey-buzzard"
"993","2023/10/9","8-9",3,"DGS","Raptor","Pernis ptilorhynchus","Crested Honey-buzzard"
"994","2023/10/9","8-9",1,"DGS","Raptor","Lophospiza trivirgata","Crested Goshawk"
"995","2023/10/9","8-9",2,"CS ","Raptor","Tachyspiza gularis","Japanese Sparrowhawk"
"996","2023/10/9","8-9",3,"DGS","Raptor","Tachyspiza gularis","Japanese Sparrowhawk"
"997","2023/10/9","8-9",1,"DGS","Raptor","Butastur indicus","Grey-faced Buzzard"
"998","2023/10/9","9-10",1,"CS ","Raptor","Pandion haliaetus","Osprey"
"999","2023/10/9","9-10",1,"DGS","Raptor","Pandion haliaetus","Osprey"
"1000","2023/10/9","9-10",1,"DGS","Raptor","Lophospiza trivirgata","Crested Goshawk"
"1001","2023/10/9","9-10",6,"CS ","Raptor","Butastur indicus","Grey-faced Buzzard"
"1002","2023/10/9","9-10",15,"DGS","Raptor","Butastur indicus","Grey-faced Buzzard"
"1003","2023/10/9","9-10",2,"CS ","Raptor","Falco subbuteo","Eurasian Hobby"
"1004","2023/10/9","9-10",1,"DGS","Raptor","Falco subbuteo","Eurasian Hobby"
"1005","2023/10/9","10-11",1,"CS ","Raptor","Pandion haliaetus","Osprey"
"1006","2023/10/9","10-11",1,"DGS","Raptor","Pandion haliaetus","Osprey"
"1007","2023/10/9","10-11",4,"CS ","Raptor","Pernis ptilorhynchus","Crested Honey-buzzard"
"1008","2023/10/9","10-11",7,"DGS","Raptor","Pernis ptilorhynchus","Crested Honey-buzzard"
"1009","2023/10/9","10-11",1,"DGS","Raptor","Lophospiza trivirgata","Crested Goshawk"
"1010","2023/10/9","10-11",2,"CS ","Raptor","Tachyspiza gularis","Japanese Sparrowhawk"
"1011","2023/10/9","10-11",6,"DGS","Raptor","Tachyspiza gularis","Japanese Sparrowhawk"
"1012","2023/10/9","10-11",1,"DGS","Raptor","Accipiter nisus","Eurasian Sparrowhawk"
"1013","2023/10/9","10-11",1,"DGS","Raptor","Astur gentilis","Eurasian Goshawk"
"1014","2023/10/9","10-11",1,"CS ","Raptor","Milvus migrans","Black Kite"
"1015","2023/10/9","10-11",1,"DGS","Raptor","Milvus migrans","Black Kite"
"1016","2023/10/9","10-11",6,"CS ","Raptor","Butastur indicus","Grey-faced Buzzard"
"1017","2023/10/9","10-11",7,"DGS","Raptor","Butastur indicus","Grey-faced Buzzard"
"1018","2023/10/9","10-11",1,"CS ","Raptor","Falco subbuteo","Eurasian Hobby"
"1019","2023/10/9","10-11",5,"DGS","Raptor","Falco subbuteo","Eurasian Hobby"
"1020","2023/10/9","10-11",1,"DGS","Raptor","Falco peregrinus","Peregrine Falcon"
"1021","2023/10/9","11-12",1,"DGS","Raptor","Falco subbuteo","Eurasian Hobby"
"1022","2023/10/9","11-12",1,"DGS","Raptor","Pandion haliaetus","Osprey"
"1023","2023/10/9","11-12",6,"CS ","Raptor","Pernis ptilorhynchus","Crested Honey-buzzard"
"1024","2023/10/9","11-12",6,"DGS","Raptor","Pernis ptilorhynchus","Crested Honey-buzzard"
"1025","2023/10/9","11-12",1,"DGS","Raptor","Tachyspiza gularis","Japanese Sparrowhawk"
"1026","2023/10/9","11-12",1,"DGS","Raptor","Tachyspiza virgata","Besra"
"1027","2023/10/9","11-12",18,"CS ","Raptor","Butastur indicus","Grey-faced Buzzard"
"1028","2023/10/9","11-12",18,"DGS","Raptor","Butastur indicus","Grey-faced Buzzard"
"1029","2023/10/9","11-12",2,"CS ","Swift","Apus pacificus","Pacific Swift"
"1030","2023/10/9","11-12",2,"DGS","Swift","Apus pacificus","Pacific Swift"
"1031","2023/10/9","12-13",13,"CS ","Raptor","Pernis ptilorhynchus","Crested Honey-buzzard"
"1032","2023/10/9","12-13",24,"DGS","Raptor","Pernis ptilorhynchus","Crested Honey-buzzard"
"1033","2023/10/9","12-13",1,"DGS","Raptor","Accipiter nisus","Eurasian Sparrowhawk"
"1034","2023/10/9","12-13",5,"CS ","Raptor","Butastur indicus","Grey-faced Buzzard"
"1035","2023/10/9","12-13",9,"DGS","Raptor","Butastur indicus","Grey-faced Buzzard"
"1036","2023/10/9","12-13",1,"DGS","Raptor","Falco tinnunculus","Common Kestrel"
"1037","2023/10/9","12-13",1,"DGS","Raptor","Falco amurensis","Amur Falcon"
"1038","2023/10/9","12-13",1,"DGS","Raptor","Falco subbuteo","Eurasian Hobby"
"1039","2023/10/9","12-13",1,"CS ","Raptor","Falco peregrinus","Peregrine Falcon"
"1040","2023/10/9","12-13",1,"DGS","Raptor","Falco peregrinus","Peregrine Falcon"
"1041","2023/10/9","12-13",3,"CS ","Raptor","Eagles (unidentified)","Unidentified Eagles"
"1042","2023/10/9","12-13",1,"DGS","Raptor","Eagles (unidentified)","Unidentified Eagles"
"1043","2023/10/9","12-13",1,"DGS","Swift","Apus pacificus","Pacific Swift"
"1044","2023/10/9","12-13",2,"DGS","Else","Delichon dasypus/lagopodum","Asian/Siberian House Martin"
"1045","2023/10/9","13-14",8,"CS ","Raptor","Pernis ptilorhynchus","Crested Honey-buzzard"
"1046","2023/10/9","13-14",21,"DGS","Raptor","Pernis ptilorhynchus","Crested Honey-buzzard"
"1047","2023/10/9","13-14",1,"CS ","Raptor","Tachyspiza gularis","Japanese Sparrowhawk"
"1048","2023/10/9","13-14",1,"DGS","Raptor","Tachyspiza gularis","Japanese Sparrowhawk"
"1049","2023/10/9","13-14",1,"CS ","Raptor","Milvus migrans","Black Kite"
"1050","2023/10/9","13-14",1,"DGS","Raptor","Milvus migrans","Black Kite"
"1051","2023/10/9","13-14",4,"CS ","Raptor","Butastur indicus","Grey-faced Buzzard"
"1052","2023/10/9","13-14",4,"DGS","Raptor","Butastur indicus","Grey-faced Buzzard"
"1053","2023/10/9","13-14",2,"DGS","Raptor","Falco amurensis","Amur Falcon"
"1054","2023/10/9","13-14",1,"DGS","Raptor","Falco peregrinus","Peregrine Falcon"
"1055","2023/10/9","13-14",1,"DGS","Swift","Hirundapus caudacutus","White-throated Needletail"
"1056","2023/10/9","13-14",1,"DGS","Else","Delichon dasypus/lagopodum","Asian/Siberian House Martin"
"1057","2023/10/9","14-15",7,"DGS","Raptor","Pernis ptilorhynchus","Crested Honey-buzzard"
"1058","2023/10/9","14-15",1,"DGS","Raptor","Accipiter nisus","Eurasian Sparrowhawk"
"1059","2023/10/9","14-15",2,"DGS","Raptor","Butastur indicus","Grey-faced Buzzard"
"1060","2023/10/9","15-16",2,"DGS","Raptor","Pandion haliaetus","Osprey"
"1061","2023/10/9","15-16",1,"DGS","Raptor","Pernis ptilorhynchus","Crested Honey-buzzard"
"1062","2023/10/9","15-16",1,"DGS","Raptor","Falco peregrinus","Peregrine Falcon"
"1063","2023/10/9","15-16",1,"DGS","Swift","Apus pacificus","Pacific Swift"
"1064","2023/10/9","17-17:30",1,"DGS","Swift","Apus pacificus","Pacific Swift"
"1065","2023/10/9","8-9",1,"CS ","Raptor","Falco subbuteo","Eurasian Hobby"
"1066","2023/10/9","8-9",1,"CS ","Swift","Apus pacificus","Pacific Swift"
"1067","2023/10/9","9-10",1,"CS ","Raptor","Tachyspiza gularis","Japanese Sparrowhawk"
"1068","2023/10/9","9-10",1,"CS ","Raptor","Eagles (unidentified)","Unidentified Eagles"
"1069","2023/10/9","9-10",1,"CS ","Raptor","Falco sp.","Unidentified Falcons"
"1070","2023/10/9","9-10",1,"CS ","Raptor","Raptors (unidentified)","Unidentified Raptors"
"1071","2023/10/9","9-10",2,"CS ","Swift","Apus nipalensis","House Swift"
"1072","2023/10/9","10-11",1,"CS ","Raptor","Falco sp.","Unidentified Falcons"
"1073","2023/10/9","11-12",1,"CS ","Raptor","Falco subbuteo","Eurasian Hobby"
"1074","2023/10/9","11-12",1,"CS ","Raptor","Eagles (unidentified)","Unidentified Eagles"
"1075","2023/10/9","11-12",1,"CS ","Raptor","Falco sp.","Unidentified Falcons"
"1076","2023/10/9","11-12",1,"CS ","Swift","Apus nipalensis","House Swift"
"1077","2023/10/9","13-14",1,"CS ","Raptor","Eagles (unidentified)","Unidentified Eagles"
"1078","2023/10/9","15-16",1,"CS ","Raptor","Falco subbuteo","Eurasian Hobby"
"1079","2023/10/10","Before 7",1,"DGS","Raptor","Pernis ptilorhynchus","Crested Honey-buzzard"
"1080","2023/10/10","Before 7",1,"DGS","Else","Eophona personata","Japanese Grosbeak"
"1081","2023/10/10","7-8",1,"DGS","Raptor","Pandion haliaetus","Osprey"
"1082","2023/10/10","7-8",76,"CS ","Raptor","Butastur indicus","Grey-faced Buzzard"
"1083","2023/10/10","7-8",7,"DGS","Raptor","Butastur indicus","Grey-faced Buzzard"
"1084","2023/10/10","7-8",1,"DGS","Raptor","Falco tinnunculus","Common Kestrel"
"1085","2023/10/10","7-8",1,"DGS","Raptor","Falco subbuteo","Eurasian Hobby"
"1086","2023/10/10","8-9",4,"CS ","Raptor","Pernis ptilorhynchus","Crested Honey-buzzard"
"1087","2023/10/10","8-9",5,"DGS","Raptor","Pernis ptilorhynchus","Crested Honey-buzzard"
"1088","2023/10/10","8-9",1,"CS ","Raptor","Lophospiza trivirgata","Crested Goshawk"
"1089","2023/10/10","8-9",1,"DGS","Raptor","Lophospiza trivirgata","Crested Goshawk"
"1090","2023/10/10","8-9",11,"CS ","Raptor","Tachyspiza gularis","Japanese Sparrowhawk"
"1091","2023/10/10","8-9",4,"DGS","Raptor","Tachyspiza gularis","Japanese Sparrowhawk"
"1092","2023/10/10","8-9",27,"CS ","Raptor","Butastur indicus","Grey-faced Buzzard"
"1093","2023/10/10","8-9",6,"DGS","Raptor","Butastur indicus","Grey-faced Buzzard"
"1094","2023/10/10","9-10",1,"CS ","Raptor","Pernis ptilorhynchus","Crested Honey-buzzard"
"1095","2023/10/10","9-10",9,"DGS","Raptor","Pernis ptilorhynchus","Crested Honey-buzzard"
"1096","2023/10/10","9-10",6,"CS ","Raptor","Lophospiza trivirgata","Crested Goshawk"
"1097","2023/10/10","9-10",1,"DGS","Raptor","Lophospiza trivirgata","Crested Goshawk"
"1098","2023/10/10","9-10",1,"DGS","Raptor","Tachyspiza soloensis","Chinese Sparrowhawk"
"1099","2023/10/10","9-10",6,"CS ","Raptor","Tachyspiza gularis","Japanese Sparrowhawk"
"1100","2023/10/10","9-10",3,"DGS","Raptor","Tachyspiza gularis","Japanese Sparrowhawk"
"1101","2023/10/10","9-10",3,"CS ","Raptor","Butastur indicus","Grey-faced Buzzard"
"1102","2023/10/10","9-10",4,"DGS","Raptor","Butastur indicus","Grey-faced Buzzard"
"1103","2023/10/10","9-10",1,"DGS","Raptor","Buteo japonicus","Eastern Buzzard"
"1104","2023/10/10","9-10",2,"DGS","Raptor","Falco peregrinus","Peregrine Falcon"
"1105","2023/10/10","10-11",1,"DGS","Raptor","Pandion haliaetus","Osprey"
"1106","2023/10/10","10-11",3,"DGS","Raptor","Pernis ptilorhynchus","Crested Honey-buzzard"
"1107","2023/10/10","11-12",1,"DGS","Raptor","Buteo japonicus","Eastern Buzzard"
"1108","2023/10/10","12-13",1,"DGS","Raptor","Tachyspiza gularis","Japanese Sparrowhawk"
"1109","2023/10/10","12-13",1,"CS ","Raptor","Falco tinnunculus","Common Kestrel"
"1110","2023/10/10","12-13",1,"DGS","Raptor","Falco tinnunculus","Common Kestrel"
"1111","2023/10/10","13-14",1,"DGS","Raptor","Butastur indicus","Grey-faced Buzzard"
"1112","2023/10/10","15-16",2,"DGS","Raptor","Falco subbuteo","Eurasian Hobby"
"1113","2023/10/10","16-17",2,"DGS","Raptor","Falco tinnunculus","Common Kestrel"
"1114","2023/10/10","16-17",1,"CS ","Raptor","Falco amurensis","Amur Falcon"
"1115","2023/10/10","16-17",5,"DGS","Raptor","Falco amurensis","Amur Falcon"
"1116","2023/10/10","16-17",4,"DGS","Raptor","Falco subbuteo","Eurasian Hobby"
"1117","2023/10/10","16-17",1,"DGS","Raptor","Falco peregrinus","Peregrine Falcon"
"1118","2023/10/10","Before 7",5,"CS ","Swift","Aerodramus brevirostris","Himalayan Swiftlet"
"1119","2023/10/10","7-8",2,"CS ","Raptor","Pernis ptilorhynchus","Crested Honey-buzzard"
"1120","2023/10/10","7-8",1,"CS ","Raptor","Tachyspiza gularis","Japanese Sparrowhawk"
"1121","2023/10/10","7-8",1,"CS ","Raptor","Raptors (unidentified)","Unidentified Raptors"
"1122","2023/10/10","7-8",1,"CS ","Swift","Apus pacificus","Pacific Swift"
"1123","2023/10/10","7-8",1,"CS ","Else","Delichon dasypus/lagopodum","Asian/Siberian House Martin"
"1124","2023/10/10","8-9",1,"CS ","Raptor","Accipiter nisus","Eurasian Sparrowhawk"
"1125","2023/10/10","8-9",1,"CS ","Raptor","Falco amurensis","Amur Falcon"
"1126","2023/10/10","8-9",2,"CS ","Else","Delichon dasypus/lagopodum","Asian/Siberian House Martin"
"1127","2023/10/10","9-10",1,"CS ","Raptor","Falco amurensis","Amur Falcon"
"1128","2023/10/10","9-10",1,"CS ","Raptor","Falco subbuteo","Eurasian Hobby"
"1129","2023/10/10","9-10",1,"CS ","Swift","Apus pacificus","Pacific Swift"
"1130","2023/10/10","11-12",1,"CS ","Raptor","Falco peregrinus","Peregrine Falcon"
"1131","2023/10/10","12-13",1,"CS ","Raptor","Buteo japonicus","Eastern Buzzard"
"1132","2023/10/10","12-13",5,"CS ","Raptor","Falco amurensis","Amur Falcon"
"1133","2023/10/10","12-13",4,"CS ","Raptor","Falco subbuteo","Eurasian Hobby"
"1134","2023/10/10","12-13",6,"CS ","Raptor","Falco peregrinus","Peregrine Falcon"
"1135","2023/10/10","13-14",1,"CS ","Raptor","Accipiter nisus","Eurasian Sparrowhawk"
"1136","2023/10/10","13-14",1,"CS ","Raptor","Circus spilonotus","Eastern Marsh Harrier"
"1137","2023/10/10","13-14",1,"CS ","Raptor","Falco peregrinus","Peregrine Falcon"
"1138","2023/10/10","14-15",1,"CS ","Raptor","Tachyspiza gularis","Japanese Sparrowhawk"
"1139","2023/10/10","14-15",2,"CS ","Raptor","Butastur indicus","Grey-faced Buzzard"
"1140","2023/10/10","14-15",4,"CS ","Raptor","Falco subbuteo","Eurasian Hobby"
"1141","2023/10/11","Before 7",1,"DGS","Raptor","Tachyspiza gularis","Japanese Sparrowhawk"
"1142","2023/10/11","Before 7",2,"DGS","Raptor","Falco subbuteo","Eurasian Hobby"
"1143","2023/10/11","7-8",5,"DGS","Raptor","Pernis ptilorhynchus","Crested Honey-buzzard"
"1144","2023/10/11","7-8",1,"DGS","Raptor","Lophospiza trivirgata","Crested Goshawk"
"1145","2023/10/11","7-8",2,"CS ","Raptor","Tachyspiza gularis","Japanese Sparrowhawk"
"1146","2023/10/11","7-8",2,"DGS","Raptor","Tachyspiza gularis","Japanese Sparrowhawk"
"1147","2023/10/11","7-8",2,"DGS","Swift","Hirundapus caudacutus","White-throated Needletail"
"1148","2023/10/11","7-8",1,"DGS","Swift","Apus pacificus","Pacific Swift"
"1149","2023/10/11","7-8",1,"DGS","Swift","Aerodramus brevirostris","Himalayan Swiftlet"
"1150","2023/10/11","7-8",1,"CS ","Else","Delichon dasypus/lagopodum","Asian/Siberian House Martin"
"1151","2023/10/11","7-8",4,"DGS","Else","Delichon dasypus/lagopodum","Asian/Siberian House Martin"
"1152","2023/10/11","8-9",3,"CS ","Raptor","Lophospiza trivirgata","Crested Goshawk"
"1153","2023/10/11","8-9",1,"DGS","Raptor","Lophospiza trivirgata","Crested Goshawk"
"1154","2023/10/11","8-9",8,"CS ","Raptor","Tachyspiza gularis","Japanese Sparrowhawk"
"1155","2023/10/11","8-9",9,"DGS","Raptor","Tachyspiza gularis","Japanese Sparrowhawk"
"1156","2023/10/11","8-9",71,"CS ","Raptor","Butastur indicus","Grey-faced Buzzard"
"1157","2023/10/11","8-9",54,"DGS","Raptor","Butastur indicus","Grey-faced Buzzard"
"1158","2023/10/11","8-9",1,"DGS","Swift","Apus nipalensis","House Swift"
"1159","2023/10/11","9-10",2,"CS ","Raptor","Pernis ptilorhynchus","Crested Honey-buzzard"
"1160","2023/10/11","9-10",3,"DGS","Raptor","Pernis ptilorhynchus","Crested Honey-buzzard"
"1161","2023/10/11","9-10",2,"DGS","Raptor","Tachyspiza gularis","Japanese Sparrowhawk"
"1162","2023/10/11","9-10",382,"CS ","Raptor","Butastur indicus","Grey-faced Buzzard"
"1163","2023/10/11","9-10",106,"DGS","Raptor","Butastur indicus","Grey-faced Buzzard"
"1164","2023/10/11","9-10",1,"DGS","Raptor","Falco peregrinus","Peregrine Falcon"
"1165","2023/10/11","10-11",2,"DGS","Raptor","Lophospiza trivirgata","Crested Goshawk"
"1166","2023/10/11","10-11",1,"CS ","Raptor","Tachyspiza gularis","Japanese Sparrowhawk"
"1167","2023/10/11","10-11",2,"DGS","Raptor","Tachyspiza gularis","Japanese Sparrowhawk"
"1168","2023/10/11","10-11",1,"CS ","Raptor","Butastur indicus","Grey-faced Buzzard"
"1169","2023/10/11","10-11",6,"DGS","Raptor","Butastur indicus","Grey-faced Buzzard"
"1170","2023/10/11","10-11",1,"CS ","Raptor","Falco peregrinus","Peregrine Falcon"
"1171","2023/10/11","10-11",1,"DGS","Raptor","Falco peregrinus","Peregrine Falcon"
"1172","2023/10/11","11-12",1,"CS ","Raptor","Tachyspiza gularis","Japanese Sparrowhawk"
"1173","2023/10/11","11-12",2,"DGS","Raptor","Tachyspiza gularis","Japanese Sparrowhawk"
"1174","2023/10/11","11-12",1,"CS ","Raptor","Butastur indicus","Grey-faced Buzzard"
"1175","2023/10/11","11-12",2,"DGS","Raptor","Butastur indicus","Grey-faced Buzzard"
"1176","2023/10/11","11-12",1,"DGS","Raptor","Falco amurensis","Amur Falcon"
"1177","2023/10/11","12-13",1,"DGS","Raptor","Raptors (unidentified)","Unidentified Raptors"
"1178","2023/10/11","Before 7",1,"CS ","Raptor","Raptors (unidentified)","Unidentified Raptors"
"1179","2023/10/11","7-8",3,"CS ","Raptor","Butastur indicus","Grey-faced Buzzard"
"1180","2023/10/11","7-8",3,"CS ","Raptor","Falco subbuteo","Eurasian Hobby"
"1181","2023/10/11","8-9",1,"CS ","Raptor","Falco tinnunculus","Common Kestrel"
"1182","2023/10/11","8-9",1,"CS ","Raptor","Eagles (unidentified)","Unidentified Eagles"
"1183","2023/10/11","8-9",2,"CS ","Swift","Hirundapus caudacutus","White-throated Needletail"
"1184","2023/10/11","8-9",1,"CS ","Else","Delichon dasypus/lagopodum","Asian/Siberian House Martin"
"1185","2023/10/11","9-10",1,"CS ","Raptor","Pandion haliaetus","Osprey"
"1186","2023/10/11","9-10",1,"CS ","Raptor","Accipiter nisus","Eurasian Sparrowhawk"
"1187","2023/10/11","10-11",1,"CS ","Raptor","Accipiter nisus","Eurasian Sparrowhawk"
"1188","2023/10/11","10-11",2,"CS ","Raptor","Falco tinnunculus","Common Kestrel"
"1189","2023/10/11","10-11",1,"CS ","Swift","Apus pacificus","Pacific Swift"
"1190","2023/10/11","11-12",1,"CS ","Raptor","Accipiter nisus","Eurasian Sparrowhawk"
"1191","2023/10/11","11-12",1,"CS ","Raptor","Falco subbuteo","Eurasian Hobby"
"1192","2023/10/11","11-12",1,"CS ","Raptor","Falco peregrinus","Peregrine Falcon"
"1193","2023/10/11","11-12",1,"CS ","Else","Coturnix japonica","Japanese Quail"
"1194","2023/10/11","12-13",1,"CS ","Raptor","Accipiter nisus","Eurasian Sparrowhawk"
"1195","2023/10/11","12-13",1,"CS ","Raptor","Falco subbuteo","Eurasian Hobby"
"1196","2023/10/11","12-13",1,"CS ","Raptor","Falco peregrinus","Peregrine Falcon"
"1197","2023/10/11","12-13",1,"CS ","Raptor","Falco sp.","Unidentified Falcons"
"1198","2023/10/11","12-13",2,"CS ","Swift","Hirundapus caudacutus","White-throated Needletail"
"1199","2023/10/11","13-14",1,"CS ","Raptor","Accipiter nisus","Eurasian Sparrowhawk"
"1200","2023/10/11","13-14",1,"CS ","Raptor","Falco amurensis","Amur Falcon"
"1201","2023/10/11","13-14",1,"CS ","Raptor","Ictinaetus malaiensis","Black Eagle"
"1202","2023/10/11","14-15",1,"CS ","Raptor","Tachyspiza gularis","Japanese Sparrowhawk"
"1203","2023/10/11","14-15",2,"CS ","Raptor","Accipiter nisus","Eurasian Sparrowhawk"
"1204","2023/10/11","14-15",1,"CS ","Swift","Hirundapus caudacutus","White-throated Needletail"
"1205","2023/10/11","15-16",3,"CS ","Raptor","Buteo japonicus","Eastern Buzzard"
"1206","2023/10/11","16-17",1,"CS ","Raptor","Falco subbuteo","Eurasian Hobby"
"1207","2023/10/12","Before 7",1,"DGS","Raptor","Pernis ptilorhynchus","Crested Honey-buzzard"
"1208","2023/10/12","Before 7",1,"DGS","Raptor","Eagles (unidentified)","Unidentified Eagles"
"1209","2023/10/12","7-8",1,"DGS","Raptor","Lophospiza trivirgata","Crested Goshawk"
"1210","2023/10/12","8-9",2,"DGS","Raptor","Pernis ptilorhynchus","Crested Honey-buzzard"
"1211","2023/10/12","8-9",1,"DGS","Raptor","Lophospiza trivirgata","Crested Goshawk"
"1212","2023/10/12","8-9",3,"CS ","Raptor","Tachyspiza gularis","Japanese Sparrowhawk"
"1213","2023/10/12","8-9",7,"DGS","Raptor","Tachyspiza gularis","Japanese Sparrowhawk"
"1214","2023/10/12","9-10",2,"CS ","Raptor","Tachyspiza gularis","Japanese Sparrowhawk"
"1215","2023/10/12","9-10",7,"DGS","Raptor","Tachyspiza gularis","Japanese Sparrowhawk"
"1216","2023/10/12","9-10",1,"DGS","Raptor","Accipiter nisus","Eurasian Sparrowhawk"
"1217","2023/10/12","9-10",1,"CS ","Raptor","Buteo japonicus","Eastern Buzzard"
"1218","2023/10/12","9-10",2,"DGS","Raptor","Buteo japonicus","Eastern Buzzard"
"1219","2023/10/12","9-10",1,"DGS","Raptor","Falco tinnunculus","Common Kestrel"
"1220","2023/10/12","10-11",2,"CS ","Raptor","Tachyspiza gularis","Japanese Sparrowhawk"
"1221","2023/10/12","10-11",1,"DGS","Raptor","Tachyspiza gularis","Japanese Sparrowhawk"
"1222","2023/10/12","Before 7",1,"CS ","Raptor","Falco subbuteo","Eurasian Hobby"
"1223","2023/10/12","Before 7",11,"CS ","Else","Delichon dasypus/lagopodum","Asian/Siberian House Martin"
"1224","2023/10/12","7-8",2,"CS ","Raptor","Pernis ptilorhynchus","Crested Honey-buzzard"
"1225","2023/10/12","7-8",4,"CS ","Raptor","Tachyspiza gularis","Japanese Sparrowhawk"
"1226","2023/10/12","7-8",2,"CS ","Raptor","Accipiter nisus","Eurasian Sparrowhawk"
"1227","2023/10/12","7-8",127,"CS ","Raptor","Butastur indicus","Grey-faced Buzzard"
"1228","2023/10/12","7-8",5,"CS ","Swift","Hirundapus caudacutus","White-throated Needletail"
"1229","2023/10/12","7-8",1,"CS ","Swift","Apus pacificus","Pacific Swift"
"1230","2023/10/12","7-8",2,"CS ","Else","Delichon dasypus/lagopodum","Asian/Siberian House Martin"
"1231","2023/10/12","8-9",1,"CS ","Raptor","Astur gentilis","Eurasian Goshawk"
"1232","2023/10/12","8-9",3,"CS ","Raptor","Butastur indicus","Grey-faced Buzzard"
"1233","2023/10/12","8-9",1,"CS ","Raptor","Buteo japonicus","Eastern Buzzard"
"1234","2023/10/12","8-9",1,"CS ","Raptor","Eagles (unidentified)","Unidentified Eagles"
"1235","2023/10/12","9-10",1,"CS ","Raptor","Pernis ptilorhynchus","Crested Honey-buzzard"
"1236","2023/10/12","9-10",1,"CS ","Raptor","Lophospiza trivirgata","Crested Goshawk"
"1237","2023/10/12","9-10",2,"CS ","Raptor","Falco subbuteo","Eurasian Hobby"
"1238","2023/10/12","9-10",3,"CS ","Swift","Hirundapus caudacutus","White-throated Needletail"
"1239","2023/10/12","10-11",1,"CS ","Raptor","Lophospiza trivirgata","Crested Goshawk"
"1240","2023/10/12","10-11",2,"CS ","Raptor","Falco subbuteo","Eurasian Hobby"
"1241","2023/10/12","11-12",1,"CS ","Raptor","Tachyspiza soloensis","Chinese Sparrowhawk"
"1242","2023/10/12","11-12",1,"CS ","Raptor","Tachyspiza gularis","Japanese Sparrowhawk"
"1243","2023/10/12","11-12",1,"CS ","Raptor","Falco subbuteo","Eurasian Hobby"
"1244","2023/10/12","11-12",2,"CS ","Swift","Hirundapus caudacutus","White-throated Needletail"
"1245","2023/10/12","12-13",2,"CS ","Raptor","Buteo japonicus","Eastern Buzzard"
"1246","2023/10/12","12-13",2,"CS ","Raptor","Falco amurensis","Amur Falcon"
"1247","2023/10/12","12-13",3,"CS ","Raptor","Falco subbuteo","Eurasian Hobby"
"1248","2023/10/12","13-14",2,"CS ","Raptor","Falco subbuteo","Eurasian Hobby"
"1249","2023/10/12","13-14",1,"CS ","Raptor","Ictinaetus malaiensis","Black Eagle"
"1250","2023/10/12","13-14",1,"CS ","Raptor","Falco sp.","Unidentified Falcons"
"1251","2023/10/12","14-15",1,"CS ","Raptor","Astur gentilis","Eurasian Goshawk"
"1252","2023/10/12","14-15",6,"CS ","Raptor","Falco amurensis","Amur Falcon"
"1253","2023/10/12","14-15",2,"CS ","Raptor","Falco subbuteo","Eurasian Hobby"
"1254","2023/10/12","14-15",1,"CS ","Else","Hypsipetes amaurotis","Brown-eared Bulbul"
"1255","2023/10/12","15-16",1,"CS ","Raptor","Accipiter nisus","Eurasian Sparrowhawk"
"1256","2023/10/12","15-16",2,"CS ","Raptor","Falco amurensis","Amur Falcon"
"1257","2023/10/12","15-16",5,"CS ","Raptor","Falco subbuteo","Eurasian Hobby"
"1258","2023/10/12","15-16",2,"CS ","Raptor","Falco peregrinus","Peregrine Falcon"
"1259","2023/10/12","16-17",1,"CS ","Raptor","Pandion haliaetus","Osprey"
"1260","2023/10/12","16-17",4,"CS ","Raptor","Buteo japonicus","Eastern Buzzard"
"1261","2023/10/12","16-17",1,"CS ","Raptor","Falco amurensis","Amur Falcon"
"1262","2023/10/12","16-17",1,"CS ","Raptor","Eagles (unidentified)","Unidentified Eagles"
"1263","2023/10/13","Before 7",1,"DGS","Raptor","Falco amurensis","Amur Falcon"
"1264","2023/10/13","7-8",5,"DGS","Raptor","Butastur indicus","Grey-faced Buzzard"
"1265","2023/10/13","7-8",3,"DGS","Raptor","Falco subbuteo","Eurasian Hobby"
"1266","2023/10/13","9-10",1,"CS ","Raptor","Tachyspiza gularis","Japanese Sparrowhawk"
"1267","2023/10/13","9-10",1,"DGS","Raptor","Tachyspiza gularis","Japanese Sparrowhawk"
"1268","2023/10/13","10-11",1,"DGS","Else","Ficedula albicilla","Taiga Flycatcher"
"1269","2023/10/13","11-12",1,"DGS","Raptor","Falco subbuteo","Eurasian Hobby"
"1270","2023/10/13","13-14",2,"DGS","Raptor","Tachyspiza gularis","Japanese Sparrowhawk"
"1271","2023/10/13","13-14",7,"DGS","Raptor","Butastur indicus","Grey-faced Buzzard"
"1272","2023/10/13","14-15",1,"DGS","Raptor","Tachyspiza gularis","Japanese Sparrowhawk"
"1273","2023/10/13","14-15",1,"CS ","Raptor","Butastur indicus","Grey-faced Buzzard"
"1274","2023/10/13","14-15",6,"DGS","Raptor","Butastur indicus","Grey-faced Buzzard"
"1275","2023/10/13","14-15",3,"DGS","Raptor","Falco amurensis","Amur Falcon"
"1276","2023/10/13","14-15",7,"CS ","Raptor","Falco subbuteo","Eurasian Hobby"
"1277","2023/10/13","14-15",6,"DGS","Raptor","Falco subbuteo","Eurasian Hobby"
"1278","2023/10/13","14-15",2,"DGS","Swift","Apus pacificus","Pacific Swift"
"1279","2023/10/13","15-16",1,"DGS","Raptor","Accipiter nisus","Eurasian Sparrowhawk"
"1280","2023/10/13","16-17",2,"DGS","Raptor","Eagles (unidentified)","Unidentified Eagles"
"1281","2023/10/13","12-13",1,"CS ","Raptor","Falco subbuteo","Eurasian Hobby"
"1282","2023/10/13","15-16",3,"CS ","Raptor","Falco subbuteo","Eurasian Hobby"
"1283","2023/10/13","16-17",1,"CS ","Raptor","Buteo japonicus","Eastern Buzzard"
"1284","2023/10/13","16-17",4,"CS ","Raptor","Falco subbuteo","Eurasian Hobby"
"1285","2023/10/14","Before 7",1,"DGS","Else","Cuculus canorus","Common Cuckoo"
"1286","2023/10/14","7-8",4,"DGS","Raptor","Butastur indicus","Grey-faced Buzzard"
"1287","2023/10/14","8-9",1,"DGS","Raptor","Lophospiza trivirgata","Crested Goshawk"
"1288","2023/10/14","8-9",2,"CS ","Raptor","Tachyspiza gularis","Japanese Sparrowhawk"
"1289","2023/10/14","8-9",4,"DGS","Raptor","Tachyspiza gularis","Japanese Sparrowhawk"
"1290","2023/10/14","8-9",9,"DGS","Raptor","Butastur indicus","Grey-faced Buzzard"
"1291","2023/10/14","8-9",1,"DGS","Raptor","Falco tinnunculus","Common Kestrel"
"1292","2023/10/14","8-9",1,"DGS","Raptor","Ictinaetus malaiensis","Black Eagle"
"1293","2023/10/14","8-9",1,"DGS","Else","Delichon dasypus/lagopodum","Asian/Siberian House Martin"
"1294","2023/10/14","9-10",2,"CS ","Raptor","Pernis ptilorhynchus","Crested Honey-buzzard"
"1295","2023/10/14","9-10",1,"DGS","Raptor","Pernis ptilorhynchus","Crested Honey-buzzard"
"1296","2023/10/14","9-10",1,"DGS","Raptor","Lophospiza trivirgata","Crested Goshawk"
"1297","2023/10/14","9-10",4,"CS ","Raptor","Tachyspiza gularis","Japanese Sparrowhawk"
"1298","2023/10/14","9-10",6,"DGS","Raptor","Tachyspiza gularis","Japanese Sparrowhawk"
"1299","2023/10/14","9-10",1,"DGS","Raptor","Astur gentilis","Eurasian Goshawk"
"1300","2023/10/14","9-10",9,"DGS","Raptor","Butastur indicus","Grey-faced Buzzard"
"1301","2023/10/14","9-10",1,"CS ","Raptor","Buteo japonicus","Eastern Buzzard"
"1302","2023/10/14","9-10",5,"DGS","Raptor","Buteo japonicus","Eastern Buzzard"
"1303","2023/10/14","9-10",1,"DGS","Raptor","Falco amurensis","Amur Falcon"
"1304","2023/10/14","9-10",2,"DGS","Else","Delichon dasypus/lagopodum","Asian/Siberian House Martin"
"1305","2023/10/14","10-11",1,"DGS","Raptor","Tachyspiza soloensis","Chinese Sparrowhawk"
"1306","2023/10/14","10-11",2,"CS ","Raptor","Tachyspiza gularis","Japanese Sparrowhawk"
"1307","2023/10/14","10-11",5,"DGS","Raptor","Tachyspiza gularis","Japanese Sparrowhawk"
"1308","2023/10/14","10-11",119,"DGS","Raptor","Butastur indicus","Grey-faced Buzzard"
"1309","2023/10/14","10-11",1,"DGS","Raptor","Falco subbuteo","Eurasian Hobby"
"1310","2023/10/14","10-11",1,"DGS","Swift","Hirundapus caudacutus","White-throated Needletail"
"1311","2023/10/14","10-11",1,"DGS","Else","Ficedula mugimaki","Mugimaki Flycatcher"
"1312","2023/10/14","11-12",2,"CS ","Raptor","Tachyspiza gularis","Japanese Sparrowhawk"
"1313","2023/10/14","11-12",3,"DGS","Raptor","Tachyspiza gularis","Japanese Sparrowhawk"
"1314","2023/10/14","11-12",1,"DGS","Raptor","Accipiter nisus","Eurasian Sparrowhawk"
"1315","2023/10/14","11-12",97,"DGS","Raptor","Butastur indicus","Grey-faced Buzzard"
"1316","2023/10/14","11-12",1,"CS ","Raptor","Falco tinnunculus","Common Kestrel"
"1317","2023/10/14","11-12",1,"DGS","Raptor","Falco tinnunculus","Common Kestrel"
"1318","2023/10/14","11-12",1,"DGS","Raptor","Falco amurensis","Amur Falcon"
"1319","2023/10/14","11-12",1,"DGS","Raptor","Falco subbuteo","Eurasian Hobby"
"1320","2023/10/14","11-12",1,"DGS","Swift","Apus pacificus","Pacific Swift"
"1321","2023/10/14","12-13",8,"CS ","Raptor","Pernis ptilorhynchus","Crested Honey-buzzard"
"1322","2023/10/14","12-13",5,"DGS","Raptor","Pernis ptilorhynchus","Crested Honey-buzzard"
"1323","2023/10/14","12-13",2,"CS ","Raptor","Tachyspiza gularis","Japanese Sparrowhawk"
"1324","2023/10/14","12-13",1,"DGS","Raptor","Tachyspiza gularis","Japanese Sparrowhawk"
"1325","2023/10/14","12-13",1,"CS ","Raptor","Accipiter nisus","Eurasian Sparrowhawk"
"1326","2023/10/14","12-13",1,"DGS","Raptor","Accipiter nisus","Eurasian Sparrowhawk"
"1327","2023/10/14","12-13",1,"DGS","Raptor","Astur gentilis","Eurasian Goshawk"
"1328","2023/10/14","12-13",1,"DGS","Raptor","Milvus migrans","Black Kite"
"1329","2023/10/14","12-13",491,"DGS","Raptor","Butastur indicus","Grey-faced Buzzard"
"1330","2023/10/14","12-13",1,"CS ","Raptor","Buteo japonicus","Eastern Buzzard"
"1331","2023/10/14","12-13",2,"DGS","Raptor","Buteo japonicus","Eastern Buzzard"
"1332","2023/10/14","12-13",1,"DGS","Raptor","Falco tinnunculus","Common Kestrel"
"1333","2023/10/14","12-13",2,"CS ","Raptor","Falco subbuteo","Eurasian Hobby"
"1334","2023/10/14","12-13",1,"DGS","Raptor","Falco subbuteo","Eurasian Hobby"
"1335","2023/10/14","13-14",5,"CS ","Raptor","Pernis ptilorhynchus","Crested Honey-buzzard"
"1336","2023/10/14","13-14",7,"DGS","Raptor","Pernis ptilorhynchus","Crested Honey-buzzard"
"1337","2023/10/14","13-14",3,"DGS","Raptor","Tachyspiza gularis","Japanese Sparrowhawk"
"1338","2023/10/14","13-14",48,"DGS","Raptor","Butastur indicus","Grey-faced Buzzard"
"1339","2023/10/14","13-14",7,"CS ","Raptor","Falco amurensis","Amur Falcon"
"1340","2023/10/14","13-14",1,"DGS","Raptor","Falco amurensis","Amur Falcon"
"1341","2023/10/14","13-14",3,"DGS","Raptor","Falco subbuteo","Eurasian Hobby"
"1342","2023/10/14","14-15",1,"DGS","Raptor","Pandion haliaetus","Osprey"
"1343","2023/10/14","14-15",14,"CS ","Raptor","Pernis ptilorhynchus","Crested Honey-buzzard"
"1344","2023/10/14","14-15",14,"DGS","Raptor","Pernis ptilorhynchus","Crested Honey-buzzard"
"1345","2023/10/14","14-15",2,"CS ","Raptor","Tachyspiza gularis","Japanese Sparrowhawk"
"1346","2023/10/14","14-15",2,"DGS","Raptor","Tachyspiza gularis","Japanese Sparrowhawk"
"1347","2023/10/14","14-15",2,"CS ","Raptor","Accipiter nisus","Eurasian Sparrowhawk"
"1348","2023/10/14","14-15",2,"DGS","Raptor","Accipiter nisus","Eurasian Sparrowhawk"
"1349","2023/10/14","14-15",75,"DGS","Raptor","Butastur indicus","Grey-faced Buzzard"
"1350","2023/10/14","14-15",1,"CS ","Raptor","Buteo japonicus","Eastern Buzzard"
"1351","2023/10/14","14-15",5,"DGS","Raptor","Buteo japonicus","Eastern Buzzard"
"1352","2023/10/14","14-15",2,"CS ","Raptor","Falco amurensis","Amur Falcon"
"1353","2023/10/14","14-15",2,"DGS","Raptor","Falco amurensis","Amur Falcon"
"1354","2023/10/14","14-15",2,"DGS","Raptor","Falco subbuteo","Eurasian Hobby"
"1355","2023/10/14","14-15",1,"DGS","Raptor","Falco peregrinus","Peregrine Falcon"
"1356","2023/10/14","15-16",1,"CS ","Raptor","Pandion haliaetus","Osprey"
"1357","2023/10/14","15-16",1,"DGS","Raptor","Pandion haliaetus","Osprey"
"1358","2023/10/14","15-16",16,"CS ","Raptor","Pernis ptilorhynchus","Crested Honey-buzzard"
"1359","2023/10/14","15-16",14,"DGS","Raptor","Pernis ptilorhynchus","Crested Honey-buzzard"
"1360","2023/10/14","15-16",2,"DGS","Raptor","Tachyspiza gularis","Japanese Sparrowhawk"
"1361","2023/10/14","15-16",1,"DGS","Raptor","Milvus migrans","Black Kite"
"1362","2023/10/14","15-16",235,"DGS","Raptor","Butastur indicus","Grey-faced Buzzard"
"1363","2023/10/14","15-16",1,"CS ","Raptor","Buteo japonicus","Eastern Buzzard"
"1364","2023/10/14","15-16",3,"DGS","Raptor","Buteo japonicus","Eastern Buzzard"
"1365","2023/10/14","15-16",9,"CS ","Raptor","Falco subbuteo","Eurasian Hobby"
"1366","2023/10/14","15-16",4,"DGS","Raptor","Falco subbuteo","Eurasian Hobby"
"1367","2023/10/14","16-17",2,"DGS","Raptor","Pernis ptilorhynchus","Crested Honey-buzzard"
"1368","2023/10/14","16-17",2,"DGS","Raptor","Tachyspiza gularis","Japanese Sparrowhawk"
"1369","2023/10/14","16-17",1,"DGS","Raptor","Milvus migrans","Black Kite"
"1370","2023/10/14","16-17",66,"DGS","Raptor","Butastur indicus","Grey-faced Buzzard"
"1371","2023/10/14","16-17",1,"CS ","Raptor","Falco amurensis","Amur Falcon"
"1372","2023/10/14","16-17",22,"DGS","Raptor","Falco amurensis","Amur Falcon"
"1373","2023/10/14","16-17",1,"DGS","Raptor","Falco subbuteo","Eurasian Hobby"
"1374","2023/10/14","17-17:30",4,"DGS","Raptor","Falco amurensis","Amur Falcon"
"1375","2023/10/14","17-17:30",4,"DGS","Raptor","Falco subbuteo","Eurasian Hobby"
"1376","2023/10/14","7-8",1,"CS ","Swift","Aerodramus brevirostris","Himalayan Swiftlet"
"1377","2023/10/14","7-8",2,"CS ","Else","Delichon dasypus/lagopodum","Asian/Siberian House Martin"
"1378","2023/10/14","8-9",1,"CS ","Raptor","Circus spilonotus","Eastern Marsh Harrier"
"1379","2023/10/14","9-10",1,"CS ","Raptor","Falco subbuteo","Eurasian Hobby"
"1380","2023/10/14","9-10",2,"CS ","Raptor","Eagles (unidentified)","Unidentified Eagles"
"1381","2023/10/14","9-10",1,"CS ","Swift","Aerodramus brevirostris","Himalayan Swiftlet"
"1382","2023/10/14","10-11",1,"CS ","Raptor","Pernis ptilorhynchus","Crested Honey-buzzard"
"1383","2023/10/14","10-11",2,"CS ","Raptor","Circus spilonotus","Eastern Marsh Harrier"
"1384","2023/10/14","10-11",1,"CS ","Raptor","Buteo japonicus","Eastern Buzzard"
"1385","2023/10/14","10-11",2,"CS ","Raptor","Eagles (unidentified)","Unidentified Eagles"
"1386","2023/10/14","11-12",2,"CS ","Raptor","Pernis ptilorhynchus","Crested Honey-buzzard"
"1387","2023/10/14","11-12",1,"CS ","Raptor","Buteo japonicus","Eastern Buzzard"
"1388","2023/10/14","12-13",1,"CS ","Raptor","Falco amurensis","Amur Falcon"
"1389","2023/10/14","12-13",1,"CS ","Raptor","Falco sp.","Unidentified Falcons"
"1390","2023/10/14","13-14",2,"CS ","Raptor","Buteo japonicus","Eastern Buzzard"
"1391","2023/10/14","13-14",1,"CS ","Raptor","Eagles (unidentified)","Unidentified Eagles"
"1392","2023/10/14","14-15",2,"CS ","Raptor","Astur gentilis","Eurasian Goshawk"
"1393","2023/10/14","14-15",1,"CS ","Raptor","Aquila fasciata","Bonelli's Eagle"
"1394","2023/10/14","14-15",1,"CS ","Raptor","Eagles (unidentified)","Unidentified Eagles"
"1395","2023/10/14","15-16",1,"CS ","Raptor","Accipiter nisus","Eurasian Sparrowhawk"
"1396","2023/10/14","15-16",1,"CS ","Raptor","Falco amurensis","Amur Falcon"
"1397","2023/10/14","16-17",1,"CS ","Raptor","Accipiter nisus","Eurasian Sparrowhawk"
"1398","2023/10/14","16-17",1,"CS ","Raptor","Buteo japonicus","Eastern Buzzard"
"1399","2023/10/14","Unknown",3,"CS ","Raptor","Milvus migrans","Black Kite"
"1400","2023/10/14","Unknown",2117,"CS ","Raptor","Butastur indicus","Grey-faced Buzzard"
"1401","2023/10/14","Unknown",1,"CS ","Raptor","Falco peregrinus","Peregrine Falcon"
"1402","2023/10/15","Before 7",1,"DGS","Raptor","Accipiter nisus","Eurasian Sparrowhawk"
"1403","2023/10/15","Before 7",3,"DGS","Raptor","Butastur indicus","Grey-faced Buzzard"
"1404","2023/10/15","Before 7",1,"DGS","Raptor","Falco tinnunculus","Common Kestrel"
"1405","2023/10/15","Before 7",2,"DGS","Else","Delichon dasypus/lagopodum","Asian/Siberian House Martin"
"1406","2023/10/15","7-8",12,"DGS","Raptor","Pernis ptilorhynchus","Crested Honey-buzzard"
"1407","2023/10/15","7-8",1,"CS ","Raptor","Tachyspiza gularis","Japanese Sparrowhawk"
"1408","2023/10/15","7-8",4,"DGS","Raptor","Tachyspiza gularis","Japanese Sparrowhawk"
"1409","2023/10/15","7-8",1,"CS ","Raptor","Milvus migrans","Black Kite"
"1410","2023/10/15","7-8",1,"DGS","Raptor","Milvus migrans","Black Kite"
"1411","2023/10/15","7-8",22,"CS ","Raptor","Butastur indicus","Grey-faced Buzzard"
"1412","2023/10/15","7-8",7,"DGS","Raptor","Butastur indicus","Grey-faced Buzzard"
"1413","2023/10/15","7-8",2,"DGS","Raptor","Ictinaetus malaiensis","Black Eagle"
"1414","2023/10/15","8-9",1,"DGS","Raptor","Pandion haliaetus","Osprey"
"1415","2023/10/15","8-9",1,"CS ","Raptor","Pernis ptilorhynchus","Crested Honey-buzzard"
"1416","2023/10/15","8-9",13,"DGS","Raptor","Pernis ptilorhynchus","Crested Honey-buzzard"
"1417","2023/10/15","8-9",1,"DGS","Raptor","Tachyspiza gularis","Japanese Sparrowhawk"
"1418","2023/10/15","8-9",2,"DGS","Raptor","Accipiter nisus","Eurasian Sparrowhawk"
"1419","2023/10/15","8-9",29,"CS ","Raptor","Butastur indicus","Grey-faced Buzzard"
"1420","2023/10/15","8-9",34,"DGS","Raptor","Butastur indicus","Grey-faced Buzzard"
"1421","2023/10/15","8-9",2,"DGS","Raptor","Falco subbuteo","Eurasian Hobby"
"1422","2023/10/15","9-10",3,"CS ","Raptor","Pernis ptilorhynchus","Crested Honey-buzzard"
"1423","2023/10/15","9-10",5,"DGS","Raptor","Pernis ptilorhynchus","Crested Honey-buzzard"
"1424","2023/10/15","9-10",2,"DGS","Raptor","Accipiter nisus","Eurasian Sparrowhawk"
"1425","2023/10/15","9-10",14,"CS ","Raptor","Butastur indicus","Grey-faced Buzzard"
"1426","2023/10/15","9-10",10,"DGS","Raptor","Butastur indicus","Grey-faced Buzzard"
"1427","2023/10/15","9-10",2,"DGS","Raptor","Falco amurensis","Amur Falcon"
"1428","2023/10/15","9-10",1,"DGS","Raptor","Falco subbuteo","Eurasian Hobby"
"1429","2023/10/15","10-11",1,"CS ","Raptor","Pernis ptilorhynchus","Crested Honey-buzzard"
"1430","2023/10/15","10-11",4,"DGS","Raptor","Pernis ptilorhynchus","Crested Honey-buzzard"
"1431","2023/10/15","10-11",1,"DGS","Raptor","Tachyspiza gularis","Japanese Sparrowhawk"
"1432","2023/10/15","10-11",1,"DGS","Raptor","Accipiter nisus","Eurasian Sparrowhawk"
"1433","2023/10/15","10-11",1,"DGS","Raptor","Circus melanoleucos","Pied Harrier"
"1434","2023/10/15","10-11",7,"CS ","Raptor","Butastur indicus","Grey-faced Buzzard"
"1435","2023/10/15","10-11",8,"DGS","Raptor","Butastur indicus","Grey-faced Buzzard"
"1436","2023/10/15","10-11",1,"CS ","Raptor","Buteo japonicus","Eastern Buzzard"
"1437","2023/10/15","10-11",1,"DGS","Raptor","Buteo japonicus","Eastern Buzzard"
"1438","2023/10/15","10-11",1,"DGS","Raptor","Falco tinnunculus","Common Kestrel"
"1439","2023/10/15","10-11",3,"CS ","Raptor","Falco amurensis","Amur Falcon"
"1440","2023/10/15","10-11",5,"DGS","Raptor","Falco amurensis","Amur Falcon"
"1441","2023/10/15","10-11",2,"DGS","Raptor","Falco subbuteo","Eurasian Hobby"
"1442","2023/10/15","10-11",3,"DGS","Raptor","Elanus caeruleus","Black-winged Kite"
"1443","2023/10/15","10-11",1,"DGS","Raptor","Eagles (unidentified)","Unidentified Eagles"
"1444","2023/10/15","10-11",2,"DGS","Raptor","Falco sp.","Unidentified Falcons"
"1445","2023/10/15","11-12",2,"DGS","Raptor","Pernis ptilorhynchus","Crested Honey-buzzard"
"1446","2023/10/15","11-12",1,"DGS","Raptor","Tachyspiza gularis","Japanese Sparrowhawk"
"1447","2023/10/15","11-12",1,"DGS","Raptor","Buteo japonicus","Eastern Buzzard"
"1448","2023/10/15","11-12",2,"CS ","Raptor","Falco amurensis","Amur Falcon"
"1449","2023/10/15","11-12",1,"DGS","Raptor","Falco amurensis","Amur Falcon"
"1450","2023/10/15","12-13",1,"DGS","Raptor","Tachyspiza gularis","Japanese Sparrowhawk"
"1451","2023/10/15","12-13",3,"CS ","Raptor","Falco amurensis","Amur Falcon"
"1452","2023/10/15","12-13",1,"DGS","Raptor","Falco amurensis","Amur Falcon"
"1453","2023/10/15","12-13",3,"DGS","Raptor","Falco subbuteo","Eurasian Hobby"
"1454","2023/10/15","12-13",3,"DGS","Raptor","Eagles (unidentified)","Unidentified Eagles"
"1455","2023/10/15","13-14",1,"DGS","Raptor","Pernis ptilorhynchus","Crested Honey-buzzard"
"1456","2023/10/15","13-14",1,"CS ","Raptor","Tachyspiza gularis","Japanese Sparrowhawk"
"1457","2023/10/15","13-14",1,"DGS","Raptor","Tachyspiza gularis","Japanese Sparrowhawk"
"1458","2023/10/15","13-14",1,"CS ","Raptor","Accipiter nisus","Eurasian Sparrowhawk"
"1459","2023/10/15","13-14",1,"DGS","Raptor","Accipiter nisus","Eurasian Sparrowhawk"
"1460","2023/10/15","13-14",2,"DGS","Raptor","Falco tinnunculus","Common Kestrel"
"1461","2023/10/15","13-14",1,"DGS","Raptor","Falco amurensis","Amur Falcon"
"1462","2023/10/15","13-14",1,"DGS","Raptor","Falco subbuteo","Eurasian Hobby"
"1463","2023/10/15","7-8",1,"CS ","Raptor","Buteo japonicus","Eastern Buzzard"
"1464","2023/10/15","8-9",1,"CS ","Raptor","Buteo japonicus","Eastern Buzzard"
"1465","2023/10/15","8-9",1,"CS ","Raptor","Falco amurensis","Amur Falcon"
"1466","2023/10/15","8-9",1,"CS ","Swift","Apus pacificus","Pacific Swift"
"1467","2023/10/15","9-10",1,"CS ","Raptor","Milvus migrans","Black Kite"
"1468","2023/10/15","12-13",1,"CS ","Raptor","Astur gentilis","Eurasian Goshawk"
"1469","2023/10/15","12-13",1,"CS ","Raptor","Butastur indicus","Grey-faced Buzzard"
"1470","2023/10/15","13-14",1,"CS ","Raptor","Milvus migrans","Black Kite"
"1471","2023/10/15","14-15",5,"CS ","Raptor","Accipiter nisus","Eurasian Sparrowhawk"
"1472","2023/10/15","14-15",1,"CS ","Raptor","Milvus migrans","Black Kite"
"1473","2023/10/15","14-15",1,"CS ","Raptor","Falco subbuteo","Eurasian Hobby"
"1474","2023/10/15","15-16",3,"CS ","Raptor","Accipiter nisus","Eurasian Sparrowhawk"
"1475","2023/10/15","15-16",1,"CS ","Raptor","Milvus migrans","Black Kite"
"1476","2023/10/15","15-16",1,"CS ","Raptor","Falco peregrinus","Peregrine Falcon"
"1477","2023/10/15","15-16",4,"CS ","Else","Delichon dasypus/lagopodum","Asian/Siberian House Martin"
"1478","2023/10/15","16-17",1,"CS ","Raptor","Circus spilonotus","Eastern Marsh Harrier"
"1479","2023/10/15","16-17",1,"CS ","Raptor","Milvus migrans","Black Kite"
"1480","2023/10/15","16-17",1,"CS ","Raptor","Buteo japonicus","Eastern Buzzard"
"1481","2023/10/15","16-17",2,"CS ","Else","Delichon dasypus/lagopodum","Asian/Siberian House Martin"
"1482","2023/10/16","7-8",1,"DGS","Raptor","Falco subbuteo","Eurasian Hobby"
"1483","2023/10/16","8-9",1,"DGS","Raptor","Tachyspiza soloensis","Chinese Sparrowhawk"
"1484","2023/10/16","8-9",1,"DGS","Raptor","Accipiter nisus","Eurasian Sparrowhawk"
"1485","2023/10/16","8-9",1,"CS ","Raptor","Falco tinnunculus","Common Kestrel"
"1486","2023/10/16","8-9",1,"DGS","Raptor","Falco tinnunculus","Common Kestrel"
"1487","2023/10/16","8-9",1,"CS ","Raptor","Falco amurensis","Amur Falcon"
"1488","2023/10/16","8-9",2,"DGS","Raptor","Falco amurensis","Amur Falcon"
"1489","2023/10/16","8-9",3,"DGS","Raptor","Falco subbuteo","Eurasian Hobby"
"1490","2023/10/16","9-10",4,"CS ","Raptor","Butastur indicus","Grey-faced Buzzard"
"1491","2023/10/16","9-10",7,"DGS","Raptor","Butastur indicus","Grey-faced Buzzard"
"1492","2023/10/16","9-10",1,"DGS","Raptor","Buteo japonicus","Eastern Buzzard"
"1493","2023/10/16","9-10",28,"CS ","Raptor","Falco amurensis","Amur Falcon"
"1494","2023/10/16","9-10",33,"DGS","Raptor","Falco amurensis","Amur Falcon"
"1495","2023/10/16","9-10",1,"CS ","Raptor","Falco subbuteo","Eurasian Hobby"
"1496","2023/10/16","9-10",7,"DGS","Raptor","Falco subbuteo","Eurasian Hobby"
"1497","2023/10/16","10-11",1,"DGS","Raptor","Accipiter nisus","Eurasian Sparrowhawk"
"1498","2023/10/16","10-11",1,"CS ","Raptor","Circus spilonotus","Eastern Marsh Harrier"
"1499","2023/10/16","10-11",1,"DGS","Raptor","Circus spilonotus","Eastern Marsh Harrier"
"1500","2023/10/16","10-11",1,"CS ","Raptor","Milvus migrans","Black Kite"
"1501","2023/10/16","10-11",1,"DGS","Raptor","Milvus migrans","Black Kite"
"1502","2023/10/16","10-11",1,"CS ","Raptor","Buteo japonicus","Eastern Buzzard"
"1503","2023/10/16","10-11",2,"DGS","Raptor","Buteo japonicus","Eastern Buzzard"
"1504","2023/10/16","10-11",1,"DGS","Raptor","Falco tinnunculus","Common Kestrel"
"1505","2023/10/16","10-11",131,"CS ","Raptor","Falco amurensis","Amur Falcon"
"1506","2023/10/16","10-11",74,"DGS","Raptor","Falco amurensis","Amur Falcon"
"1507","2023/10/16","10-11",1,"DGS","Raptor","Falco subbuteo","Eurasian Hobby"
"1508","2023/10/16","11-12",2,"DGS","Raptor","Lophospiza trivirgata","Crested Goshawk"
"1509","2023/10/16","11-12",21,"CS ","Raptor","Falco amurensis","Amur Falcon"
"1510","2023/10/16","11-12",32,"DGS","Raptor","Falco amurensis","Amur Falcon"
"1511","2023/10/16","12-13",1,"DGS","Raptor","Accipiter nisus","Eurasian Sparrowhawk"
"1512","2023/10/16","12-13",1,"DGS","Raptor","Butastur indicus","Grey-faced Buzzard"
"1513","2023/10/16","12-13",10,"CS ","Raptor","Falco amurensis","Amur Falcon"
"1514","2023/10/16","12-13",3,"DGS","Raptor","Falco amurensis","Amur Falcon"
"1515","2023/10/16","12-13",1,"DGS","Raptor","Falco subbuteo","Eurasian Hobby"
"1516","2023/10/16","13-14",1,"DGS","Raptor","Pernis ptilorhynchus","Crested Honey-buzzard"
"1517","2023/10/16","13-14",1,"DGS","Raptor","Accipiter nisus","Eurasian Sparrowhawk"
"1518","2023/10/16","13-14",1,"DGS","Raptor","Butastur indicus","Grey-faced Buzzard"
"1519","2023/10/16","13-14",6,"DGS","Raptor","Falco amurensis","Amur Falcon"
"1520","2023/10/16","15-16",2,"DGS","Raptor","Falco amurensis","Amur Falcon"
"1521","2023/10/16","15-16",1,"DGS","Raptor","Falco subbuteo","Eurasian Hobby"
"1522","2023/10/16","7-8",1,"CS ","Raptor","Milvus migrans","Black Kite"
"1523","2023/10/16","8-9",1,"CS ","Raptor","Lophospiza trivirgata","Crested Goshawk"
"1524","2023/10/16","8-9",3,"CS ","Raptor","Butastur indicus","Grey-faced Buzzard"
"1525","2023/10/16","8-9",1,"CS ","Raptor","Buteo japonicus","Eastern Buzzard"
"1526","2023/10/16","9-10",1,"CS ","Raptor","Tachyspiza gularis","Japanese Sparrowhawk"
"1527","2023/10/16","9-10",2,"CS ","Raptor","Accipiter nisus","Eurasian Sparrowhawk"
"1528","2023/10/16","10-11",3,"CS ","Raptor","Tachyspiza gularis","Japanese Sparrowhawk"
"1529","2023/10/16","10-11",1,"CS ","Raptor","Butastur indicus","Grey-faced Buzzard"
"1530","2023/10/16","10-11",1,"CS ","Else","Delichon dasypus/lagopodum","Asian/Siberian House Martin"
"1531","2023/10/16","11-12",2,"CS ","Raptor","Buteo japonicus","Eastern Buzzard"
"1532","2023/10/16","11-12",1,"CS ","Raptor","Raptors (unidentified)","Unidentified Raptors"
"1533","2023/10/16","12-13",2,"CS ","Raptor","Tachyspiza gularis","Japanese Sparrowhawk"
"1534","2023/10/16","12-13",1,"CS ","Raptor","Eagles (unidentified)","Unidentified Eagles"
"1535","2023/10/16","13-14",1,"CS ","Raptor","Tachyspiza gularis","Japanese Sparrowhawk"
"1536","2023/10/16","13-14",1,"CS ","Raptor","Eagles (unidentified)","Unidentified Eagles"
"1537","2023/10/16","14-15",1,"CS ","Raptor","Tachyspiza gularis","Japanese Sparrowhawk"
"1538","2023/10/16","14-15",2,"CS ","Raptor","Falco amurensis","Amur Falcon"
"1539","2023/10/16","15-16",1,"CS ","Raptor","Pandion haliaetus","Osprey"
"1540","2023/10/16","15-16",1,"CS ","Raptor","Astur gentilis","Eurasian Goshawk"
"1541","2023/10/16","15-16",1,"CS ","Raptor","Buteo japonicus","Eastern Buzzard"
"1542","2023/10/17","8-9",2,"DGS","Raptor","Tachyspiza gularis","Japanese Sparrowhawk"
"1543","2023/10/17","8-9",2,"DGS","Raptor","Butastur indicus","Grey-faced Buzzard"
"1544","2023/10/17","8-9",1,"DGS","Raptor","Falco subbuteo","Eurasian Hobby"
"1545","2023/10/17","9-10",55,"CS ","Raptor","Butastur indicus","Grey-faced Buzzard"
"1546","2023/10/17","9-10",53,"DGS","Raptor","Butastur indicus","Grey-faced Buzzard"
"1547","2023/10/17","9-10",1,"DGS","Raptor","Buteo japonicus","Eastern Buzzard"
"1548","2023/10/17","9-10",1,"CS ","Raptor","Falco subbuteo","Eurasian Hobby"
"1549","2023/10/17","9-10",1,"DGS","Raptor","Falco subbuteo","Eurasian Hobby"
"1550","2023/10/17","10-11",1,"DGS","Raptor","Lophospiza trivirgata","Crested Goshawk"
"1551","2023/10/17","10-11",3,"DGS","Raptor","Tachyspiza gularis","Japanese Sparrowhawk"
"1552","2023/10/17","10-11",3,"DGS","Raptor","Accipiter nisus","Eurasian Sparrowhawk"
"1553","2023/10/17","10-11",1,"CS ","Raptor","Astur gentilis","Eurasian Goshawk"
"1554","2023/10/17","10-11",1,"DGS","Raptor","Astur gentilis","Eurasian Goshawk"
"1555","2023/10/17","10-11",2,"DGS","Raptor","Butastur indicus","Grey-faced Buzzard"
"1556","2023/10/17","10-11",5,"CS ","Raptor","Falco amurensis","Amur Falcon"
"1557","2023/10/17","10-11",3,"DGS","Raptor","Falco amurensis","Amur Falcon"
"1558","2023/10/17","10-11",1,"DGS","Raptor","Falco subbuteo","Eurasian Hobby"
"1559","2023/10/17","11-12",1,"DGS","Raptor","Tachyspiza gularis","Japanese Sparrowhawk"
"1560","2023/10/17","11-12",4,"CS ","Raptor","Buteo japonicus","Eastern Buzzard"
"1561","2023/10/17","11-12",2,"DGS","Raptor","Buteo japonicus","Eastern Buzzard"
"1562","2023/10/17","11-12",8,"CS ","Raptor","Falco amurensis","Amur Falcon"
"1563","2023/10/17","11-12",3,"DGS","Raptor","Falco amurensis","Amur Falcon"
"1564","2023/10/17","12-13",1,"DGS","Else","Larvivora sibilans","Rufous-tailed Robin"
"1565","2023/10/17","12-13",1,"DGS","Else","Terpsiphone atrocaudata","Japanese Paradise-flycatcher"
"1566","2023/10/17","12-13",1,"DGS","Else","Cyanoptila cyanomelana","Blue-and-white Flycatcher"
"1567","2023/10/17","13-14",2,"DGS","Raptor","Pernis ptilorhynchus","Crested Honey-buzzard"
"1568","2023/10/17","13-14",1,"DGS","Raptor","Accipiter nisus","Eurasian Sparrowhawk"
"1569","2023/10/17","13-14",3,"CS ","Raptor","Falco amurensis","Amur Falcon"
"1570","2023/10/17","13-14",1,"DGS","Raptor","Falco amurensis","Amur Falcon"
"1571","2023/10/17","13-14",1,"DGS","Else","Delichon dasypus/lagopodum","Asian/Siberian House Martin"
"1572","2023/10/17","14-15",1,"DGS","Raptor","Buteo japonicus","Eastern Buzzard"
"1573","2023/10/17","14-15",27,"CS ","Raptor","Falco amurensis","Amur Falcon"
"1574","2023/10/17","14-15",2,"DGS","Raptor","Falco amurensis","Amur Falcon"
"1575","2023/10/17","14-15",1,"DGS","Raptor","Falco subbuteo","Eurasian Hobby"
"1576","2023/10/17","15-16",1,"DGS","Else","Ficedula mugimaki","Mugimaki Flycatcher"
"1577","2023/10/17","16-17",3,"DGS","Raptor","Falco tinnunculus","Common Kestrel"
"1578","2023/10/17","7-8",1,"CS ","Raptor","Falco subbuteo","Eurasian Hobby"
"1579","2023/10/17","8-9",2,"CS ","Raptor","Tachyspiza virgata","Besra"
"1580","2023/10/17","8-9",2,"CS ","Raptor","Falco tinnunculus","Common Kestrel"
"1581","2023/10/17","8-9",6,"CS ","Raptor","Eagles (unidentified)","Unidentified Eagles"
"1582","2023/10/17","8-9",1,"CS ","Raptor","Raptors (unidentified)","Unidentified Raptors"
"1583","2023/10/17","9-10",32,"CS ","Raptor","Pernis ptilorhynchus","Crested Honey-buzzard"
"1584","2023/10/17","9-10",2,"CS ","Raptor","Lophospiza trivirgata","Crested Goshawk"
"1585","2023/10/17","9-10",4,"CS ","Raptor","Tachyspiza virgata","Besra"
"1586","2023/10/17","9-10",1,"CS ","Raptor","Circus melanoleucos","Pied Harrier"
"1587","2023/10/17","9-10",3,"CS ","Raptor","Falco peregrinus","Peregrine Falcon"
"1588","2023/10/17","9-10",2,"CS ","Raptor","Falco sp.","Unidentified Falcons"
"1589","2023/10/17","9-10",3,"CS ","Raptor","Raptors (unidentified)","Unidentified Raptors"
"1590","2023/10/17","10-11",1,"CS ","Raptor","Buteo japonicus","Eastern Buzzard"
"1591","2023/10/17","11-12",1,"CS ","Raptor","Pernis ptilorhynchus","Crested Honey-buzzard"
"1592","2023/10/17","12-13",1,"CS ","Raptor","Accipiter nisus","Eurasian Sparrowhawk"
"1593","2023/10/17","12-13",1,"CS ","Raptor","Circus cyaneus","Hen Harrier"
"1594","2023/10/17","12-13",3,"CS ","Raptor","Falco amurensis","Amur Falcon"
"1595","2023/10/17","14-15",1,"CS ","Raptor","Falco tinnunculus","Common Kestrel"
"1596","2023/10/17","14-15",2,"CS ","Swift","Aerodramus brevirostris","Himalayan Swiftlet"
"1597","2023/10/17","15-16",21,"CS ","Raptor","Falco amurensis","Amur Falcon"
"1598","2023/10/17","16-17",1,"CS ","Raptor","Buteo japonicus","Eastern Buzzard"
"1599","2023/10/17","16-17",10,"CS ","Raptor","Falco amurensis","Amur Falcon"
"1600","2023/10/18","Before 7",1,"DGS","Raptor","Eagles (unidentified)","Unidentified Eagles"
"1601","2023/10/18","Before 7",1,"DGS","Raptor","Falco sp.","Unidentified Falcons"
"1602","2023/10/18","7-8",3,"CS ","Raptor","Butastur indicus","Grey-faced Buzzard"
"1603","2023/10/18","7-8",2,"DGS","Raptor","Butastur indicus","Grey-faced Buzzard"
"1604","2023/10/18","7-8",1,"DGS","Raptor","Eagles (unidentified)","Unidentified Eagles"
"1605","2023/10/18","8-9",5,"CS ","Raptor","Tachyspiza gularis","Japanese Sparrowhawk"
"1606","2023/10/18","8-9",2,"DGS","Raptor","Tachyspiza gularis","Japanese Sparrowhawk"
"1607","2023/10/18","8-9",3,"CS ","Raptor","Falco amurensis","Amur Falcon"
"1608","2023/10/18","8-9",2,"DGS","Raptor","Falco amurensis","Amur Falcon"
"1609","2023/10/18","8-9",1,"CS ","Raptor","Eagles (unidentified)","Unidentified Eagles"
"1610","2023/10/18","8-9",1,"DGS","Raptor","Eagles (unidentified)","Unidentified Eagles"
"1611","2023/10/18","8-9",1,"DGS","Raptor","Falco sp.","Unidentified Falcons"
"1612","2023/10/18","8-9",1,"DGS","Raptor","Raptors (unidentified)","Unidentified Raptors"
"1613","2023/10/18","9-10",1,"DGS","Raptor","Lophospiza trivirgata","Crested Goshawk"
"1614","2023/10/18","9-10",3,"CS ","Raptor","Tachyspiza gularis","Japanese Sparrowhawk"
"1615","2023/10/18","9-10",3,"DGS","Raptor","Tachyspiza gularis","Japanese Sparrowhawk"
"1616","2023/10/18","9-10",1,"CS ","Raptor","Buteo japonicus","Eastern Buzzard"
"1617","2023/10/18","9-10",1,"DGS","Raptor","Buteo japonicus","Eastern Buzzard"
"1618","2023/10/18","9-10",4,"DGS","Raptor","Falco amurensis","Amur Falcon"
"1619","2023/10/18","9-10",3,"DGS","Raptor","Falco sp.","Unidentified Falcons"
"1620","2023/10/18","10-11",4,"CS ","Raptor","Lophospiza trivirgata","Crested Goshawk"
"1621","2023/10/18","10-11",2,"DGS","Raptor","Lophospiza trivirgata","Crested Goshawk"
"1622","2023/10/18","10-11",1,"DGS","Raptor","Milvus migrans","Black Kite"
"1623","2023/10/18","10-11",11,"CS ","Raptor","Falco amurensis","Amur Falcon"
"1624","2023/10/18","10-11",1,"DGS","Raptor","Falco amurensis","Amur Falcon"
"1625","2023/10/18","10-11",1,"DGS","Raptor","Eagles (unidentified)","Unidentified Eagles"
"1626","2023/10/18","11-12",1,"DGS","Raptor","Tachyspiza gularis","Japanese Sparrowhawk"
"1627","2023/10/18","11-12",30,"CS ","Raptor","Falco amurensis","Amur Falcon"
"1628","2023/10/18","11-12",5,"DGS","Raptor","Falco amurensis","Amur Falcon"
"1629","2023/10/18","15-16",3,"CS ","Raptor","Falco amurensis","Amur Falcon"
"1630","2023/10/18","15-16",1,"DGS","Raptor","Falco amurensis","Amur Falcon"
"1631","2023/10/18","16-17",26,"CS ","Raptor","Falco amurensis","Amur Falcon"
"1632","2023/10/18","16-17",4,"DGS","Raptor","Falco amurensis","Amur Falcon"
"1633","2023/10/18","7-8",2,"CS ","Raptor","Accipiter nisus","Eurasian Sparrowhawk"
"1634","2023/10/18","7-8",1,"CS ","Raptor","Falco amurensis","Amur Falcon"
"1635","2023/10/18","8-9",1,"CS ","Raptor","Lophospiza trivirgata","Crested Goshawk"
"1636","2023/10/18","8-9",2,"CS ","Raptor","Accipiter nisus","Eurasian Sparrowhawk"
"1637","2023/10/18","8-9",2,"CS ","Raptor","Astur gentilis","Eurasian Goshawk"
"1638","2023/10/18","8-9",2,"CS ","Raptor","Butastur indicus","Grey-faced Buzzard"
"1639","2023/10/18","10-11",4,"CS ","Raptor","Pernis ptilorhynchus","Crested Honey-buzzard"
"1640","2023/10/18","10-11",2,"CS ","Raptor","Tachyspiza gularis","Japanese Sparrowhawk"
"1641","2023/10/18","12-13",10,"CS ","Raptor","Falco amurensis","Amur Falcon"
"1642","2023/10/18","12-13",1,"CS ","Raptor","Ictinaetus malaiensis","Black Eagle"
"1643","2023/10/18","13-14",2,"CS ","Raptor","Accipiter nisus","Eurasian Sparrowhawk"
"1644","2023/10/18","13-14",2,"CS ","Raptor","Buteo japonicus","Eastern Buzzard"
"1645","2023/10/18","13-14",44,"CS ","Raptor","Falco amurensis","Amur Falcon"
"1646","2023/10/18","14-15",1,"CS ","Raptor","Accipiter nisus","Eurasian Sparrowhawk"
"1647","2023/10/18","14-15",14,"CS ","Raptor","Falco amurensis","Amur Falcon"
"1648","2023/10/19","7-8",1,"DGS","Raptor","Tachyspiza gularis","Japanese Sparrowhawk"
"1649","2023/10/19","8-9",1,"DGS","Raptor","Falco peregrinus","Peregrine Falcon"
"1650","2023/10/19","9-10",2,"DGS","Raptor","Tachyspiza gularis","Japanese Sparrowhawk"
"1651","2023/10/19","9-10",5,"DGS","Raptor","Butastur indicus","Grey-faced Buzzard"
"1652","2023/10/19","9-10",3,"CS ","Raptor","Falco amurensis","Amur Falcon"
"1653","2023/10/19","9-10",1,"DGS","Raptor","Falco amurensis","Amur Falcon"
"1654","2023/10/19","10-11",2,"DGS","Raptor","Lophospiza trivirgata","Crested Goshawk"
"1655","2023/10/19","10-11",1,"CS ","Raptor","Tachyspiza gularis","Japanese Sparrowhawk"
"1656","2023/10/19","10-11",1,"DGS","Raptor","Tachyspiza gularis","Japanese Sparrowhawk"
"1657","2023/10/19","10-11",12,"CS ","Raptor","Falco amurensis","Amur Falcon"
"1658","2023/10/19","10-11",7,"DGS","Raptor","Falco amurensis","Amur Falcon"
"1659","2023/10/19","11-12",5,"DGS","Raptor","Buteo japonicus","Eastern Buzzard"
"1660","2023/10/19","11-12",13,"CS ","Raptor","Falco amurensis","Amur Falcon"
"1661","2023/10/19","11-12",1,"DGS","Raptor","Falco amurensis","Amur Falcon"
"1662","2023/10/19","12-13",1,"CS ","Raptor","Tachyspiza gularis","Japanese Sparrowhawk"
"1663","2023/10/19","12-13",1,"DGS","Raptor","Tachyspiza gularis","Japanese Sparrowhawk"
"1664","2023/10/19","12-13",1,"DGS","Raptor","Buteo japonicus","Eastern Buzzard"
"1665","2023/10/19","12-13",1,"DGS","Raptor","Ictinaetus malaiensis","Black Eagle"
"1666","2023/10/19","13-14",1,"DGS","Raptor","Lophospiza trivirgata","Crested Goshawk"
"1667","2023/10/19","13-14",3,"DGS","Raptor","Tachyspiza gularis","Japanese Sparrowhawk"
"1668","2023/10/19","13-14",3,"DGS","Raptor","Buteo japonicus","Eastern Buzzard"
"1669","2023/10/19","13-14",8,"CS ","Raptor","Falco amurensis","Amur Falcon"
"1670","2023/10/19","13-14",7,"DGS","Raptor","Falco amurensis","Amur Falcon"
"1671","2023/10/19","14-15",2,"DGS","Raptor","Pernis ptilorhynchus","Crested Honey-buzzard"
"1672","2023/10/19","14-15",1,"DGS","Raptor","Tachyspiza gularis","Japanese Sparrowhawk"
"1673","2023/10/19","14-15",9,"CS ","Raptor","Falco amurensis","Amur Falcon"
"1674","2023/10/19","14-15",1,"DGS","Raptor","Falco amurensis","Amur Falcon"
"1675","2023/10/19","14-15",1,"DGS","Raptor","Falco subbuteo","Eurasian Hobby"
"1676","2023/10/19","15-16",1,"DGS","Raptor","Falco subbuteo","Eurasian Hobby"
"1677","2023/10/19","8-9",1,"CS ","Raptor","Accipiter nisus","Eurasian Sparrowhawk"
"1678","2023/10/19","8-9",1,"CS ","Raptor","Falco tinnunculus","Common Kestrel"
"1679","2023/10/19","9-10",1,"CS ","Raptor","Lophospiza trivirgata","Crested Goshawk"
"1680","2023/10/19","9-10",3,"CS ","Raptor","Tachyspiza virgata","Besra"
"1681","2023/10/19","9-10",1,"CS ","Raptor","Buteo japonicus","Eastern Buzzard"
"1682","2023/10/19","10-11",3,"CS ","Raptor","Tachyspiza virgata","Besra"
"1683","2023/10/19","11-12",1,"CS ","Raptor","Falco tinnunculus","Common Kestrel"
"1684","2023/10/19","12-13",1,"CS ","Raptor","Falco tinnunculus","Common Kestrel"
"1685","2023/10/19","12-13",18,"CS ","Raptor","Falco amurensis","Amur Falcon"
"1686","2023/10/19","13-14",2,"CS ","Raptor","Pernis ptilorhynchus","Crested Honey-buzzard"
"1687","2023/10/19","13-14",1,"CS ","Raptor","Tachyspiza virgata","Besra"
"1688","2023/10/19","14-15",1,"CS ","Raptor","Tachyspiza virgata","Besra"
"1689","2023/10/19","14-15",2,"CS ","Raptor","Butastur indicus","Grey-faced Buzzard"
"1690","2023/10/19","15-16",3,"CS ","Raptor","Butastur indicus","Grey-faced Buzzard"
"1691","2023/10/19","15-16",4,"CS ","Raptor","Falco amurensis","Amur Falcon"
"1692","2023/10/19","16-17",1,"CS ","Raptor","Butastur indicus","Grey-faced Buzzard"
"1693","2023/10/20","7-8",6,"CS ","Raptor","Tachyspiza gularis","Japanese Sparrowhawk"
"1694","2023/10/20","7-8",1,"DGS","Raptor","Tachyspiza gularis","Japanese Sparrowhawk"
"1695","2023/10/20","7-8",6,"CS ","Raptor","Accipiter nisus","Eurasian Sparrowhawk"
"1696","2023/10/20","7-8",1,"DGS","Raptor","Accipiter nisus","Eurasian Sparrowhawk"
"1697","2023/10/20","7-8",2,"CS ","Raptor","Butastur indicus","Grey-faced Buzzard"
"1698","2023/10/20","7-8",10,"DGS","Raptor","Butastur indicus","Grey-faced Buzzard"
"1699","2023/10/20","7-8",1,"DGS","Swift","Apus pacificus","Pacific Swift"
"1700","2023/10/20","7-8",1,"CS ","Else","Delichon dasypus/lagopodum","Asian/Siberian House Martin"
"1701","2023/10/20","7-8",6,"DGS","Else","Delichon dasypus/lagopodum","Asian/Siberian House Martin"
"1702","2023/10/20","8-9",3,"CS ","Raptor","Tachyspiza gularis","Japanese Sparrowhawk"
"1703","2023/10/20","8-9",3,"DGS","Raptor","Tachyspiza gularis","Japanese Sparrowhawk"
"1704","2023/10/20","8-9",1,"DGS","Raptor","Tachyspiza virgata","Besra"
"1705","2023/10/20","8-9",1,"CS ","Raptor","Accipiter nisus","Eurasian Sparrowhawk"
"1706","2023/10/20","8-9",1,"DGS","Raptor","Accipiter nisus","Eurasian Sparrowhawk"
"1707","2023/10/20","8-9",4,"CS ","Raptor","Butastur indicus","Grey-faced Buzzard"
"1708","2023/10/20","8-9",7,"DGS","Raptor","Butastur indicus","Grey-faced Buzzard"
"1709","2023/10/20","8-9",3,"CS ","Raptor","Buteo japonicus","Eastern Buzzard"
"1710","2023/10/20","8-9",1,"DGS","Raptor","Buteo japonicus","Eastern Buzzard"
"1711","2023/10/20","8-9",1,"CS ","Raptor","Falco subbuteo","Eurasian Hobby"
"1712","2023/10/20","8-9",1,"DGS","Raptor","Falco subbuteo","Eurasian Hobby"
"1713","2023/10/20","8-9",15,"DGS","Else","Delichon dasypus/lagopodum","Asian/Siberian House Martin"
"1714","2023/10/20","9-10",2,"CS ","Raptor","Tachyspiza gularis","Japanese Sparrowhawk"
"1715","2023/10/20","9-10",9,"DGS","Raptor","Tachyspiza gularis","Japanese Sparrowhawk"
"1716","2023/10/20","9-10",1,"CS ","Raptor","Falco subbuteo","Eurasian Hobby"
"1717","2023/10/20","9-10",3,"DGS","Raptor","Falco subbuteo","Eurasian Hobby"
"1718","2023/10/20","9-10",5,"CS ","Else","Delichon dasypus/lagopodum","Asian/Siberian House Martin"
"1719","2023/10/20","9-10",25,"DGS","Else","Delichon dasypus/lagopodum","Asian/Siberian House Martin"
"1720","2023/10/20","9-10",8,"DGS","Else","Phalacrocorax carbo","Great Cormorant"
"1721","2023/10/20","10-11",2,"DGS","Raptor","Pernis ptilorhynchus","Crested Honey-buzzard"
"1722","2023/10/20","10-11",4,"CS ","Raptor","Tachyspiza gularis","Japanese Sparrowhawk"
"1723","2023/10/20","10-11",3,"DGS","Raptor","Tachyspiza gularis","Japanese Sparrowhawk"
"1724","2023/10/20","10-11",3,"DGS","Raptor","Tachyspiza virgata","Besra"
"1725","2023/10/20","10-11",9,"DGS","Raptor","Butastur indicus","Grey-faced Buzzard"
"1726","2023/10/20","10-11",1,"DGS","Raptor","Buteo japonicus","Eastern Buzzard"
"1727","2023/10/20","11-12",2,"DGS","Raptor","Pernis ptilorhynchus","Crested Honey-buzzard"
"1728","2023/10/20","11-12",3,"DGS","Raptor","Tachyspiza gularis","Japanese Sparrowhawk"
"1729","2023/10/20","11-12",21,"DGS","Raptor","Butastur indicus","Grey-faced Buzzard"
"1730","2023/10/20","11-12",2,"DGS","Raptor","Buteo japonicus","Eastern Buzzard"
"1731","2023/10/20","11-12",1,"DGS","Raptor","Falco subbuteo","Eurasian Hobby"
"1732","2023/10/20","12-13",5,"DGS","Raptor","Tachyspiza gularis","Japanese Sparrowhawk"
"1733","2023/10/20","12-13",1,"DGS","Raptor","Falco subbuteo","Eurasian Hobby"
"1734","2023/10/20","12-13",102,"DGS","Else","Anser albifrons","Greater White-fronted Goose"
"1735","2023/10/20","13-14",2,"DGS","Raptor","Pernis ptilorhynchus","Crested Honey-buzzard"
"1736","2023/10/20","13-14",10,"CS ","Else","Corvus frugilegus","Rook"
"1737","2023/10/20","13-14",10,"DGS","Else","Corvus frugilegus","Rook"
"1738","2023/10/20","14-15",3,"CS ","Raptor","Pernis ptilorhynchus","Crested Honey-buzzard"
"1739","2023/10/20","14-15",4,"DGS","Raptor","Pernis ptilorhynchus","Crested Honey-buzzard"
"1740","2023/10/20","14-15",11,"CS ","Raptor","Tachyspiza gularis","Japanese Sparrowhawk"
"1741","2023/10/20","14-15",5,"DGS","Raptor","Tachyspiza gularis","Japanese Sparrowhawk"
"1742","2023/10/20","14-15",6,"CS ","Raptor","Accipiter nisus","Eurasian Sparrowhawk"
"1743","2023/10/20","14-15",1,"DGS","Raptor","Accipiter nisus","Eurasian Sparrowhawk"
"1744","2023/10/20","14-15",4,"CS ","Raptor","Astur gentilis","Eurasian Goshawk"
"1745","2023/10/20","14-15",1,"DGS","Raptor","Astur gentilis","Eurasian Goshawk"
"1746","2023/10/20","14-15",19,"CS ","Raptor","Butastur indicus","Grey-faced Buzzard"
"1747","2023/10/20","14-15",19,"DGS","Raptor","Butastur indicus","Grey-faced Buzzard"
"1748","2023/10/20","14-15",9,"CS ","Raptor","Buteo japonicus","Eastern Buzzard"
"1749","2023/10/20","14-15",10,"DGS","Raptor","Buteo japonicus","Eastern Buzzard"
"1750","2023/10/20","14-15",1,"DGS","Raptor","Falco tinnunculus","Common Kestrel"
"1751","2023/10/20","14-15",3,"DGS","Raptor","Falco amurensis","Amur Falcon"
"1752","2023/10/20","14-15",1,"DGS","Raptor","Falco subbuteo","Eurasian Hobby"
"1753","2023/10/20","15-16",3,"CS ","Raptor","Pernis ptilorhynchus","Crested Honey-buzzard"
"1754","2023/10/20","15-16",2,"DGS","Raptor","Pernis ptilorhynchus","Crested Honey-buzzard"
"1755","2023/10/20","15-16",4,"CS ","Raptor","Tachyspiza gularis","Japanese Sparrowhawk"
"1756","2023/10/20","15-16",1,"DGS","Raptor","Tachyspiza gularis","Japanese Sparrowhawk"
"1757","2023/10/20","15-16",1,"DGS","Raptor","Tachyspiza virgata","Besra"
"1758","2023/10/20","15-16",7,"CS ","Raptor","Accipiter nisus","Eurasian Sparrowhawk"
"1759","2023/10/20","15-16",1,"DGS","Raptor","Accipiter nisus","Eurasian Sparrowhawk"
"1760","2023/10/20","15-16",13,"CS ","Raptor","Butastur indicus","Grey-faced Buzzard"
"1761","2023/10/20","15-16",37,"DGS","Raptor","Butastur indicus","Grey-faced Buzzard"
"1762","2023/10/20","15-16",14,"DGS","Raptor","Buteo japonicus","Eastern Buzzard"
"1763","2023/10/20","15-16",3,"CS ","Raptor","Falco amurensis","Amur Falcon"
"1764","2023/10/20","15-16",2,"DGS","Raptor","Falco amurensis","Amur Falcon"
"1765","2023/10/20","15-16",1,"CS ","Raptor","Falco subbuteo","Eurasian Hobby"
"1766","2023/10/20","15-16",6,"DGS","Raptor","Falco subbuteo","Eurasian Hobby"
"1767","2023/10/20","16-17",3,"CS ","Raptor","Pernis ptilorhynchus","Crested Honey-buzzard"
"1768","2023/10/20","16-17",3,"DGS","Raptor","Pernis ptilorhynchus","Crested Honey-buzzard"
"1769","2023/10/20","16-17",6,"CS ","Raptor","Butastur indicus","Grey-faced Buzzard"
"1770","2023/10/20","16-17",8,"DGS","Raptor","Butastur indicus","Grey-faced Buzzard"
"1771","2023/10/20","Before 7",1,"CS ","Raptor","Tachyspiza gularis","Japanese Sparrowhawk"
"1772","2023/10/20","Before 7",1,"CS ","Raptor","Accipiter nisus","Eurasian Sparrowhawk"
"1773","2023/10/20","Before 7",1,"CS ","Swift","Hirundapus caudacutus","White-throated Needletail"
"1774","2023/10/20","7-8",1,"CS ","Raptor","Buteo japonicus","Eastern Buzzard"
"1775","2023/10/20","8-9",1,"CS ","Raptor","Pernis ptilorhynchus","Crested Honey-buzzard"
"1776","2023/10/20","8-9",1,"CS ","Raptor","Lophospiza trivirgata","Crested Goshawk"
"1777","2023/10/20","8-9",2,"CS ","Raptor","Falco tinnunculus","Common Kestrel"
"1778","2023/10/20","8-9",2,"CS ","Raptor","Falco amurensis","Amur Falcon"
"1779","2023/10/20","8-9",1,"CS ","Raptor","Falco peregrinus","Peregrine Falcon"
"1780","2023/10/20","8-9",3,"CS ","Raptor","Falco sp.","Unidentified Falcons"
"1781","2023/10/20","9-10",1,"CS ","Raptor","Butastur indicus","Grey-faced Buzzard"
"1782","2023/10/20","9-10",1,"CS ","Raptor","Buteo japonicus","Eastern Buzzard"
"1783","2023/10/20","9-10",2,"CS ","Raptor","Falco amurensis","Amur Falcon"
"1784","2023/10/20","9-10",1,"CS ","Swift","Hirundapus caudacutus","White-throated Needletail"
"1785","2023/10/20","10-11",2,"CS ","Raptor","Falco amurensis","Amur Falcon"
"1786","2023/10/20","10-11",1,"CS ","Swift","Hirundapus caudacutus","White-throated Needletail"
"1787","2023/10/20","10-11",3,"CS ","Swift","Apus nipalensis","House Swift"
"1788","2023/10/20","11-12",1,"CS ","Raptor","Pandion haliaetus","Osprey"
"1789","2023/10/20","11-12",2,"CS ","Raptor","Falco amurensis","Amur Falcon"
"1790","2023/10/20","12-13",1,"CS ","Raptor","Falco peregrinus","Peregrine Falcon"
"1791","2023/10/20","12-13",1,"CS ","Swift","Hirundapus caudacutus","White-throated Needletail"
"1792","2023/10/20","13-14",2,"CS ","Raptor","Astur gentilis","Eurasian Goshawk"
"1793","2023/10/20","13-14",6,"CS ","Raptor","Butastur indicus","Grey-faced Buzzard"
"1794","2023/10/20","14-15",1,"CS ","Raptor","Pandion haliaetus","Osprey"
"1795","2023/10/20","14-15",2,"CS ","Raptor","Tachyspiza virgata","Besra"
"1796","2023/10/20","15-16",1,"CS ","Raptor","Lophospiza trivirgata","Crested Goshawk"
"1797","2023/10/20","15-16",5,"CS ","Raptor","Astur gentilis","Eurasian Goshawk"
"1798","2023/10/20","15-16",1,"CS ","Raptor","Falco tinnunculus","Common Kestrel"
"1799","2023/10/20","15-16",3,"CS ","Else","Delichon dasypus/lagopodum","Asian/Siberian House Martin"
"1800","2023/10/20","16-17",1,"CS ","Raptor","Pandion haliaetus","Osprey"
"1801","2023/10/20","16-17",2,"CS ","Raptor","Astur gentilis","Eurasian Goshawk"
"1802","2023/10/20","16-17",2,"CS ","Raptor","Falco tinnunculus","Common Kestrel"
"1803","2023/10/20","16-17",1,"CS ","Raptor","Falco peregrinus","Peregrine Falcon"
"1804","2023/10/20","16-17",1,"CS ","Else","Corvus splendens","House Crow"
"1805","2023/10/21","Before 7",1,"DGS","Raptor","Falco tinnunculus","Common Kestrel"
"1806","2023/10/21","7-8",7,"DGS","Raptor","Tachyspiza gularis","Japanese Sparrowhawk"
"1807","2023/10/21","7-8",1,"DGS","Raptor","Accipiter nisus","Eurasian Sparrowhawk"
"1808","2023/10/21","8-9",3,"DGS","Raptor","Pernis ptilorhynchus","Crested Honey-buzzard"
"1809","2023/10/21","8-9",4,"DGS","Raptor","Tachyspiza gularis","Japanese Sparrowhawk"
"1810","2023/10/21","8-9",3,"DGS","Raptor","Buteo japonicus","Eastern Buzzard"
"1811","2023/10/21","8-9",2,"DGS","Raptor","Eagles (unidentified)","Unidentified Eagles"
"1812","2023/10/21","9-10",2,"DGS","Raptor","Tachyspiza gularis","Japanese Sparrowhawk"
"1813","2023/10/21","9-10",3,"DGS","Raptor","Accipiter nisus","Eurasian Sparrowhawk"
"1814","2023/10/21","9-10",1,"DGS","Raptor","Astur gentilis","Eurasian Goshawk"
"1815","2023/10/21","9-10",2,"DGS","Raptor","Falco tinnunculus","Common Kestrel"
"1816","2023/10/21","10-11",3,"DGS","Raptor","Lophospiza trivirgata","Crested Goshawk"
"1817","2023/10/21","10-11",4,"DGS","Raptor","Tachyspiza gularis","Japanese Sparrowhawk"
"1818","2023/10/21","10-11",3,"DGS","Raptor","Accipiter nisus","Eurasian Sparrowhawk"
"1819","2023/10/21","10-11",3,"DGS","Raptor","Falco tinnunculus","Common Kestrel"
"1820","2023/10/21","11-12",2,"DGS","Raptor","Falco tinnunculus","Common Kestrel"
"1821","2023/10/21","11-12",1,"DGS","Raptor","Falco amurensis","Amur Falcon"
"1822","2023/10/22","7-8",1,"DGS","Raptor","Butastur indicus","Grey-faced Buzzard"
"1823","2023/10/22","7-8",1,"DGS","Raptor","Buteo japonicus","Eastern Buzzard"
"1824","2023/10/22","8-9",1,"DGS","Raptor","Accipiter nisus","Eurasian Sparrowhawk"
"1825","2023/10/22","8-9",1,"DGS","Raptor","Buteo japonicus","Eastern Buzzard"
"1826","2023/10/22","8-9",2,"DGS","Raptor","Elanus caeruleus","Black-winged Kite"
"1827","2023/10/22","9-10",2,"DGS","Raptor","Tachyspiza gularis","Japanese Sparrowhawk"
"1828","2023/10/22","9-10",1,"DGS","Raptor","Buteo japonicus","Eastern Buzzard"
"1829","2023/10/22","10-11",1,"DGS","Raptor","Tachyspiza gularis","Japanese Sparrowhawk"
"1830","2023/10/22","12-13",1,"DGS","Raptor","Tachyspiza gularis","Japanese Sparrowhawk"
"1831","2023/10/22","12-13",1,"DGS","Swift","Hirundapus caudacutus","White-throated Needletail"
"1832","2023/10/22","13-14",1,"DGS","Raptor","Tachyspiza gularis","Japanese Sparrowhawk"
"1833","2023/10/22","13-14",1,"DGS","Raptor","Falco subbuteo","Eurasian Hobby"
"1834","2023/10/22","14-15",1,"DGS","Raptor","Accipiter nisus","Eurasian Sparrowhawk"
"1835","2023/10/22","14-15",1,"DGS","Raptor","Buteo japonicus","Eastern Buzzard"
"1836","2023/10/22","14-15",1,"DGS","Raptor","Falco subbuteo","Eurasian Hobby"
"1837","2023/10/23","7-8",1,"DGS","Raptor","Tachyspiza gularis","Japanese Sparrowhawk"
"1838","2023/10/23","8-9",1,"DGS","Raptor","Circus spilonotus","Eastern Marsh Harrier"
"1839","2023/10/23","9-10",1,"DGS","Raptor","Falco tinnunculus","Common Kestrel"
"1840","2023/10/23","10-11",1,"DGS","Raptor","Buteo japonicus","Eastern Buzzard"
"1841","2023/10/23","12-13",1,"DGS","Raptor","Astur gentilis","Eurasian Goshawk"
"1842","2023/10/23","13-14",1,"DGS","Raptor","Tachyspiza gularis","Japanese Sparrowhawk"
"1843","2023/10/23","16-17",1,"DGS","Raptor","Buteo japonicus","Eastern Buzzard"
"1844","2023/10/24","7-8",2,"DGS","Raptor","Tachyspiza gularis","Japanese Sparrowhawk"
"1845","2023/10/24","7-8",2,"DGS","Raptor","Butastur indicus","Grey-faced Buzzard"
"1846","2023/10/24","8-9",5,"DGS","Raptor","Tachyspiza gularis","Japanese Sparrowhawk"
"1847","2023/10/24","8-9",2,"DGS","Raptor","Butastur indicus","Grey-faced Buzzard"
"1848","2023/10/24","9-10",2,"DGS","Raptor","Tachyspiza gularis","Japanese Sparrowhawk"
"1849","2023/10/24","10-11",1,"DGS","Raptor","Lophospiza trivirgata","Crested Goshawk"
"1850","2023/10/24","10-11",2,"DGS","Raptor","Tachyspiza gularis","Japanese Sparrowhawk"
"1851","2023/10/24","13-14",2,"DGS","Raptor","Tachyspiza gularis","Japanese Sparrowhawk"
"1852","2023/10/25","Before 7",1,"DGS","Raptor","Eagles (unidentified)","Unidentified Eagles"
"1853","2023/10/25","8-9",1,"DGS","Raptor","Accipiter nisus","Eurasian Sparrowhawk"
"1854","2023/10/25","8-9",1,"DGS","Raptor","Falco subbuteo","Eurasian Hobby"
"1855","2023/10/25","9-10",2,"DGS","Raptor","Tachyspiza gularis","Japanese Sparrowhawk"
"1856","2023/10/25","9-10",2,"DGS","Raptor","Falco subbuteo","Eurasian Hobby"
"1857","2023/10/25","10-11",4,"DGS","Raptor","Butastur indicus","Grey-faced Buzzard"
"1858","2023/10/25","11-12",1,"DGS","Raptor","Tachyspiza soloensis","Chinese Sparrowhawk"
"1859","2023/10/25","11-12",2,"DGS","Raptor","Tachyspiza gularis","Japanese Sparrowhawk"
"1860","2023/10/25","12-13",1,"DGS","Raptor","Tachyspiza gularis","Japanese Sparrowhawk"
"1861","2023/10/25","12-13",3,"DGS","Raptor","Accipiter nisus","Eurasian Sparrowhawk"
"1862","2023/10/25","12-13",1,"DGS","Raptor","Butastur indicus","Grey-faced Buzzard"
"1863","2023/10/25","13-14",3,"DGS","Raptor","Tachyspiza gularis","Japanese Sparrowhawk"
"1864","2023/10/25","13-14",2,"DGS","Raptor","Butastur indicus","Grey-faced Buzzard"
"1865","2023/10/25","13-14",1,"DGS","Raptor","Falco subbuteo","Eurasian Hobby"
"1866","2023/10/25","15-16",1,"DGS","Raptor","Falco amurensis","Amur Falcon"
"1867","2023/10/26","7-8",1,"DGS","Raptor","Tachyspiza gularis","Japanese Sparrowhawk"
"1868","2023/10/26","8-9",9,"DGS","Raptor","Tachyspiza gularis","Japanese Sparrowhawk"
"1869","2023/10/26","8-9",2,"DGS","Raptor","Accipiter nisus","Eurasian Sparrowhawk"
"1870","2023/10/26","8-9",1,"DGS","Raptor","Falco subbuteo","Eurasian Hobby"
"1871","2023/10/26","9-10",2,"DGS","Raptor","Tachyspiza gularis","Japanese Sparrowhawk"
"1872","2023/10/26","9-10",1,"DGS","Raptor","Falco amurensis","Amur Falcon"
"1873","2023/10/26","10-11",1,"DGS","Raptor","Buteo japonicus","Eastern Buzzard"
"1874","2023/10/26","11-12",1,"DGS","Raptor","Pandion haliaetus","Osprey"
"1875","2023/10/26","11-12",3,"DGS","Raptor","Tachyspiza gularis","Japanese Sparrowhawk"
"1876","2023/10/26","11-12",2,"DGS","Raptor","Accipiter nisus","Eurasian Sparrowhawk"
"1877","2023/10/26","11-12",1,"DGS","Raptor","Butastur indicus","Grey-faced Buzzard"
"1878","2023/10/26","11-12",1,"DGS","Raptor","Buteo japonicus","Eastern Buzzard"
"1879","2023/10/26","11-12",1,"DGS","Raptor","Falco subbuteo","Eurasian Hobby"
"1880","2023/10/26","12-13",1,"DGS","Raptor","Accipiter nisus","Eurasian Sparrowhawk"
"1881","2023/10/26","13-14",1,"DGS","Raptor","Buteo japonicus","Eastern Buzzard"
"1882","2023/10/27","8-9",1,"DGS","Raptor","Falco tinnunculus","Common Kestrel"
"1883","2023/10/27","8-9",1,"DGS","Else","Corvus corone","Carrion Crow"
"1884","2023/10/27","9-10",1,"DGS","Raptor","Accipiter nisus","Eurasian Sparrowhawk"
"1885","2023/10/27","13-14",1,"DGS","Raptor","Tachyspiza gularis","Japanese Sparrowhawk"
"1886","2023/10/27","13-14",1,"DGS","Raptor","Accipiter nisus","Eurasian Sparrowhawk"
"1887","2023/10/27","14-15",3,"DGS","Raptor","Butastur indicus","Grey-faced Buzzard"
"1888","2023/10/28","7-8",1,"DGS","Raptor","Falco tinnunculus","Common Kestrel"
"1889","2023/10/28","8-9",1,"DGS","Raptor","Pandion haliaetus","Osprey"
"1890","2023/10/28","8-9",3,"DGS","Raptor","Butastur indicus","Grey-faced Buzzard"
"1891","2023/10/28","8-9",1,"DGS","Raptor","Falco peregrinus","Peregrine Falcon"
"1892","2023/10/28","9-10",1,"DGS","Raptor","Lophospiza trivirgata","Crested Goshawk"
"1893","2023/10/28","9-10",1,"DGS","Raptor","Buteo japonicus","Eastern Buzzard"
"1894","2023/10/28","11-12",1,"DGS","Raptor","Tachyspiza gularis","Japanese Sparrowhawk"
"1895","2023/10/28","11-12",2,"DGS","Raptor","Buteo japonicus","Eastern Buzzard"
"1896","2023/10/28","12-13",1,"DGS","Raptor","Tachyspiza gularis","Japanese Sparrowhawk"
"1897","2023/10/28","14-15",6,"DGS","Else","Anser albifrons","Greater White-fronted Goose"
"1898","2023/10/28","15-16",1,"DGS","Raptor","Tachyspiza gularis","Japanese Sparrowhawk"
"1899","2023/10/29","Before 7",1,"DGS","Raptor","Accipiter nisus","Eurasian Sparrowhawk"
"1900","2023/10/29","Before 7",3,"DGS","Raptor","Falco tinnunculus","Common Kestrel"
"1901","2023/10/29","7-8",1,"DGS","Raptor","Pandion haliaetus","Osprey"
"1902","2023/10/29","7-8",1,"DGS","Raptor","Tachyspiza gularis","Japanese Sparrowhawk"
"1903","2023/10/29","8-9",1,"DGS","Raptor","Accipiter nisus","Eurasian Sparrowhawk"
"1904","2023/10/29","9-10",1,"DGS","Raptor","Tachyspiza gularis","Japanese Sparrowhawk"
"1905","2023/10/29","9-10",1,"DGS","Raptor","Accipiter nisus","Eurasian Sparrowhawk"
"1906","2023/10/29","10-11",2,"DGS","Raptor","Lophospiza trivirgata","Crested Goshawk"
"1907","2023/10/29","10-11",1,"DGS","Raptor","Butastur indicus","Grey-faced Buzzard"
"1908","2023/10/29","12-13",1,"DGS","Raptor","Tachyspiza gularis","Japanese Sparrowhawk"
"1909","2023/10/29","13-14",1,"DGS","Raptor","Accipiter nisus","Eurasian Sparrowhawk"
"1910","2023/10/29","15-16",1,"DGS","Raptor","Lophospiza trivirgata","Crested Goshawk"
"1911","2023/10/29","15-16",1,"DGS","Raptor","Tachyspiza gularis","Japanese Sparrowhawk"
"1912","2023/10/29","15-16",1,"DGS","Raptor","Buteo japonicus","Eastern Buzzard"
"1913","2023/10/30","Before 7",2,"DGS","Raptor","Tachyspiza gularis","Japanese Sparrowhawk"
"1914","2023/10/30","7-8",5,"DGS","Raptor","Tachyspiza gularis","Japanese Sparrowhawk"
"1915","2023/10/30","8-9",1,"DGS","Raptor","Lophospiza trivirgata","Crested Goshawk"
"1916","2023/10/30","8-9",2,"DGS","Raptor","Tachyspiza gularis","Japanese Sparrowhawk"
"1917","2023/10/30","8-9",3,"DGS","Raptor","Buteo japonicus","Eastern Buzzard"
"1918","2023/10/30","8-9",2,"DGS","Else","Delichon dasypus/lagopodum","Asian/Siberian House Martin"
"1919","2023/10/30","9-10",1,"DGS","Raptor","Lophospiza trivirgata","Crested Goshawk"
"1920","2023/10/30","9-10",2,"DGS","Raptor","Tachyspiza gularis","Japanese Sparrowhawk"
"1921","2023/10/30","9-10",1,"DGS","Raptor","Buteo japonicus","Eastern Buzzard"
"1922","2023/10/30","9-10",1,"DGS","Raptor","Falco subbuteo","Eurasian Hobby"
"1923","2023/10/30","9-10",1,"DGS","Raptor","Raptors (unidentified)","Unidentified Raptors"
"1924","2023/10/30","11-12",2,"DGS","Raptor","Tachyspiza gularis","Japanese Sparrowhawk"
"1925","2023/10/30","11-12",1,"DGS","Raptor","Butastur indicus","Grey-faced Buzzard"
"1926","2023/10/30","11-12",4,"DGS","Raptor","Buteo japonicus","Eastern Buzzard"
"1927","2023/10/30","13-14",3,"DGS","Raptor","Tachyspiza gularis","Japanese Sparrowhawk"
"1928","2023/10/30","13-14",2,"DGS","Raptor","Buteo japonicus","Eastern Buzzard"
"1929","2023/10/30","14-15",1,"DGS","Raptor","Tachyspiza gularis","Japanese Sparrowhawk"
"1930","2023/10/30","14-15",2,"DGS","Raptor","Accipiter nisus","Eurasian Sparrowhawk"
"1931","2023/10/30","14-15",2,"DGS","Raptor","Buteo japonicus","Eastern Buzzard"
"1932","2023/10/30","15-16",1,"DGS","Raptor","Accipiter nisus","Eurasian Sparrowhawk"
"1933","2023/10/30","16-17",1,"DGS","Raptor","Falco subbuteo","Eurasian Hobby"
"1934","2023/10/31","Before 7",1,"DGS","Raptor","Falco tinnunculus","Common Kestrel"
"1935","2023/10/31","7-8",5,"DGS","Raptor","Tachyspiza gularis","Japanese Sparrowhawk"
"1936","2023/10/31","7-8",1,"DGS","Raptor","Accipiter nisus","Eurasian Sparrowhawk"
"1937","2023/10/31","7-8",1,"DGS","Raptor","Butastur indicus","Grey-faced Buzzard"
"1938","2023/10/31","8-9",1,"DGS","Raptor","Lophospiza trivirgata","Crested Goshawk"
"1939","2023/10/31","8-9",4,"DGS","Raptor","Tachyspiza gularis","Japanese Sparrowhawk"
"1940","2023/10/31","8-9",3,"DGS","Raptor","Accipiter nisus","Eurasian Sparrowhawk"
"1941","2023/10/31","8-9",2,"DGS","Raptor","Buteo japonicus","Eastern Buzzard"
"1942","2023/10/31","8-9",1,"DGS","Raptor","Raptors (unidentified)","Unidentified Raptors"
"1943","2023/10/31","9-10",5,"DGS","Raptor","Tachyspiza gularis","Japanese Sparrowhawk"
"1944","2023/10/31","9-10",1,"DGS","Raptor","Accipiter nisus","Eurasian Sparrowhawk"
"1945","2023/10/31","9-10",1,"DGS","Raptor","Elanus caeruleus","Black-winged Kite"
"1946","2023/10/31","9-10",1,"DGS","Raptor","Raptors (unidentified)","Unidentified Raptors"
"1947","2023/10/31","9-10",1,"DGS","Else","Delichon dasypus/lagopodum","Asian/Siberian House Martin"
"1948","2023/10/31","10-11",1,"DGS","Raptor","Lophospiza trivirgata","Crested Goshawk"
"1949","2023/10/31","10-11",3,"DGS","Raptor","Tachyspiza gularis","Japanese Sparrowhawk"
"1950","2023/10/31","10-11",1,"DGS","Raptor","Accipiter nisus","Eurasian Sparrowhawk"
"1951","2023/10/31","11-12",5,"DGS","Raptor","Tachyspiza gularis","Japanese Sparrowhawk"
"1952","2023/10/31","11-12",2,"DGS","Raptor","Accipiter nisus","Eurasian Sparrowhawk"
"1953","2023/10/31","11-12",1,"DGS","Raptor","Butastur indicus","Grey-faced Buzzard"
"1954","2023/10/31","11-12",2,"DGS","Raptor","Buteo japonicus","Eastern Buzzard"
"1955","2023/10/31","11-12",24,"DGS","Else","Delichon dasypus/lagopodum","Asian/Siberian House Martin"
"1956","2023/10/31","11-12",5,"DGS","Else","Anser albifrons","Greater White-fronted Goose"
"1957","2023/10/31","12-13",3,"DGS","Raptor","Tachyspiza gularis","Japanese Sparrowhawk"
"1958","2023/10/31","12-13",1,"DGS","Raptor","Astur gentilis","Eurasian Goshawk"
"1959","2023/10/31","12-13",3,"DGS","Raptor","Buteo japonicus","Eastern Buzzard"
"1960","2023/10/31","12-13",1,"DGS","Raptor","Falco subbuteo","Eurasian Hobby"
"1961","2023/10/31","13-14",1,"DGS","Raptor","Lophospiza trivirgata","Crested Goshawk"
"1962","2023/10/31","13-14",2,"DGS","Raptor","Raptors (unidentified)","Unidentified Raptors"
"1963","2023/10/31","14-15",1,"DGS","Raptor","Tachyspiza gularis","Japanese Sparrowhawk"
"1964","2023/10/31","14-15",1,"DGS","Raptor","Falco peregrinus","Peregrine Falcon"
"1965","2023/10/31","14-15",1,"DGS","Raptor","Eagles (unidentified)","Unidentified Eagles"
"1966","2023/10/31","14-15",1,"DGS","Raptor","Falco sp.","Unidentified Falcons"
"1967","2023/10/31","16-17",1,"DGS","Raptor","Falco columbarius","Merlin"
"1968","2023/11/1","Before 7",2,"DGS","Else","Coccothraustes coccothraustes","Hawfinch"
"1969","2023/11/1","Before 7",2,"DGS","Raptor","Tachyspiza gularis","Japanese Sparrowhawk"
"1970","2023/11/1","Before 7",1,"DGS","Raptor","Accipiter nisus","Eurasian Sparrowhawk"
"1971","2023/11/1","Before 7",1,"DGS","Raptor","Astur gentilis","Eurasian Goshawk"
"1972","2023/11/1","Before 7",2,"DGS","Raptor","Buteo japonicus","Eastern Buzzard"
"1973","2023/11/1","Before 7",2,"DGS","Raptor","Falco tinnunculus","Common Kestrel"
"1974","2023/11/1","7-8",2,"DGS","Raptor","Tachyspiza gularis","Japanese Sparrowhawk"
"1975","2023/11/1","7-8",1,"DGS","Raptor","Accipiter nisus","Eurasian Sparrowhawk"
"1976","2023/11/1","7-8",1,"DGS","Raptor","Butastur indicus","Grey-faced Buzzard"
"1977","2023/11/1","7-8",1,"DGS","Raptor","Falco sp.","Unidentified Falcons"
"1978","2023/11/1","8-9",2,"DGS","Raptor","Lophospiza trivirgata","Crested Goshawk"
"1979","2023/11/1","8-9",6,"DGS","Raptor","Tachyspiza gularis","Japanese Sparrowhawk"
"1980","2023/11/1","8-9",3,"DGS","Raptor","Buteo japonicus","Eastern Buzzard"
"1981","2023/11/1","8-9",1,"DGS","Raptor","Raptors (unidentified)","Unidentified Raptors"
"1982","2023/11/1","9-10",3,"DGS","Raptor","Tachyspiza gularis","Japanese Sparrowhawk"
"1983","2023/11/1","9-10",1,"DGS","Raptor","Accipiter nisus","Eurasian Sparrowhawk"
"1984","2023/11/1","9-10",1,"DGS","Raptor","Astur gentilis","Eurasian Goshawk"
"1985","2023/11/1","10-11",9,"DGS","Raptor","Tachyspiza gularis","Japanese Sparrowhawk"
"1986","2023/11/1","10-11",4,"DGS","Raptor","Accipiter nisus","Eurasian Sparrowhawk"
"1987","2023/11/1","10-11",1,"DGS","Raptor","Elanus caeruleus","Black-winged Kite"
"1988","2023/11/1","10-11",3,"DGS","Else","Delichon dasypus/lagopodum","Asian/Siberian House Martin"
"1989","2023/11/1","10-11",1,"DGS","Else","Riparia riparia/diluta","Sand/Pale Martin"
"1990","2023/11/1","11-12",2,"DGS","Raptor","Tachyspiza gularis","Japanese Sparrowhawk"
"1991","2023/11/1","11-12",1,"DGS","Raptor","Accipiter nisus","Eurasian Sparrowhawk"
"1992","2023/11/1","11-12",2,"DGS","Raptor","Buteo japonicus","Eastern Buzzard"
"1993","2023/11/1","11-12",1,"DGS","Raptor","Falco subbuteo","Eurasian Hobby"
"1994","2023/11/1","11-12",1,"DGS","Else","Delichon dasypus/lagopodum","Asian/Siberian House Martin"
"1995","2023/11/1","12-13",3,"DGS","Raptor","Tachyspiza gularis","Japanese Sparrowhawk"
"1996","2023/11/1","12-13",2,"DGS","Raptor","Accipiter nisus","Eurasian Sparrowhawk"
"1997","2023/11/1","12-13",2,"DGS","Raptor","Buteo japonicus","Eastern Buzzard"
"1998","2023/11/1","12-13",2,"DGS","Else","Riparia riparia/diluta","Sand/Pale Martin"
"1999","2023/11/1","13-14",4,"DGS","Raptor","Tachyspiza gularis","Japanese Sparrowhawk"
"2000","2023/11/1","13-14",5,"DGS","Raptor","Accipiter nisus","Eurasian Sparrowhawk"
"2001","2023/11/1","13-14",1,"DGS","Raptor","Astur gentilis","Eurasian Goshawk"
"2002","2023/11/1","13-14",2,"DGS","Raptor","Falco peregrinus","Peregrine Falcon"
"2003","2023/11/1","13-14",3,"DGS","Raptor","Eagles (unidentified)","Unidentified Eagles"
"2004","2023/11/1","13-14",5,"DGS","Else","Delichon dasypus/lagopodum","Asian/Siberian House Martin"
"2005","2023/11/1","14-15",1,"DGS","Raptor","Pandion haliaetus","Osprey"
"2006","2023/11/1","14-15",1,"DGS","Raptor","Buteo japonicus","Eastern Buzzard"
"2007","2023/11/1","14-15",1,"DGS","Raptor","Falco subbuteo","Eurasian Hobby"
"2008","2023/11/1","14-15",2,"DGS","Raptor","Eagles (unidentified)","Unidentified Eagles"
"2009","2023/11/1","15-16",1,"DGS","Raptor","Pernis ptilorhynchus","Crested Honey-buzzard"
"2010","2023/11/1","15-16",2,"DGS","Raptor","Tachyspiza gularis","Japanese Sparrowhawk"
"2011","2023/11/2","7-8",3,"DGS","Raptor","Tachyspiza gularis","Japanese Sparrowhawk"
"2012","2023/11/2","7-8",2,"DGS","Raptor","Accipiter nisus","Eurasian Sparrowhawk"
"2013","2023/11/2","8-9",5,"DGS","Raptor","Tachyspiza gularis","Japanese Sparrowhawk"
"2014","2023/11/2","8-9",1,"DGS","Raptor","Accipiter nisus","Eurasian Sparrowhawk"
"2015","2023/11/2","8-9",2,"DGS","Raptor","Buteo japonicus","Eastern Buzzard"
"2016","2023/11/2","9-10",2,"DGS","Raptor","Lophospiza trivirgata","Crested Goshawk"
"2017","2023/11/2","9-10",6,"DGS","Raptor","Tachyspiza gularis","Japanese Sparrowhawk"
"2018","2023/11/2","10-11",1,"DGS","Raptor","Lophospiza trivirgata","Crested Goshawk"
"2019","2023/11/2","10-11",3,"DGS","Raptor","Tachyspiza gularis","Japanese Sparrowhawk"
"2020","2023/11/2","10-11",5,"DGS","Raptor","Accipiter nisus","Eurasian Sparrowhawk"
"2021","2023/11/2","10-11",4,"DGS","Raptor","Buteo japonicus","Eastern Buzzard"
"2022","2023/11/2","12-13",2,"DGS","Raptor","Tachyspiza gularis","Japanese Sparrowhawk"
"2023","2023/11/2","12-13",6,"DGS","Raptor","Buteo japonicus","Eastern Buzzard"
"2024","2023/11/2","13-14",2,"DGS","Raptor","Accipiter nisus","Eurasian Sparrowhawk"
"2025","2023/11/2","13-14",1,"DGS","Raptor","Falco tinnunculus","Common Kestrel"
"2026","2023/11/2","13-14",1,"DGS","Raptor","Raptors (unidentified)","Unidentified Raptors"
"2027","2023/11/2","14-15",1,"DGS","Raptor","Accipiter nisus","Eurasian Sparrowhawk"
"2028","2023/11/2","14-15",1,"DGS","Raptor","Buteo japonicus","Eastern Buzzard"
"2029","2023/11/2","14-15",1,"DGS","Raptor","Falco subbuteo","Eurasian Hobby"
"2030","2023/11/2","15-16",1,"DGS","Raptor","Accipiter nisus","Eurasian Sparrowhawk"
"2031","2023/11/2","15-16",2,"DGS","Swift","Apus nipalensis","House Swift"
"2032","2023/11/2","16-17",1,"DGS","Raptor","Tachyspiza gularis","Japanese Sparrowhawk"
"2033","2023/11/3","7-8",7,"DGS","Else","Delichon dasypus/lagopodum","Asian/Siberian House Martin"
"2034","2023/11/3","8-9",3,"DGS","Raptor","Tachyspiza gularis","Japanese Sparrowhawk"
"2035","2023/11/3","8-9",1,"DGS","Raptor","Accipiter nisus","Eurasian Sparrowhawk"
"2036","2023/11/3","9-10",3,"DGS","Raptor","Tachyspiza gularis","Japanese Sparrowhawk"
"2037","2023/11/3","9-10",1,"DGS","Raptor","Accipiter nisus","Eurasian Sparrowhawk"
"2038","2023/11/3","9-10",3,"DGS","Raptor","Buteo japonicus","Eastern Buzzard"
"2039","2023/11/3","9-10",21,"DGS","Else","Delichon dasypus/lagopodum","Asian/Siberian House Martin"
"2040","2023/11/3","10-11",5,"DGS","Raptor","Tachyspiza gularis","Japanese Sparrowhawk"
"2041","2023/11/3","10-11",1,"DGS","Raptor","Accipiter nisus","Eurasian Sparrowhawk"
"2042","2023/11/3","10-11",2,"DGS","Raptor","Buteo japonicus","Eastern Buzzard"
"2043","2023/11/3","10-11",15,"DGS","Else","Delichon dasypus/lagopodum","Asian/Siberian House Martin"
"2044","2023/11/3","11-12",1,"DGS","Raptor","Lophospiza trivirgata","Crested Goshawk"
"2045","2023/11/3","11-12",3,"DGS","Raptor","Tachyspiza gularis","Japanese Sparrowhawk"
"2046","2023/11/3","12-13",1,"DGS","Raptor","Lophospiza trivirgata","Crested Goshawk"
"2047","2023/11/3","12-13",1,"DGS","Raptor","Accipiter nisus","Eurasian Sparrowhawk"
"2048","2023/11/3","14-15",2,"DGS","Raptor","Tachyspiza gularis","Japanese Sparrowhawk"
"2049","2023/11/3","14-15",1,"DGS","Raptor","Accipiter nisus","Eurasian Sparrowhawk"
"2050","2023/11/3","14-15",1,"DGS","Raptor","Buteo japonicus","Eastern Buzzard"
"2051","2023/11/3","16-17",1,"DGS","Raptor","Tachyspiza gularis","Japanese Sparrowhawk"
"2052","2023/11/3","16-17",1,"DGS","Else","Dicrurus hottentottus","Hair-crested Drongo"
"2053","2023/11/4","7-8",1,"DGS","Raptor","Tachyspiza gularis","Japanese Sparrowhawk"
"2054","2023/11/4","7-8",1,"DGS","Raptor","Raptors (unidentified)","Unidentified Raptors"
"2055","2023/11/4","7-8",1,"DGS","Else","Coccothraustes coccothraustes","Hawfinch"
"2056","2023/11/4","8-9",1,"DGS","Raptor","Lophospiza trivirgata","Crested Goshawk"
"2057","2023/11/4","8-9",1,"DGS","Raptor","Tachyspiza gularis","Japanese Sparrowhawk"
"2058","2023/11/4","8-9",2,"DGS","Raptor","Accipiter nisus","Eurasian Sparrowhawk"
"2059","2023/11/4","9-10",1,"DGS","Raptor","Astur gentilis","Eurasian Goshawk"
"2060","2023/11/4","10-11",2,"DGS","Raptor","Buteo japonicus","Eastern Buzzard"
"2061","2023/11/4","10-11",1,"DGS","Raptor","Falco tinnunculus","Common Kestrel"
"2062","2023/11/4","10-11",1,"DGS","Raptor","Falco subbuteo","Eurasian Hobby"
"2063","2023/11/4","10-11",1,"DGS","Else","Delichon dasypus/lagopodum","Asian/Siberian House Martin"
"2064","2023/11/4","11-12",3,"DGS","Raptor","Accipiter nisus","Eurasian Sparrowhawk"
"2065","2023/11/4","12-13",6,"DGS","Raptor","Tachyspiza gularis","Japanese Sparrowhawk"
"2066","2023/11/4","12-13",3,"DGS","Raptor","Accipiter nisus","Eurasian Sparrowhawk"
"2067","2023/11/4","12-13",3,"DGS","Raptor","Buteo japonicus","Eastern Buzzard"
"2068","2023/11/4","12-13",3,"DGS","Raptor","Eagles (unidentified)","Unidentified Eagles"
"2069","2023/11/4","13-14",2,"DGS","Raptor","Tachyspiza gularis","Japanese Sparrowhawk"
"2070","2023/11/4","13-14",2,"DGS","Raptor","Buteo japonicus","Eastern Buzzard"
"2071","2023/11/4","14-15",1,"DGS","Raptor","Tachyspiza gularis","Japanese Sparrowhawk"
"2072","2023/11/4","14-15",3,"DGS","Raptor","Accipiter nisus","Eurasian Sparrowhawk"
"2073","2023/11/4","14-15",1,"DGS","Raptor","Astur gentilis","Eurasian Goshawk"
"2074","2023/11/4","14-15",2,"DGS","Raptor","Butastur indicus","Grey-faced Buzzard"
"2075","2023/11/4","14-15",3,"DGS","Raptor","Buteo japonicus","Eastern Buzzard"
"2076","2023/11/4","14-15",1,"DGS","Raptor","Falco tinnunculus","Common Kestrel"
"2077","2023/11/4","15-16",1,"DGS","Raptor","Accipiter nisus","Eurasian Sparrowhawk"
"2078","2023/11/4","15-16",2,"DGS","Raptor","Buteo japonicus","Eastern Buzzard"
"2079","2023/11/4","15-16",1,"DGS","Raptor","Eagles (unidentified)","Unidentified Eagles"
"2080","2023/11/5","Before 7",1,"DGS","Raptor","Tachyspiza gularis","Japanese Sparrowhawk"
"2081","2023/11/5","7-8",1,"DGS","Raptor","Tachyspiza gularis","Japanese Sparrowhawk"
"2082","2023/11/5","8-9",5,"DGS","Raptor","Tachyspiza gularis","Japanese Sparrowhawk"
"2083","2023/11/5","8-9",2,"DGS","Raptor","Accipiter nisus","Eurasian Sparrowhawk"
"2084","2023/11/5","8-9",1,"DGS","Raptor","Buteo japonicus","Eastern Buzzard"
"2085","2023/11/5","9-10",1,"DGS","Raptor","Pandion haliaetus","Osprey"
"2086","2023/11/5","9-10",1,"DGS","Raptor","Lophospiza trivirgata","Crested Goshawk"
"2087","2023/11/5","9-10",1,"DGS","Raptor","Tachyspiza gularis","Japanese Sparrowhawk"
"2088","2023/11/5","9-10",2,"DGS","Raptor","Buteo japonicus","Eastern Buzzard"
"2089","2023/11/5","10-11",3,"DGS","Raptor","Tachyspiza gularis","Japanese Sparrowhawk"
"2090","2023/11/5","10-11",1,"DGS","Raptor","Accipiter nisus","Eurasian Sparrowhawk"
"2091","2023/11/5","10-11",3,"DGS","Raptor","Buteo japonicus","Eastern Buzzard"
"2092","2023/11/5","10-11",1,"DGS","Raptor","Falco subbuteo","Eurasian Hobby"
"2093","2023/11/5","10-11",1,"DGS","Else","Delichon dasypus/lagopodum","Asian/Siberian House Martin"
"2094","2023/11/5","11-12",2,"DGS","Raptor","Tachyspiza gularis","Japanese Sparrowhawk"
"2095","2023/11/5","11-12",8,"DGS","Else","Delichon dasypus/lagopodum","Asian/Siberian House Martin"
"2096","2023/11/5","12-13",1,"DGS","Raptor","Pandion haliaetus","Osprey"
"2097","2023/11/5","12-13",2,"DGS","Raptor","Tachyspiza gularis","Japanese Sparrowhawk"
"2098","2023/11/5","12-13",1,"DGS","Raptor","Buteo japonicus","Eastern Buzzard"
"2099","2023/11/5","13-14",2,"DGS","Raptor","Accipiter nisus","Eurasian Sparrowhawk"
"2100","2023/11/5","13-14",4,"DGS","Raptor","Buteo japonicus","Eastern Buzzard"
"2101","2023/11/5","14-15",1,"DGS","Raptor","Pernis ptilorhynchus","Crested Honey-buzzard"
"2102","2023/11/5","14-15",1,"DGS","Raptor","Accipiter nisus","Eurasian Sparrowhawk"
"2103","2023/11/5","15-16",1,"DGS","Raptor","Accipiter nisus","Eurasian Sparrowhawk"
"2104","2023/11/5","15-16",1,"DGS","Raptor","Buteo japonicus","Eastern Buzzard"
"2105","2023/11/5","15-16",3,"DGS","Else","Delichon dasypus/lagopodum","Asian/Siberian House Martin"
"2106","2023/11/5","16-17",4,"DGS","Else","Delichon dasypus/lagopodum","Asian/Siberian House Martin"
"2107","2023/11/6","Before 7",2,"DGS","Raptor","Buteo japonicus","Eastern Buzzard"
"2108","2023/11/6","7-8",2,"DGS","Raptor","Tachyspiza gularis","Japanese Sparrowhawk"
"2109","2023/11/6","8-9",1,"DGS","Raptor","Pernis ptilorhynchus","Crested Honey-buzzard"
"2110","2023/11/6","8-9",7,"DGS","Raptor","Tachyspiza gularis","Japanese Sparrowhawk"
"2111","2023/11/6","8-9",4,"DGS","Raptor","Raptors (unidentified)","Unidentified Raptors"
"2112","2023/11/6","9-10",15,"DGS","Raptor","Tachyspiza gularis","Japanese Sparrowhawk"
"2113","2023/11/6","10-11",8,"DGS","Raptor","Tachyspiza gularis","Japanese Sparrowhawk"
"2114","2023/11/6","10-11",2,"DGS","Raptor","Buteo japonicus","Eastern Buzzard"
"2115","2023/11/6","11-12",10,"DGS","Raptor","Tachyspiza gularis","Japanese Sparrowhawk"
"2116","2023/11/6","11-12",5,"DGS","Raptor","Buteo japonicus","Eastern Buzzard"
"2117","2023/11/6","12-13",5,"DGS","Raptor","Tachyspiza gularis","Japanese Sparrowhawk"
"2118","2023/11/6","12-13",1,"DGS","Raptor","Buteo japonicus","Eastern Buzzard"
"2119","2023/11/6","13-14",10,"DGS","Raptor","Tachyspiza gularis","Japanese Sparrowhawk"
"2120","2023/11/6","13-14",3,"DGS","Raptor","Raptors (unidentified)","Unidentified Raptors"
"2121","2023/11/6","14-15",3,"DGS","Raptor","Tachyspiza gularis","Japanese Sparrowhawk"
"2122","2023/11/6","15-16",5,"DGS","Raptor","Tachyspiza gularis","Japanese Sparrowhawk"
"2123","2023/11/7","Before 7",4,"DGS","Raptor","Tachyspiza gularis","Japanese Sparrowhawk"
"2124","2023/11/7","Before 7",1,"DGS","Raptor","Accipiter nisus","Eurasian Sparrowhawk"
"2125","2023/11/7","7-8",1,"DGS","Raptor","Tachyspiza gularis","Japanese Sparrowhawk"
"2126","2023/11/7","7-8",1,"DGS","Raptor","Raptors (unidentified)","Unidentified Raptors"
"2127","2023/11/7","8-9",3,"DGS","Raptor","Buteo japonicus","Eastern Buzzard"
"2128","2023/11/7","8-9",1,"DGS","Raptor","Raptors (unidentified)","Unidentified Raptors"
"2129","2023/11/7","9-10",1,"DGS","Raptor","Tachyspiza gularis","Japanese Sparrowhawk"
"2130","2023/11/7","9-10",3,"DGS","Raptor","Buteo japonicus","Eastern Buzzard"
"2131","2023/11/7","9-10",2,"DGS","Raptor","Eagles (unidentified)","Unidentified Eagles"
"2132","2023/11/7","10-11",1,"DGS","Raptor","Buteo japonicus","Eastern Buzzard"
"2133","2023/11/7","10-11",3,"DGS","Raptor","Raptors (unidentified)","Unidentified Raptors"
"2134","2023/11/7","11-12",1,"DGS","Raptor","Tachyspiza gularis","Japanese Sparrowhawk"
"2135","2023/11/7","13-14",2,"DGS","Raptor","Raptors (unidentified)","Unidentified Raptors"
"2136","2023/11/7","14-15",1,"DGS","Raptor","Tachyspiza gularis","Japanese Sparrowhawk"
"2137","2023/11/7","14-15",2,"DGS","Raptor","Raptors (unidentified)","Unidentified Raptors"
"2138","2023/11/7","15-16",2,"DGS","Raptor","Tachyspiza gularis","Japanese Sparrowhawk"
"2139","2023/11/8","Before 7",1,"DGS","Raptor","Tachyspiza gularis","Japanese Sparrowhawk"
"2140","2023/11/8","Before 7",1,"DGS","Raptor","Buteo japonicus","Eastern Buzzard"
"2141","2023/11/8","Before 7",1,"DGS","Raptor","Falco tinnunculus","Common Kestrel"
"2142","2023/11/8","Before 7",1,"DGS","Raptor","Raptors (unidentified)","Unidentified Raptors"
"2143","2023/11/8","7-8",7,"DGS","Raptor","Tachyspiza gularis","Japanese Sparrowhawk"
"2144","2023/11/8","7-8",4,"DGS","Raptor","Buteo japonicus","Eastern Buzzard"
"2145","2023/11/8","8-9",4,"DGS","Raptor","Tachyspiza gularis","Japanese Sparrowhawk"
"2146","2023/11/8","8-9",4,"DGS","Raptor","Raptors (unidentified)","Unidentified Raptors"
"2147","2023/11/8","9-10",1,"DGS","Raptor","Tachyspiza gularis","Japanese Sparrowhawk"
"2148","2023/11/8","9-10",1,"DGS","Raptor","Buteo japonicus","Eastern Buzzard"
"2149","2023/11/8","11-12",1,"DGS","Raptor","Tachyspiza gularis","Japanese Sparrowhawk"
"2150","2023/11/8","11-12",1,"DGS","Raptor","Buteo japonicus","Eastern Buzzard"
"2151","2023/11/8","12-13",2,"DGS","Raptor","Tachyspiza gularis","Japanese Sparrowhawk"
"2152","2023/11/8","12-13",1,"DGS","Raptor","Raptors (unidentified)","Unidentified Raptors"
"2153","2023/11/8","14-15",1,"DGS","Raptor","Buteo japonicus","Eastern Buzzard"
"2154","2023/11/9","Before 7",1,"DGS","Raptor","Tachyspiza gularis","Japanese Sparrowhawk"
"2155","2023/11/9","7-8",1,"DGS","Raptor","Tachyspiza gularis","Japanese Sparrowhawk"
"2156","2023/11/9","9-10",1,"DGS","Raptor","Tachyspiza gularis","Japanese Sparrowhawk"
"2157","2023/11/9","9-10",1,"DGS","Raptor","Buteo japonicus","Eastern Buzzard"
"2158","2023/11/9","9-10",1,"DGS","Raptor","Eagles (unidentified)","Unidentified Eagles"
"2159","2023/11/9","10-11",1,"DGS","Raptor","Tachyspiza gularis","Japanese Sparrowhawk"
"2160","2023/11/9","12-13",1,"DGS","Raptor","Buteo japonicus","Eastern Buzzard"
"2161","2023/11/9","13-14",1,"DGS","Raptor","Buteo japonicus","Eastern Buzzard"
"2162","2023/11/10","Before 7",1,"DGS","Raptor","Buteo japonicus","Eastern Buzzard"
"2163","2023/11/10","7-8",5,"DGS","Raptor","Tachyspiza gularis","Japanese Sparrowhawk"
"2164","2023/11/10","7-8",2,"DGS","Raptor","Accipiter nisus","Eurasian Sparrowhawk"
"2165","2023/11/10","7-8",3,"DGS","Raptor","Buteo japonicus","Eastern Buzzard"
"2166","2023/11/10","7-8",1,"DGS","Raptor","Falco tinnunculus","Common Kestrel"
"2167","2023/11/10","7-8",2,"DGS","Raptor","Raptors (unidentified)","Unidentified Raptors"
"2168","2023/11/10","8-9",1,"DGS","Raptor","Tachyspiza virgata","Besra"
"2169","2023/11/10","8-9",7,"DGS","Raptor","Tachyspiza gularis","Japanese Sparrowhawk"
"2170","2023/11/10","8-9",1,"DGS","Raptor","Buteo japonicus","Eastern Buzzard"
"2171","2023/11/10","8-9",1,"DGS","Raptor","Raptors (unidentified)","Unidentified Raptors"
"2172","2023/11/10","9-10",1,"DGS","Raptor","Tachyspiza gularis","Japanese Sparrowhawk"
"2173","2023/11/10","9-10",1,"DGS","Raptor","Falco tinnunculus","Common Kestrel"
"2174","2023/11/10","9-10",1,"DGS","Raptor","Falco peregrinus","Peregrine Falcon"
"2175","2023/11/10","10-11",1,"DGS","Raptor","Tachyspiza gularis","Japanese Sparrowhawk"
"2176","2023/11/10","10-11",2,"DGS","Raptor","Buteo japonicus","Eastern Buzzard"
"2177","2023/11/10","10-11",1,"DGS","Raptor","Falco peregrinus","Peregrine Falcon"
"2178","2023/11/10","10-11",1,"DGS","Raptor","Elanus caeruleus","Black-winged Kite"
"2179","2023/11/10","10-11",1,"DGS","Raptor","Raptors (unidentified)","Unidentified Raptors"
"2180","2023/11/10","11-12",8,"DGS","Raptor","Tachyspiza gularis","Japanese Sparrowhawk"
"2181","2023/11/10","11-12",2,"DGS","Raptor","Accipiter nisus","Eurasian Sparrowhawk"
"2182","2023/11/10","11-12",4,"DGS","Raptor","Buteo japonicus","Eastern Buzzard"
"2183","2023/11/10","11-12",6,"DGS","Else","Anser fabalis","Taiga Bean Goose"
"2184","2023/11/10","12-13",1,"DGS","Raptor","Pandion haliaetus","Osprey"
"2185","2023/11/10","12-13",5,"DGS","Raptor","Tachyspiza gularis","Japanese Sparrowhawk"
"2186","2023/11/10","12-13",2,"DGS","Raptor","Accipiter nisus","Eurasian Sparrowhawk"
"2187","2023/11/10","12-13",1,"DGS","Raptor","Astur gentilis","Eurasian Goshawk"
"2188","2023/11/10","12-13",2,"DGS","Raptor","Buteo japonicus","Eastern Buzzard"
"2189","2023/11/10","13-14",5,"DGS","Raptor","Tachyspiza gularis","Japanese Sparrowhawk"
"2190","2023/11/10","13-14",1,"DGS","Raptor","Astur gentilis","Eurasian Goshawk"
"2191","2023/11/10","13-14",1,"DGS","Raptor","Buteo japonicus","Eastern Buzzard"
"2192","2023/11/10","14-15",1,"DGS","Raptor","Lophospiza trivirgata","Crested Goshawk"
"2193","2023/11/10","15-16",1,"DGS","Raptor","Tachyspiza gularis","Japanese Sparrowhawk"
"2194","2023/11/11","Before 7",2,"DGS","Else","Anser fabalis","Taiga Bean Goose"
"2195","2023/11/11","7-8",4,"DGS","Raptor","Tachyspiza gularis","Japanese Sparrowhawk"
"2196","2023/11/11","7-8",3,"DGS","Raptor","Accipiter nisus","Eurasian Sparrowhawk"
"2197","2023/11/11","7-8",1,"DGS","Raptor","Buteo japonicus","Eastern Buzzard"
"2198","2023/11/11","7-8",1,"DGS","Raptor","Falco tinnunculus","Common Kestrel"
"2199","2023/11/11","7-8",2,"DGS","Raptor","Eagles (unidentified)","Unidentified Eagles"
"2200","2023/11/11","8-9",4,"DGS","Raptor","Tachyspiza gularis","Japanese Sparrowhawk"
"2201","2023/11/11","8-9",1,"DGS","Raptor","Tachyspiza virgata","Besra"
"2202","2023/11/11","8-9",1,"DGS","Raptor","Accipiter nisus","Eurasian Sparrowhawk"
"2203","2023/11/11","8-9",3,"DGS","Raptor","Buteo japonicus","Eastern Buzzard"
"2204","2023/11/11","9-10",1,"DGS","Raptor","Pernis ptilorhynchus","Crested Honey-buzzard"
"2205","2023/11/11","9-10",6,"DGS","Raptor","Tachyspiza gularis","Japanese Sparrowhawk"
"2206","2023/11/11","9-10",1,"DGS","Raptor","Astur gentilis","Eurasian Goshawk"
"2207","2023/11/11","9-10",1,"DGS","Raptor","Falco tinnunculus","Common Kestrel"
"2208","2023/11/11","9-10",1,"DGS","Raptor","Eagles (unidentified)","Unidentified Eagles"
"2209","2023/11/11","10-11",2,"DGS","Raptor","Tachyspiza gularis","Japanese Sparrowhawk"
"2210","2023/11/11","10-11",2,"DGS","Raptor","Accipiter nisus","Eurasian Sparrowhawk"
"2211","2023/11/11","10-11",5,"DGS","Raptor","Buteo japonicus","Eastern Buzzard"
"2212","2023/11/11","11-12",1,"DGS","Raptor","Tachyspiza gularis","Japanese Sparrowhawk"
"2213","2023/11/11","11-12",2,"DGS","Raptor","Accipiter nisus","Eurasian Sparrowhawk"
"2214","2023/11/11","11-12",1,"DGS","Raptor","Falco tinnunculus","Common Kestrel"
"2215","2023/11/11","11-12",2,"DGS","Else","Delichon dasypus/lagopodum","Asian/Siberian House Martin"
"2216","2023/11/11","12-13",1,"DGS","Raptor","Tachyspiza gularis","Japanese Sparrowhawk"
"2217","2023/11/11","15-16",1,"DGS","Raptor","Accipiter nisus","Eurasian Sparrowhawk"
"2218","2023/11/11","15-16",1,"DGS","Raptor","Eagles (unidentified)","Unidentified Eagles"
"2219","2023/11/11","15-16",4,"DGS","Else","Delichon dasypus/lagopodum","Asian/Siberian House Martin"
"2220","2023/11/12","Before 7",2,"DGS","Else","Delichon dasypus/lagopodum","Asian/Siberian House Martin"
"2221","2023/11/12","7-8",1,"DGS","Raptor","Astur gentilis","Eurasian Goshawk"
"2222","2023/11/12","7-8",1,"DGS","Raptor","Buteo japonicus","Eastern Buzzard"
"2223","2023/11/12","8-9",1,"DGS","Raptor","Tachyspiza gularis","Japanese Sparrowhawk"
"2224","2023/11/12","9-10",1,"DGS","Raptor","Milvus migrans","Black Kite"
"2225","2023/11/12","10-11",5,"DGS","Raptor","Tachyspiza gularis","Japanese Sparrowhawk"
"2226","2023/11/12","10-11",6,"DGS","Raptor","Accipiter nisus","Eurasian Sparrowhawk"
"2227","2023/11/12","10-11",1,"DGS","Raptor","Buteo japonicus","Eastern Buzzard"
"2228","2023/11/12","10-11",2,"DGS","Raptor","Eagles (unidentified)","Unidentified Eagles"
"2229","2023/11/12","11-12",2,"DGS","Raptor","Tachyspiza gularis","Japanese Sparrowhawk"
"2230","2023/11/12","11-12",1,"DGS","Raptor","Eagles (unidentified)","Unidentified Eagles"
"2231","2023/11/12","12-13",1,"DGS","Raptor","Lophospiza trivirgata","Crested Goshawk"
"2232","2023/11/12","12-13",3,"DGS","Raptor","Tachyspiza gularis","Japanese Sparrowhawk"
"2233","2023/11/12","12-13",1,"DGS","Raptor","Astur gentilis","Eurasian Goshawk"
"2234","2023/11/12","12-13",2,"DGS","Raptor","Buteo japonicus","Eastern Buzzard"
"2235","2023/11/12","12-13",1,"DGS","Raptor","Falco tinnunculus","Common Kestrel"
"2236","2023/11/12","12-13",2,"DGS","Raptor","Eagles (unidentified)","Unidentified Eagles"
"2237","2023/11/12","12-13",4,"DGS","Else","Delichon dasypus/lagopodum","Asian/Siberian House Martin"
"2238","2023/11/12","12-13",2,"DGS","Else","Anser fabalis","Taiga Bean Goose"
"2239","2023/11/12","14-15",1,"DGS","Raptor","Circus spilonotus","Eastern Marsh Harrier"
"2240","2023/11/12","15-16",1,"DGS","Raptor","Pandion haliaetus","Osprey"
"2241","2023/11/12","15-16",1,"DGS","Raptor","Tachyspiza gularis","Japanese Sparrowhawk"
"2242","2023/11/12","15-16",1,"DGS","Raptor","Buteo japonicus","Eastern Buzzard"
"2243","2023/11/12","15-16",4,"DGS","Else","Delichon dasypus/lagopodum","Asian/Siberian House Martin"
"2244","2024/9/21","Before 7",2,"DGS","Raptor","Tachyspiza soloensis","Chinese Sparrowhawk"
"2245","2024/9/21","Before 7",10,"DGS","Swift","Hirundapus caudacutus","White-throated Needletail"
"2246","2024/9/21","7-8",2,"DGS","Raptor","Tachyspiza soloensis","Chinese Sparrowhawk"
"2247","2024/9/21","7-8",2,"DGS","Raptor","Butastur indicus","Grey-faced Buzzard"
"2248","2024/9/21","7-8",2,"DGS","Raptor","Eagles (unidentified)","Unidentified Eagles"
"2249","2024/9/21","7-8",6,"DGS","Swift","Hirundapus caudacutus","White-throated Needletail"
"2250","2024/9/21","9-10",3,"DGS","Raptor","Tachyspiza soloensis","Chinese Sparrowhawk"
"2251","2024/9/21","9-10",2,"DGS","Raptor","Tachyspiza gularis","Japanese Sparrowhawk"
"2252","2024/9/21","9-10",3,"DGS","Raptor","Butastur indicus","Grey-faced Buzzard"
"2253","2024/9/21","9-10",1,"DGS","Raptor","Pernis ptilorhynchus","Crested Honey-buzzard"
"2254","2024/9/21","9-10",2,"DGS","Raptor","Eagles (unidentified)","Unidentified Eagles"
"2255","2024/9/21","9-10",7,"DGS","Swift","Hirundapus caudacutus","White-throated Needletail"
"2256","2024/9/21","9-10",1,"DGS","Swift","Aerodramus sp.","Swiftlets"
"2257","2024/9/21","10-11",1,"DGS","Raptor","Tachyspiza soloensis","Chinese Sparrowhawk"
"2258","2024/9/21","10-11",1,"DGS","Swift","Hirundapus caudacutus","White-throated Needletail"
"2259","2024/9/21","11-12",1,"DGS","Raptor","Pandion haliaetus","Osprey"
"2260","2024/9/21","11-12",1,"DGS","Raptor","Tachyspiza soloensis","Chinese Sparrowhawk"
"2261","2024/9/21","11-12",1,"DGS","Raptor","Milvus migrans","Black Kite"
"2262","2024/9/21","11-12",1,"DGS","Raptor","Butastur indicus","Grey-faced Buzzard"
"2263","2024/9/21","11-12",3,"DGS","Raptor","Falco subbuteo","Eurasian Hobby"
"2264","2024/9/21","12-13",1,"DGS","Raptor","Pernis ptilorhynchus","Crested Honey-buzzard"
"2265","2024/9/21","12-13",4,"DGS","Raptor","Tachyspiza soloensis","Chinese Sparrowhawk"
"2266","2024/9/21","12-13",2,"DGS","Raptor","Butastur indicus","Grey-faced Buzzard"
"2267","2024/9/21","12-13",6,"DGS","Raptor","Raptors (unidentified)","Unidentified Raptors"
"2268","2024/9/21","13-14",1,"DGS","Raptor","Pernis ptilorhynchus","Crested Honey-buzzard"
"2269","2024/9/21","13-14",1,"DGS","Raptor","Tachyspiza soloensis","Chinese Sparrowhawk"
"2270","2024/9/21","13-14",1,"DGS","Raptor","Butastur indicus","Grey-faced Buzzard"
"2271","2024/9/21","13-14",2,"DGS","Raptor","Falco subbuteo","Eurasian Hobby"
"2272","2024/9/21","14-15",2,"DGS","Raptor","Tachyspiza soloensis","Chinese Sparrowhawk"
"2273","2024/9/21","14-15",2,"DGS","Raptor","Falco subbuteo","Eurasian Hobby"
"2274","2024/9/21","14-15",1,"DGS","Swift","Aerodramus sp.","Swiftlets"
"2275","2024/9/21","14-15",1,"DGS","Else","Emberiza rutila","Chestnut Bunting"
"2276","2024/9/21","15-16",1,"DGS","Raptor","Tachyspiza gularis","Japanese Sparrowhawk"
"2277","2024/9/21","15-16",6,"DGS","Raptor","Falco subbuteo","Eurasian Hobby"
"2278","2024/9/21","15-16",30,"DGS","Swift","Hirundapus caudacutus","White-throated Needletail"
"2279","2024/9/21","16-17",12,"DGS","Raptor","Falco subbuteo","Eurasian Hobby"
"2280","2024/9/22","Before 7",2,"DGS","Raptor","Pernis ptilorhynchus","Crested Honey-buzzard"
"2281","2024/9/22","Before 7",28,"DGS","Raptor","Tachyspiza soloensis","Chinese Sparrowhawk"
"2282","2024/9/22","Before 7",4,"DGS","Raptor","Tachyspiza gularis","Japanese Sparrowhawk"
"2283","2024/9/22","Before 7",2,"DGS","Raptor","Falco subbuteo","Eurasian Hobby"
"2284","2024/9/22","Before 7",18,"DGS","Swift","Hirundapus caudacutus","White-throated Needletail"
"2285","2024/9/22","7-8",2,"DGS","Raptor","Pernis ptilorhynchus","Crested Honey-buzzard"
"2286","2024/9/22","7-8",271,"DGS","Raptor","Tachyspiza soloensis","Chinese Sparrowhawk"
"2287","2024/9/22","7-8",2,"DGS","Raptor","Falco tinnunculus","Common Kestrel"
"2288","2024/9/22","7-8",15,"DGS","Swift","Hirundapus caudacutus","White-throated Needletail"
"2289","2024/9/22","7-8",1,"DGS","Else","Delichon dasypus/lagopodum","Asian/Siberian House Martin"
"2290","2024/9/22","8-9",1,"DGS","Raptor","Pernis ptilorhynchus","Crested Honey-buzzard"
"2291","2024/9/22","8-9",60,"DGS","Raptor","Tachyspiza soloensis","Chinese Sparrowhawk"
"2292","2024/9/22","8-9",5,"DGS","Raptor","Tachyspiza gularis","Japanese Sparrowhawk"
"2293","2024/9/22","8-9",3,"DGS","Raptor","Butastur indicus","Grey-faced Buzzard"
"2294","2024/9/22","8-9",21,"DGS","Swift","Hirundapus caudacutus","White-throated Needletail"
"2295","2024/9/22","9-10",4,"DGS","Raptor","Lophospiza trivirgata","Crested Goshawk"
"2296","2024/9/22","9-10",8,"DGS","Raptor","Tachyspiza soloensis","Chinese Sparrowhawk"
"2297","2024/9/22","9-10",2,"DGS","Raptor","Tachyspiza gularis","Japanese Sparrowhawk"
"2298","2024/9/22","9-10",2,"DGS","Raptor","Tachyspiza virgata","Besra"
"2299","2024/9/22","9-10",2,"DGS","Raptor","Falco subbuteo","Eurasian Hobby"
"2300","2024/9/22","9-10",2,"DGS","Swift","Hirundapus caudacutus","White-throated Needletail"
"2301","2024/9/22","9-10",4,"DGS","Swift","Apus pacificus","Pacific Swift"
"2302","2024/9/22","9-10",1,"DGS","Swift","Aerodramus sp.","Swiftlets"
"2303","2024/9/22","10-11",1,"DGS","Raptor","Pandion haliaetus","Osprey"
"2304","2024/9/22","10-11",2,"DGS","Raptor","Pernis ptilorhynchus","Crested Honey-buzzard"
"2305","2024/9/22","10-11",5,"DGS","Raptor","Tachyspiza soloensis","Chinese Sparrowhawk"
"2306","2024/9/22","10-11",1,"DGS","Raptor","Falco tinnunculus","Common Kestrel"
"2307","2024/9/22","10-11",7,"DGS","Raptor","Raptors (unidentified)","Unidentified Raptors"
"2308","2024/9/22","10-11",2,"DGS","Swift","Apus pacificus","Pacific Swift"
"2309","2024/9/22","11-12",1,"DGS","Raptor","Pernis ptilorhynchus","Crested Honey-buzzard"
"2310","2024/9/22","11-12",1,"DGS","Raptor","Butastur indicus","Grey-faced Buzzard"
"2311","2024/9/22","11-12",1,"DGS","Raptor","Falco tinnunculus","Common Kestrel"
"2312","2024/9/22","12-13",1,"DGS","Raptor","Tachyspiza soloensis","Chinese Sparrowhawk"
"2313","2024/9/22","14-15",3,"DGS","Raptor","Falco subbuteo","Eurasian Hobby"
"2314","2024/9/22","14-15",1,"DGS","Swift","Hirundapus caudacutus","White-throated Needletail"
"2315","2024/9/22","15-16",1,"DGS","Raptor","Pandion haliaetus","Osprey"
"2316","2024/9/22","15-16",1,"DGS","Raptor","Tachyspiza soloensis","Chinese Sparrowhawk"
"2317","2024/9/22","15-16",1,"DGS","Raptor","Falco tinnunculus","Common Kestrel"
"2318","2024/9/22","15-16",7,"DGS","Raptor","Falco subbuteo","Eurasian Hobby"
"2319","2024/9/22","16-17",1,"DGS","Raptor","Falco tinnunculus","Common Kestrel"
"2320","2024/9/22","16-17",4,"DGS","Raptor","Falco subbuteo","Eurasian Hobby"
"2321","2024/9/22","16-17",2,"DGS","Else","Delichon dasypus/lagopodum","Asian/Siberian House Martin"
"2322","2024/9/22","17-17:30",1,"DGS","Raptor","Falco subbuteo","Eurasian Hobby"
"2323","2024/9/22","17-17:30",2,"DGS","Else","Delichon dasypus/lagopodum","Asian/Siberian House Martin"
"2324","2024/9/23","Before 7",113,"DGS","Raptor","Tachyspiza soloensis","Chinese Sparrowhawk"
"2325","2024/9/23","Before 7",1,"DGS","Raptor","Falco tinnunculus","Common Kestrel"
"2326","2024/9/23","Before 7",1,"DGS","Swift","Hirundapus caudacutus","White-throated Needletail"
"2327","2024/9/23","7-8",16,"DGS","Raptor","Tachyspiza soloensis","Chinese Sparrowhawk"
"2328","2024/9/23","7-8",2,"DGS","Raptor","Butastur indicus","Grey-faced Buzzard"
"2329","2024/9/23","8-9",2,"DGS","Raptor","Pernis ptilorhynchus","Crested Honey-buzzard"
"2330","2024/9/23","8-9",1,"DGS","Raptor","Lophospiza trivirgata","Crested Goshawk"
"2331","2024/9/23","8-9",16,"DGS","Raptor","Tachyspiza soloensis","Chinese Sparrowhawk"
"2332","2024/9/23","8-9",1,"DGS","Raptor","Butastur indicus","Grey-faced Buzzard"
"2333","2024/9/23","8-9",1,"DGS","Raptor","Falco subbuteo","Eurasian Hobby"
"2334","2024/9/23","8-9",1,"DGS","Raptor","Ninox japonica","Northern Boobook"
"2335","2024/9/23","9-10",1,"DGS","Raptor","Pernis ptilorhynchus","Crested Honey-buzzard"
"2336","2024/9/23","9-10",7,"DGS","Raptor","Tachyspiza soloensis","Chinese Sparrowhawk"
"2337","2024/9/23","9-10",1,"DGS","Raptor","Tachyspiza virgata","Besra"
"2338","2024/9/23","9-10",2,"DGS","Raptor","Butastur indicus","Grey-faced Buzzard"
"2339","2024/9/23","9-10",1,"DGS","Raptor","Falco tinnunculus","Common Kestrel"
"2340","2024/9/23","10-11",1,"DGS","Raptor","Falco tinnunculus","Common Kestrel"
"2341","2024/9/23","10-11",1,"DGS","Raptor","Falco subbuteo","Eurasian Hobby"
"2342","2024/9/23","10-11",1,"DGS","Raptor","Falco peregrinus","Peregrine Falcon"
"2343","2024/9/23","12-13",1,"DGS","Raptor","Falco tinnunculus","Common Kestrel"
"2344","2024/9/23","12-13",1,"DGS","Raptor","Falco subbuteo","Eurasian Hobby"
"2345","2024/9/23","15-16",2,"DGS","Raptor","Falco subbuteo","Eurasian Hobby"
"2346","2024/9/23","16-17",5,"DGS","Swift","Apus pacificus","Pacific Swift"
"2347","2024/9/23","17-17:30",1,"DGS","Raptor","Falco tinnunculus","Common Kestrel"
"2348","2024/9/23","17-17:30",2,"DGS","Raptor","Falco subbuteo","Eurasian Hobby"
"2349","2024/9/23","17-17:30",2,"DGS","Swift","Apus pacificus","Pacific Swift"
"2350","2024/9/23","After 17:30",1,"DGS","Raptor","Pandion haliaetus","Osprey"
"2351","2024/9/24","7-8",1,"DGS","Raptor","Tachyspiza gularis","Japanese Sparrowhawk"
"2352","2024/9/24","8-9",1,"DGS","Raptor","Pandion haliaetus","Osprey"
"2353","2024/9/24","8-9",8,"DGS","Raptor","Pernis ptilorhynchus","Crested Honey-buzzard"
"2354","2024/9/24","8-9",1,"DGS","Raptor","Lophospiza trivirgata","Crested Goshawk"
"2355","2024/9/24","8-9",5,"DGS","Raptor","Tachyspiza soloensis","Chinese Sparrowhawk"
"2356","2024/9/24","8-9",5,"DGS","Raptor","Tachyspiza gularis","Japanese Sparrowhawk"
"2357","2024/9/24","8-9",3,"DGS","Raptor","Falco subbuteo","Eurasian Hobby"
"2358","2024/9/24","9-10",1,"DGS","Raptor","Pandion haliaetus","Osprey"
"2359","2024/9/24","9-10",2,"DGS","Raptor","Pernis ptilorhynchus","Crested Honey-buzzard"
"2360","2024/9/24","9-10",2,"DGS","Raptor","Tachyspiza gularis","Japanese Sparrowhawk"
"2361","2024/9/24","9-10",1,"DGS","Raptor","Falco tinnunculus","Common Kestrel"
"2362","2024/9/24","9-10",1,"DGS","Raptor","Falco subbuteo","Eurasian Hobby"
"2363","2024/9/24","10-11",1,"DGS","Raptor","Pandion haliaetus","Osprey"
"2364","2024/9/24","10-11",15,"DGS","Raptor","Pernis ptilorhynchus","Crested Honey-buzzard"
"2365","2024/9/24","10-11",1,"DGS","Raptor","Falco subbuteo","Eurasian Hobby"
"2366","2024/9/24","10-11",1,"DGS","Raptor","Falco sp.","Unidentified Falcons"
"2367","2024/9/24","11-12",2,"DGS","Raptor","Pernis ptilorhynchus","Crested Honey-buzzard"
"2368","2024/9/24","11-12",2,"DGS","Raptor","Tachyspiza soloensis","Chinese Sparrowhawk"
"2369","2024/9/24","11-12",1,"DGS","Raptor","Tachyspiza virgata","Besra"
"2370","2024/9/24","11-12",1,"DGS","Raptor","Falco subbuteo","Eurasian Hobby"
"2371","2024/9/24","12-13",2,"DGS","Raptor","Pernis ptilorhynchus","Crested Honey-buzzard"
"2372","2024/9/24","12-13",2,"DGS","Raptor","Falco subbuteo","Eurasian Hobby"
"2373","2024/9/24","13-14",5,"DGS","Raptor","Pernis ptilorhynchus","Crested Honey-buzzard"
"2374","2024/9/24","14-15",3,"DGS","Raptor","Pernis ptilorhynchus","Crested Honey-buzzard"
"2375","2024/9/24","14-15",2,"DGS","Raptor","Tachyspiza soloensis","Chinese Sparrowhawk"
"2376","2024/9/24","14-15",2,"DGS","Raptor","Falco tinnunculus","Common Kestrel"
"2377","2024/9/24","16-17",6,"DGS","Raptor","Falco subbuteo","Eurasian Hobby"
"2378","2024/9/25","8-9",1,"DGS","Raptor","Tachyspiza gularis","Japanese Sparrowhawk"
"2379","2024/9/25","8-9",1,"DGS","Raptor","Falco tinnunculus","Common Kestrel"
"2380","2024/9/25","9-10",2,"DGS","Raptor","Falco sp.","Unidentified Falcons"
"2381","2024/9/25","9-10",2,"DGS","Swift","Hirundapus caudacutus","White-throated Needletail"
"2382","2024/9/25","10-11",1,"DGS","Raptor","Pandion haliaetus","Osprey"
"2383","2024/9/25","10-11",1,"DGS","Raptor","Pernis ptilorhynchus","Crested Honey-buzzard"
"2384","2024/9/25","10-11",1,"DGS","Raptor","Tachyspiza soloensis","Chinese Sparrowhawk"
"2385","2024/9/25","10-11",1,"DGS","Raptor","Tachyspiza gularis","Japanese Sparrowhawk"
"2386","2024/9/25","11-12",9,"DGS","Raptor","Pernis ptilorhynchus","Crested Honey-buzzard"
"2387","2024/9/25","11-12",1,"DGS","Raptor","Falco tinnunculus","Common Kestrel"
"2388","2024/9/25","11-12",2,"DGS","Raptor","Falco subbuteo","Eurasian Hobby"
"2389","2024/9/25","11-12",1,"DGS","Raptor","Falco sp.","Unidentified Falcons"
"2390","2024/9/25","12-13",82,"DGS","Raptor","Pernis ptilorhynchus","Crested Honey-buzzard"
"2391","2024/9/25","12-13",3,"DGS","Raptor","Falco subbuteo","Eurasian Hobby"
"2392","2024/9/25","12-13",1,"DGS","Swift","Aerodramus sp.","Swiftlets"
"2393","2024/9/25","13-14",70,"DGS","Raptor","Pernis ptilorhynchus","Crested Honey-buzzard"
"2394","2024/9/25","13-14",1,"DGS","Raptor","Tachyspiza soloensis","Chinese Sparrowhawk"
"2395","2024/9/25","13-14",1,"DGS","Raptor","Tachyspiza virgata","Besra"
"2396","2024/9/25","13-14",1,"DGS","Raptor","Butastur indicus","Grey-faced Buzzard"
"2397","2024/9/25","13-14",3,"DGS","Raptor","Falco subbuteo","Eurasian Hobby"
"2398","2024/9/25","13-14",1,"DGS","Raptor","Falco peregrinus","Peregrine Falcon"
"2399","2024/9/25","13-14",5,"DGS","Swift","Apus pacificus","Pacific Swift"
"2400","2024/9/25","14-15",64,"DGS","Raptor","Pernis ptilorhynchus","Crested Honey-buzzard"
"2401","2024/9/25","14-15",3,"DGS","Raptor","Falco subbuteo","Eurasian Hobby"
"2402","2024/9/25","14-15",1,"DGS","Raptor","Falco sp.","Unidentified Falcons"
"2403","2024/9/25","15-16",5,"DGS","Raptor","Pernis ptilorhynchus","Crested Honey-buzzard"
"2404","2024/9/25","15-16",4,"DGS","Raptor","Falco subbuteo","Eurasian Hobby"
"2405","2024/9/25","15-16",1,"DGS","Raptor","Falco peregrinus","Peregrine Falcon"
"2406","2024/9/25","15-16",1,"DGS","Raptor","Falco sp.","Unidentified Falcons"
"2407","2024/9/25","17-17:30",2,"DGS","Swift","Hirundapus caudacutus","White-throated Needletail"
"2408","2024/9/25","17-17:30",1,"DGS","Else","Pitta nympha","Fairy Pitta"
"2409","2024/9/26","Before 7",1,"DGS","Raptor","Pernis ptilorhynchus","Crested Honey-buzzard"
"2410","2024/9/26","7-8",50,"DGS","Raptor","Pernis ptilorhynchus","Crested Honey-buzzard"
"2411","2024/9/26","7-8",1,"DGS","Raptor","Tachyspiza soloensis","Chinese Sparrowhawk"
"2412","2024/9/26","7-8",4,"DGS","Raptor","Tachyspiza gularis","Japanese Sparrowhawk"
"2413","2024/9/26","7-8",2,"DGS","Raptor","Falco subbuteo","Eurasian Hobby"
"2414","2024/9/26","7-8",2,"DGS","Raptor","Eagles (unidentified)","Unidentified Eagles"
"2415","2024/9/26","8-9",4,"DGS","Raptor","Pernis ptilorhynchus","Crested Honey-buzzard"
"2416","2024/9/26","8-9",1,"DGS","Raptor","Lophospiza trivirgata","Crested Goshawk"
"2417","2024/9/26","8-9",3,"DGS","Raptor","Tachyspiza gularis","Japanese Sparrowhawk"
"2418","2024/9/26","8-9",4,"DGS","Raptor","Falco subbuteo","Eurasian Hobby"
"2419","2024/9/26","8-9",7,"DGS","Swift","Apus pacificus","Pacific Swift"
"2420","2024/9/26","9-10",7,"DGS","Raptor","Pernis ptilorhynchus","Crested Honey-buzzard"
"2421","2024/9/26","9-10",1,"DGS","Raptor","Tachyspiza soloensis","Chinese Sparrowhawk"
"2422","2024/9/26","9-10",2,"DGS","Raptor","Falco subbuteo","Eurasian Hobby"
"2423","2024/9/26","9-10",2,"DGS","Raptor","Falco peregrinus","Peregrine Falcon"
"2424","2024/9/26","9-10",2,"DGS","Else","Delichon dasypus/lagopodum","Asian/Siberian House Martin"
"2425","2024/9/26","10-11",5,"DGS","Raptor","Tachyspiza soloensis","Chinese Sparrowhawk"
"2426","2024/9/26","10-11",2,"DGS","Raptor","Tachyspiza gularis","Japanese Sparrowhawk"
"2427","2024/9/26","10-11",1,"DGS","Raptor","Tachyspiza virgata","Besra"
"2428","2024/9/26","10-11",1,"DGS","Raptor","Falco subbuteo","Eurasian Hobby"
"2429","2024/9/26","10-11",1,"DGS","Raptor","Falco peregrinus","Peregrine Falcon"
"2430","2024/9/26","10-11",1,"DGS","Raptor","Falco sp.","Unidentified Falcons"
"2431","2024/9/26","12-13",3,"DGS","Raptor","Falco subbuteo","Eurasian Hobby"
"2432","2024/9/26","12-13",1,"DGS","Swift","Hirundapus caudacutus","White-throated Needletail"
"2433","2024/9/26","12-13",25,"DGS","Swift","Apus pacificus","Pacific Swift"
"2434","2024/9/26","12-13",2,"DGS","Else","Delichon dasypus/lagopodum","Asian/Siberian House Martin"
"2435","2024/9/26","13-14",1,"DGS","Raptor","Tachyspiza soloensis","Chinese Sparrowhawk"
"2436","2024/9/26","13-14",1,"DGS","Raptor","Falco tinnunculus","Common Kestrel"
"2437","2024/9/26","13-14",8,"DGS","Raptor","Falco subbuteo","Eurasian Hobby"
"2438","2024/9/26","13-14",1,"DGS","Else","Delichon dasypus/lagopodum","Asian/Siberian House Martin"
"2439","2024/9/26","14-15",2,"DGS","Raptor","Falco amurensis","Amur Falcon"
"2440","2024/9/26","14-15",1,"DGS","Raptor","Falco peregrinus","Peregrine Falcon"
"2441","2024/9/26","14-15",20,"DGS","Swift","Apus pacificus","Pacific Swift"
"2442","2024/9/26","15-16",10,"DGS","Swift","Apus pacificus","Pacific Swift"
"2443","2024/9/26","16-17",2,"DGS","Swift","Apus pacificus","Pacific Swift"
"2444","2024/9/26","17-17:30",2,"DGS","Swift","Apus pacificus","Pacific Swift"
"2445","2024/9/27","7-8",1,"DGS","Raptor","Tachyspiza soloensis","Chinese Sparrowhawk"
"2446","2024/9/27","8-9",1,"DGS","Raptor","Tachyspiza soloensis","Chinese Sparrowhawk"
"2447","2024/9/27","9-10",1,"DGS","Raptor","Pernis ptilorhynchus","Crested Honey-buzzard"
"2448","2024/9/27","9-10",6,"DGS","Raptor","Tachyspiza soloensis","Chinese Sparrowhawk"
"2449","2024/9/27","9-10",1,"DGS","Raptor","Falco subbuteo","Eurasian Hobby"
"2450","2024/9/27","9-10",4,"DGS","Raptor","Eagles (unidentified)","Unidentified Eagles"
"2451","2024/9/27","9-10",3,"DGS","Swift","Hirundapus caudacutus","White-throated Needletail"
"2452","2024/9/27","10-11",9,"DGS","Raptor","Tachyspiza soloensis","Chinese Sparrowhawk"
"2453","2024/9/27","10-11",6,"DGS","Swift","Apus pacificus","Pacific Swift"
"2454","2024/9/27","10-11",1,"DGS","Swift","Aerodramus sp.","Swiftlets"
"2455","2024/9/27","11-12",1,"DGS","Raptor","Lophospiza trivirgata","Crested Goshawk"
"2456","2024/9/27","12-13",5,"DGS","Raptor","Tachyspiza soloensis","Chinese Sparrowhawk"
"2457","2024/9/27","12-13",1,"DGS","Raptor","Tachyspiza gularis","Japanese Sparrowhawk"
"2458","2024/9/27","12-13",1,"DGS","Raptor","Falco peregrinus","Peregrine Falcon"
"2459","2024/9/27","12-13",5,"DGS","Swift","Apus pacificus","Pacific Swift"
"2460","2024/9/27","13-14",1,"DGS","Raptor","Pernis ptilorhynchus","Crested Honey-buzzard"
"2461","2024/9/27","13-14",5,"DGS","Raptor","Falco subbuteo","Eurasian Hobby"
"2462","2024/9/27","13-14",2,"DGS","Raptor","Falco peregrinus","Peregrine Falcon"
"2463","2024/9/27","14-15",4,"DGS","Raptor","Falco subbuteo","Eurasian Hobby"
"2464","2024/9/27","14-15",1,"DGS","Raptor","Falco peregrinus","Peregrine Falcon"
"2465","2024/9/27","15-16",3,"DGS","Raptor","Falco subbuteo","Eurasian Hobby"
"2466","2024/9/27","15-16",8,"DGS","Swift","Hirundapus caudacutus","White-throated Needletail"
"2467","2024/9/27","15-16",2,"DGS","Swift","Apus pacificus","Pacific Swift"
"2468","2024/9/27","16-17",1,"DGS","Raptor","Falco subbuteo","Eurasian Hobby"
"2469","2024/9/27","16-17",1,"DGS","Raptor","Falco peregrinus","Peregrine Falcon"
"2470","2024/9/27","16-17",13,"DGS","Swift","Hirundapus caudacutus","White-throated Needletail"
"2471","2024/9/27","16-17",1,"DGS","Swift","Apus pacificus","Pacific Swift"
"2472","2024/9/27","16-17",1,"DGS","Swift","Aerodramus sp.","Swiftlets"
"2473","2024/9/27","16-17",2,"DGS","Else","Delichon dasypus/lagopodum","Asian/Siberian House Martin"
"2474","2024/9/27","17-17:30",1,"DGS","Raptor","Falco subbuteo","Eurasian Hobby"
"2475","2024/9/27","17-17:30",1,"DGS","Raptor","Raptors (unidentified)","Unidentified Raptors"
"2476","2024/9/27","17-17:30",3,"DGS","Swift","Hirundapus caudacutus","White-throated Needletail"
"2477","2024/9/27","17-17:30",2,"DGS","Swift","Apus pacificus","Pacific Swift"
"2478","2024/9/27","17-17:30",1,"DGS","Swift","Aerodramus sp.","Swiftlets"
"2479","2024/9/28","7-8",17,"DGS","Raptor","Tachyspiza soloensis","Chinese Sparrowhawk"
"2480","2024/9/28","7-8",2,"DGS","Raptor","Tachyspiza gularis","Japanese Sparrowhawk"
"2481","2024/9/28","7-8",1,"DGS","Raptor","Falco subbuteo","Eurasian Hobby"
"2482","2024/9/28","7-8",7,"DGS","Raptor","Raptors (unidentified)","Unidentified Raptors"
"2483","2024/9/28","7-8",1,"DGS","Swift","Hirundapus caudacutus","White-throated Needletail"
"2484","2024/9/28","7-8",2,"DGS","Swift","Apus pacificus","Pacific Swift"
"2485","2024/9/28","8-9",4,"DGS","Raptor","Pernis ptilorhynchus","Crested Honey-buzzard"
"2486","2024/9/28","8-9",24,"DGS","Raptor","Tachyspiza soloensis","Chinese Sparrowhawk"
"2487","2024/9/28","8-9",7,"DGS","Raptor","Tachyspiza gularis","Japanese Sparrowhawk"
"2488","2024/9/28","8-9",1,"DGS","Raptor","Tachyspiza virgata","Besra"
"2489","2024/9/28","8-9",2,"DGS","Raptor","Falco subbuteo","Eurasian Hobby"
"2490","2024/9/28","8-9",4,"DGS","Raptor","Raptors (unidentified)","Unidentified Raptors"
"2491","2024/9/28","8-9",6,"DGS","Swift","Hirundapus caudacutus","White-throated Needletail"
"2492","2024/9/28","8-9",1,"DGS","Else","Delichon dasypus/lagopodum","Asian/Siberian House Martin"
"2493","2024/9/28","9-10",1,"DGS","Raptor","Pandion haliaetus","Osprey"
"2494","2024/9/28","9-10",2,"DGS","Raptor","Lophospiza trivirgata","Crested Goshawk"
"2495","2024/9/28","9-10",1,"DGS","Raptor","Tachyspiza gularis","Japanese Sparrowhawk"
"2496","2024/9/28","9-10",1,"DGS","Raptor","Falco tinnunculus","Common Kestrel"
"2497","2024/9/28","9-10",1,"DGS","Raptor","Falco peregrinus","Peregrine Falcon"
"2498","2024/9/28","9-10",1,"DGS","Raptor","Raptors (unidentified)","Unidentified Raptors"
"2499","2024/9/28","10-11",1,"DGS","Raptor","Pernis ptilorhynchus","Crested Honey-buzzard"
"2500","2024/9/28","10-11",2,"DGS","Raptor","Lophospiza trivirgata","Crested Goshawk"
"2501","2024/9/28","10-11",2,"DGS","Raptor","Falco subbuteo","Eurasian Hobby"
"2502","2024/9/28","10-11",2,"DGS","Raptor","Raptors (unidentified)","Unidentified Raptors"
"2503","2024/9/28","11-12",1,"DGS","Raptor","Pandion haliaetus","Osprey"
"2504","2024/9/28","11-12",2,"DGS","Raptor","Pernis ptilorhynchus","Crested Honey-buzzard"
"2505","2024/9/28","11-12",1,"DGS","Raptor","Falco tinnunculus","Common Kestrel"
"2506","2024/9/28","12-13",1,"DGS","Raptor","Lophospiza trivirgata","Crested Goshawk"
"2507","2024/9/28","12-13",1,"DGS","Else","Delichon dasypus/lagopodum","Asian/Siberian House Martin"
"2508","2024/9/28","13-14",1,"DGS","Raptor","Lophospiza trivirgata","Crested Goshawk"
"2509","2024/9/28","13-14",2,"DGS","Swift","Apus pacificus","Pacific Swift"
"2510","2024/9/28","13-14",1,"DGS","Swift","Aerodramus sp.","Swiftlets"
"2511","2024/9/28","14-15",1,"DGS","Raptor","Falco tinnunculus","Common Kestrel"
"2512","2024/9/28","15-16",1,"DGS","Raptor","Butastur indicus","Grey-faced Buzzard"
"2513","2024/9/28","15-16",1,"DGS","Raptor","Falco tinnunculus","Common Kestrel"
"2514","2024/9/28","15-16",2,"DGS","Swift","Aerodramus sp.","Swiftlets"
"2515","2024/9/28","16-17",1,"DGS","Raptor","Pandion haliaetus","Osprey"
"2516","2024/9/28","16-17",1,"DGS","Raptor","Falco subbuteo","Eurasian Hobby"
"2517","2024/9/28","16-17",2,"DGS","Raptor","Falco peregrinus","Peregrine Falcon"
"2518","2024/9/28","16-17",1,"DGS","Raptor","Raptors (unidentified)","Unidentified Raptors"
"2519","2024/9/28","16-17",7,"DGS","Swift","Hirundapus caudacutus","White-throated Needletail"
"2520","2024/9/28","16-17",1,"DGS","Swift","Apus pacificus","Pacific Swift"
"2521","2024/9/28","16-17",1,"DGS","Swift","Aerodramus sp.","Swiftlets"
"2522","2024/9/28","17-17:30",2,"DGS","Swift","Hirundapus caudacutus","White-throated Needletail"
"2523","2024/9/29","Before 7",1,"DGS","Raptor","Falco subbuteo","Eurasian Hobby"
"2524","2024/9/29","7-8",7,"DGS","Raptor","Tachyspiza soloensis","Chinese Sparrowhawk"
"2525","2024/9/29","7-8",2,"DGS","Raptor","Tachyspiza gularis","Japanese Sparrowhawk"
"2526","2024/9/29","7-8",1,"DGS","Raptor","Falco tinnunculus","Common Kestrel"
"2527","2024/9/29","7-8",4,"DGS","Raptor","Raptors (unidentified)","Unidentified Raptors"
"2528","2024/9/29","8-9",2,"DGS","Raptor","Pernis ptilorhynchus","Crested Honey-buzzard"
"2529","2024/9/29","8-9",2,"DGS","Raptor","Lophospiza trivirgata","Crested Goshawk"
"2530","2024/9/29","8-9",9,"DGS","Raptor","Tachyspiza soloensis","Chinese Sparrowhawk"
"2531","2024/9/29","8-9",3,"DGS","Raptor","Tachyspiza gularis","Japanese Sparrowhawk"
"2532","2024/9/29","8-9",1,"DGS","Raptor","Falco subbuteo","Eurasian Hobby"
"2533","2024/9/29","8-9",6,"DGS","Raptor","Raptors (unidentified)","Unidentified Raptors"
"2534","2024/9/29","8-9",1,"DGS","Swift","Hirundapus caudacutus","White-throated Needletail"
"2535","2024/9/29","9-10",1,"DGS","Raptor","Pandion haliaetus","Osprey"
"2536","2024/9/29","9-10",2,"DGS","Raptor","Lophospiza trivirgata","Crested Goshawk"
"2537","2024/9/29","9-10",2,"DGS","Raptor","Tachyspiza soloensis","Chinese Sparrowhawk"
"2538","2024/9/29","9-10",1,"DGS","Raptor","Falco tinnunculus","Common Kestrel"
"2539","2024/9/29","9-10",3,"DGS","Raptor","Falco subbuteo","Eurasian Hobby"
"2540","2024/9/29","9-10",1,"DGS","Raptor","Falco peregrinus","Peregrine Falcon"
"2541","2024/9/29","9-10",3,"DGS","Raptor","Raptors (unidentified)","Unidentified Raptors"
"2542","2024/9/29","10-11",1,"DGS","Raptor","Pernis ptilorhynchus","Crested Honey-buzzard"
"2543","2024/9/29","10-11",1,"DGS","Raptor","Tachyspiza gularis","Japanese Sparrowhawk"
"2544","2024/9/29","10-11",1,"DGS","Raptor","Falco subbuteo","Eurasian Hobby"
"2545","2024/9/29","10-11",1,"DGS","Raptor","Falco peregrinus","Peregrine Falcon"
"2546","2024/9/29","10-11",1,"DGS","Raptor","Eagles (unidentified)","Unidentified Eagles"
"2547","2024/9/29","11-12",1,"DGS","Raptor","Lophospiza trivirgata","Crested Goshawk"
"2548","2024/9/29","11-12",2,"DGS","Raptor","Tachyspiza gularis","Japanese Sparrowhawk"
"2549","2024/9/29","11-12",2,"DGS","Raptor","Falco subbuteo","Eurasian Hobby"
"2550","2024/9/29","12-13",1,"DGS","Raptor","Falco subbuteo","Eurasian Hobby"
"2551","2024/9/29","12-13",1,"DGS","Raptor","Raptors (unidentified)","Unidentified Raptors"
"2552","2024/9/29","13-14",2,"DGS","Raptor","Falco subbuteo","Eurasian Hobby"
"2553","2024/9/29","14-15",1,"DGS","Raptor","Falco subbuteo","Eurasian Hobby"
"2554","2024/9/29","15-16",1,"DGS","Raptor","Falco tinnunculus","Common Kestrel"
"2555","2024/9/29","16-17",1,"DGS","Raptor","Falco subbuteo","Eurasian Hobby"
"2556","2024/9/29","17-17:30",1,"DGS","Raptor","Falco subbuteo","Eurasian Hobby"
"2557","2024/9/29","After 17:30",2,"DGS","Raptor","Falco subbuteo","Eurasian Hobby"
"2558","2024/9/30","Before 7",1,"DGS","Raptor","Lophospiza trivirgata","Crested Goshawk"
"2559","2024/9/30","Before 7",1,"DGS","Raptor","Tachyspiza gularis","Japanese Sparrowhawk"
"2560","2024/9/30","Before 7",1,"DGS","Raptor","Falco tinnunculus","Common Kestrel"
"2561","2024/9/30","Before 7",3,"DGS","Swift","Hirundapus caudacutus","White-throated Needletail"
"2562","2024/9/30","7-8",1,"DGS","Raptor","Tachyspiza soloensis","Chinese Sparrowhawk"
"2563","2024/9/30","8-9",1,"DGS","Raptor","Falco subbuteo","Eurasian Hobby"
"2564","2024/9/30","8-9",2,"DGS","Raptor","Falco sp.","Unidentified Falcons"
"2565","2024/9/30","8-9",3,"DGS","Swift","Hirundapus caudacutus","White-throated Needletail"
"2566","2024/9/30","9-10",2,"DGS","Raptor","Falco subbuteo","Eurasian Hobby"
"2567","2024/9/30","10-11",2,"DGS","Raptor","Falco subbuteo","Eurasian Hobby"
"2568","2024/9/30","11-12",1,"DGS","Raptor","Pernis ptilorhynchus","Crested Honey-buzzard"
"2569","2024/9/30","11-12",1,"DGS","Raptor","Lophospiza trivirgata","Crested Goshawk"
"2570","2024/9/30","11-12",2,"DGS","Raptor","Falco subbuteo","Eurasian Hobby"
"2571","2024/9/30","11-12",1,"DGS","Raptor","Falco peregrinus","Peregrine Falcon"
"2572","2024/9/30","11-12",1,"DGS","Raptor","Raptors (unidentified)","Unidentified Raptors"
"2573","2024/9/30","12-13",1,"DGS","Raptor","Falco subbuteo","Eurasian Hobby"
"2574","2024/9/30","13-14",1,"DGS","Raptor","Falco peregrinus","Peregrine Falcon"
"2575","2024/9/30","14-15",2,"DGS","Raptor","Falco subbuteo","Eurasian Hobby"
"2576","2024/9/30","15-16",2,"DGS","Raptor","Falco tinnunculus","Common Kestrel"
"2577","2024/9/30","15-16",2,"DGS","Raptor","Falco subbuteo","Eurasian Hobby"
"2578","2024/9/30","16-17",1,"DGS","Raptor","Butastur indicus","Grey-faced Buzzard"
"2579","2024/9/30","16-17",2,"DGS","Raptor","Falco tinnunculus","Common Kestrel"
"2580","2024/9/30","16-17",1,"DGS","Raptor","Falco subbuteo","Eurasian Hobby"
"2581","2024/9/30","16-17",1,"DGS","Raptor","Falco peregrinus","Peregrine Falcon"
"2582","2024/10/1","Before 7",1,"DGS","Raptor","Tachyspiza gularis","Japanese Sparrowhawk"
"2583","2024/10/1","Before 7",1,"DGS","Swift","Aerodramus sp.","Swiftlets"
"2584","2024/10/1","7-8",2,"DGS","Raptor","Tachyspiza gularis","Japanese Sparrowhawk"
"2585","2024/10/1","7-8",1,"DGS","Raptor","Falco subbuteo","Eurasian Hobby"
"2586","2024/10/1","7-8",1,"DGS","Swift","Apus pacificus","Pacific Swift"
"2587","2024/10/1","7-8",1,"DGS","Else","Delichon dasypus/lagopodum","Asian/Siberian House Martin"
"2588","2024/10/1","8-9",2,"DGS","Raptor","Tachyspiza gularis","Japanese Sparrowhawk"
"2589","2024/10/1","8-9",1,"DGS","Raptor","Lophospiza trivirgata","Crested Goshawk"
"2590","2024/10/1","8-9",4,"DGS","Raptor","Falco subbuteo","Eurasian Hobby"
"2591","2024/10/1","8-9",3,"DGS","Swift","Hirundapus caudacutus","White-throated Needletail"
"2592","2024/10/1","8-9",1,"DGS","Swift","Apus nipalensis","House Swift"
"2593","2024/10/1","9-10",9,"DGS","Raptor","Tachyspiza gularis","Japanese Sparrowhawk"
"2594","2024/10/1","9-10",2,"DGS","Raptor","Butastur indicus","Grey-faced Buzzard"
"2595","2024/10/1","9-10",1,"DGS","Raptor","Falco subbuteo","Eurasian Hobby"
"2596","2024/10/1","9-10",2,"DGS","Raptor","Eagles (unidentified)","Unidentified Eagles"
"2597","2024/10/1","9-10",4,"DGS","Swift","Hirundapus caudacutus","White-throated Needletail"
"2598","2024/10/1","9-10",1,"DGS","Else","Delichon dasypus/lagopodum","Asian/Siberian House Martin"
"2599","2024/10/1","10-11",1,"DGS","Raptor","Pandion haliaetus","Osprey"
"2600","2024/10/1","10-11",1,"DGS","Raptor","Tachyspiza gularis","Japanese Sparrowhawk"
"2601","2024/10/1","10-11",3,"DGS","Raptor","Falco subbuteo","Eurasian Hobby"
"2602","2024/10/1","11-12",2,"DGS","Raptor","Tachyspiza gularis","Japanese Sparrowhawk"
"2603","2024/10/1","11-12",2,"DGS","Raptor","Butastur indicus","Grey-faced Buzzard"
"2604","2024/10/1","11-12",1,"DGS","Raptor","Falco tinnunculus","Common Kestrel"
"2605","2024/10/1","11-12",4,"DGS","Raptor","Falco subbuteo","Eurasian Hobby"
"2606","2024/10/1","11-12",1,"DGS","Raptor","Falco peregrinus","Peregrine Falcon"
"2607","2024/10/1","12-13",23,"DGS","Raptor","Pernis ptilorhynchus","Crested Honey-buzzard"
"2608","2024/10/1","12-13",2,"DGS","Raptor","Tachyspiza gularis","Japanese Sparrowhawk"
"2609","2024/10/1","12-13",3,"DGS","Raptor","Butastur indicus","Grey-faced Buzzard"
"2610","2024/10/1","12-13",1,"DGS","Raptor","Falco tinnunculus","Common Kestrel"
"2611","2024/10/1","12-13",6,"DGS","Raptor","Falco subbuteo","Eurasian Hobby"
"2612","2024/10/1","12-13",1,"DGS","Raptor","Eagles (unidentified)","Unidentified Eagles"
"2613","2024/10/1","13-14",16,"DGS","Raptor","Pernis ptilorhynchus","Crested Honey-buzzard"
"2614","2024/10/1","13-14",1,"DGS","Raptor","Tachyspiza soloensis","Chinese Sparrowhawk"
"2615","2024/10/1","13-14",1,"DGS","Raptor","Tachyspiza gularis","Japanese Sparrowhawk"
"2616","2024/10/1","13-14",26,"DGS","Raptor","Butastur indicus","Grey-faced Buzzard"
"2617","2024/10/1","13-14",10,"DGS","Raptor","Falco subbuteo","Eurasian Hobby"
"2618","2024/10/1","13-14",1,"DGS","Raptor","Eagles (unidentified)","Unidentified Eagles"
"2619","2024/10/1","13-14",2,"DGS","Raptor","Falco sp.","Unidentified Falcons"
"2620","2024/10/1","13-14",1,"DGS","Swift","Hirundapus caudacutus","White-throated Needletail"
"2621","2024/10/1","13-14",2,"DGS","Swift","Aerodramus sp.","Swiftlets"
"2622","2024/10/1","14-15",8,"DGS","Raptor","Pernis ptilorhynchus","Crested Honey-buzzard"
"2623","2024/10/1","14-15",1,"DGS","Raptor","Tachyspiza gularis","Japanese Sparrowhawk"
"2624","2024/10/1","14-15",1,"DGS","Raptor","Butastur indicus","Grey-faced Buzzard"
"2625","2024/10/1","14-15",13,"DGS","Raptor","Falco subbuteo","Eurasian Hobby"
"2626","2024/10/1","15-16",1,"DGS","Raptor","Pernis ptilorhynchus","Crested Honey-buzzard"
"2627","2024/10/1","15-16",2,"DGS","Raptor","Tachyspiza gularis","Japanese Sparrowhawk"
"2628","2024/10/1","15-16",1,"DGS","Raptor","Milvus migrans","Black Kite"
"2629","2024/10/1","15-16",1,"DGS","Raptor","Falco amurensis","Amur Falcon"
"2630","2024/10/1","15-16",2,"DGS","Raptor","Falco subbuteo","Eurasian Hobby"
"2631","2024/10/1","15-16",1,"DGS","Raptor","Falco peregrinus","Peregrine Falcon"
"2632","2024/10/1","15-16",1,"DGS","Raptor","Eagles (unidentified)","Unidentified Eagles"
"2633","2024/10/1","15-16",2,"DGS","Else","Delichon dasypus/lagopodum","Asian/Siberian House Martin"
"2634","2024/10/1","16-17",1,"DGS","Raptor","Pernis ptilorhynchus","Crested Honey-buzzard"
"2635","2024/10/1","16-17",6,"DGS","Raptor","Tachyspiza gularis","Japanese Sparrowhawk"
"2636","2024/10/1","16-17",1,"DGS","Raptor","Butastur indicus","Grey-faced Buzzard"
"2637","2024/10/1","16-17",2,"DGS","Raptor","Falco tinnunculus","Common Kestrel"
"2638","2024/10/1","16-17",1,"DGS","Raptor","Falco subbuteo","Eurasian Hobby"
"2639","2024/10/1","16-17",6,"DGS","Raptor","Eagles (unidentified)","Unidentified Eagles"
"2640","2024/10/1","16-17",4,"DGS","Raptor","Raptors (unidentified)","Unidentified Raptors"
"2641","2024/10/1","16-17",1,"DGS","Else","Delichon dasypus/lagopodum","Asian/Siberian House Martin"
"2642","2024/10/1","17-17:30",2,"DGS","Else","Delichon dasypus/lagopodum","Asian/Siberian House Martin"
"2643","2024/10/2","Before 7",8,"DGS","Raptor","Pernis ptilorhynchus","Crested Honey-buzzard"
"2644","2024/10/2","Before 7",1,"DGS","Raptor","Falco subbuteo","Eurasian Hobby"
"2645","2024/10/2","Before 7",7,"DGS","Raptor","Raptors (unidentified)","Unidentified Raptors"
"2646","2024/10/2","Before 7",18,"DGS","Else","Delichon dasypus/lagopodum","Asian/Siberian House Martin"
"2647","2024/10/2","7-8",1,"DGS","Raptor","Pernis ptilorhynchus","Crested Honey-buzzard"
"2648","2024/10/2","7-8",9,"DGS","Raptor","Tachyspiza soloensis","Chinese Sparrowhawk"
"2649","2024/10/2","7-8",2,"DGS","Raptor","Tachyspiza gularis","Japanese Sparrowhawk"
"2650","2024/10/2","7-8",1,"DGS","Raptor","Milvus migrans","Black Kite"
"2651","2024/10/2","7-8",2,"DGS","Raptor","Butastur indicus","Grey-faced Buzzard"
"2652","2024/10/2","7-8",1,"DGS","Raptor","Falco tinnunculus","Common Kestrel"
"2653","2024/10/2","7-8",9,"DGS","Else","Delichon dasypus/lagopodum","Asian/Siberian House Martin"
"2654","2024/10/2","8-9",13,"DGS","Raptor","Pernis ptilorhynchus","Crested Honey-buzzard"
"2655","2024/10/2","8-9",2,"DGS","Raptor","Lophospiza trivirgata","Crested Goshawk"
"2656","2024/10/2","8-9",7,"DGS","Raptor","Tachyspiza soloensis","Chinese Sparrowhawk"
"2657","2024/10/2","8-9",6,"DGS","Raptor","Tachyspiza gularis","Japanese Sparrowhawk"
"2658","2024/10/2","8-9",5,"DGS","Raptor","Butastur indicus","Grey-faced Buzzard"
"2659","2024/10/2","8-9",2,"DGS","Raptor","Falco tinnunculus","Common Kestrel"
"2660","2024/10/2","8-9",7,"DGS","Raptor","Raptors (unidentified)","Unidentified Raptors"
"2661","2024/10/2","9-10",1,"DGS","Raptor","Pandion haliaetus","Osprey"
"2662","2024/10/2","9-10",1,"DGS","Raptor","Pernis ptilorhynchus","Crested Honey-buzzard"
"2663","2024/10/2","9-10",1,"DGS","Raptor","Tachyspiza soloensis","Chinese Sparrowhawk"
"2664","2024/10/2","9-10",7,"DGS","Raptor","Tachyspiza gularis","Japanese Sparrowhawk"
"2665","2024/10/2","9-10",1,"DGS","Raptor","Falco tinnunculus","Common Kestrel"
"2666","2024/10/2","9-10",1,"DGS","Raptor","Falco amurensis","Amur Falcon"
"2667","2024/10/2","9-10",1,"DGS","Raptor","Falco subbuteo","Eurasian Hobby"
"2668","2024/10/2","9-10",1,"DGS","Swift","Aerodramus sp.","Swiftlets"
"2669","2024/10/2","10-11",2,"DGS","Raptor","Lophospiza trivirgata","Crested Goshawk"
"2670","2024/10/2","10-11",1,"DGS","Raptor","Tachyspiza soloensis","Chinese Sparrowhawk"
"2671","2024/10/2","10-11",1,"DGS","Raptor","Tachyspiza gularis","Japanese Sparrowhawk"
"2672","2024/10/2","10-11",1,"DGS","Raptor","Falco tinnunculus","Common Kestrel"
"2673","2024/10/2","10-11",1,"DGS","Raptor","Falco amurensis","Amur Falcon"
"2674","2024/10/2","10-11",1,"DGS","Raptor","Falco peregrinus","Peregrine Falcon"
"2675","2024/10/2","10-11",3,"DGS","Swift","Aerodramus sp.","Swiftlets"
"2676","2024/10/2","10-11",5,"DGS","Else","Delichon dasypus/lagopodum","Asian/Siberian House Martin"
"2677","2024/10/2","11-12",1,"DGS","Raptor","Lophospiza trivirgata","Crested Goshawk"
"2678","2024/10/2","11-12",3,"DGS","Raptor","Tachyspiza gularis","Japanese Sparrowhawk"
"2679","2024/10/2","11-12",1,"DGS","Swift","Apus pacificus","Pacific Swift"
"2680","2024/10/2","12-13",1,"DGS","Raptor","Lophospiza trivirgata","Crested Goshawk"
"2681","2024/10/2","12-13",1,"DGS","Raptor","Falco tinnunculus","Common Kestrel"
"2682","2024/10/2","13-14",1,"DGS","Raptor","Tachyspiza gularis","Japanese Sparrowhawk"
"2683","2024/10/2","13-14",2,"DGS","Raptor","Falco tinnunculus","Common Kestrel"
"2684","2024/10/2","13-14",1,"DGS","Raptor","Falco subbuteo","Eurasian Hobby"
"2685","2024/10/2","13-14",1,"DGS","Swift","Hirundapus caudacutus","White-throated Needletail"
"2686","2024/10/2","14-15",1,"DGS","Raptor","Falco tinnunculus","Common Kestrel"
"2687","2024/10/2","16-17",3,"DGS","Raptor","Butastur indicus","Grey-faced Buzzard"
"2688","2024/10/2","16-17",2,"DGS","Raptor","Falco amurensis","Amur Falcon"
"2689","2024/10/2","16-17",1,"DGS","Raptor","Falco subbuteo","Eurasian Hobby"
"2690","2024/10/2","17-17:30",2,"DGS","Raptor","Pernis ptilorhynchus","Crested Honey-buzzard"
"2691","2024/10/3","Before 7",6,"DGS","Raptor","Pernis ptilorhynchus","Crested Honey-buzzard"
"2692","2024/10/3","Before 7",1,"DGS","Raptor","Tachyspiza soloensis","Chinese Sparrowhawk"
"2693","2024/10/3","Before 7",5,"DGS","Raptor","Tachyspiza gularis","Japanese Sparrowhawk"
"2694","2024/10/3","Before 7",2,"DGS","Raptor","Butastur indicus","Grey-faced Buzzard"
"2695","2024/10/3","Before 7",1,"DGS","Raptor","Falco tinnunculus","Common Kestrel"
"2696","2024/10/3","Before 7",2,"DGS","Raptor","Falco subbuteo","Eurasian Hobby"
"2697","2024/10/3","Before 7",4,"DGS","Raptor","Raptors (unidentified)","Unidentified Raptors"
"2698","2024/10/3","Before 7",1,"DGS","Swift","Apus pacificus","Pacific Swift"
"2699","2024/10/3","Before 7",5,"DGS","Else","Delichon dasypus/lagopodum","Asian/Siberian House Martin"
"2700","2024/10/3","7-8",15,"DGS","Raptor","Pernis ptilorhynchus","Crested Honey-buzzard"
"2701","2024/10/3","7-8",3,"DGS","Raptor","Tachyspiza gularis","Japanese Sparrowhawk"
"2702","2024/10/3","7-8",11,"DGS","Raptor","Butastur indicus","Grey-faced Buzzard"
"2703","2024/10/3","7-8",1,"DGS","Raptor","Falco subbuteo","Eurasian Hobby"
"2704","2024/10/3","7-8",1,"DGS","Raptor","Raptors (unidentified)","Unidentified Raptors"
"2705","2024/10/3","7-8",5,"DGS","Else","Delichon dasypus/lagopodum","Asian/Siberian House Martin"
"2706","2024/10/3","8-9",5,"DGS","Raptor","Pernis ptilorhynchus","Crested Honey-buzzard"
"2707","2024/10/3","8-9",2,"DGS","Raptor","Lophospiza trivirgata","Crested Goshawk"
"2708","2024/10/3","8-9",5,"DGS","Raptor","Tachyspiza gularis","Japanese Sparrowhawk"
"2709","2024/10/3","8-9",186,"DGS","Raptor","Butastur indicus","Grey-faced Buzzard"
"2710","2024/10/3","8-9",1,"DGS","Raptor","Falco tinnunculus","Common Kestrel"
"2711","2024/10/3","8-9",1,"DGS","Raptor","Falco subbuteo","Eurasian Hobby"
"2712","2024/10/3","8-9",5,"DGS","Raptor","Raptors (unidentified)","Unidentified Raptors"
"2713","2024/10/3","9-10",11,"DGS","Raptor","Pernis ptilorhynchus","Crested Honey-buzzard"
"2714","2024/10/3","9-10",4,"DGS","Raptor","Lophospiza trivirgata","Crested Goshawk"
"2715","2024/10/3","9-10",3,"DGS","Raptor","Tachyspiza gularis","Japanese Sparrowhawk"
"2716","2024/10/3","9-10",1,"DGS","Raptor","Astur gentilis","Eurasian Goshawk"
"2717","2024/10/3","9-10",5,"DGS","Raptor","Butastur indicus","Grey-faced Buzzard"
"2718","2024/10/3","9-10",1,"DGS","Raptor","Falco tinnunculus","Common Kestrel"
"2719","2024/10/3","9-10",2,"DGS","Raptor","Falco subbuteo","Eurasian Hobby"
"2720","2024/10/3","9-10",2,"DGS","Raptor","Raptors (unidentified)","Unidentified Raptors"
"2721","2024/10/3","9-10",2,"DGS","Else","Delichon dasypus/lagopodum","Asian/Siberian House Martin"
"2722","2024/10/3","10-11",1,"DGS","Raptor","Tachyspiza gularis","Japanese Sparrowhawk"
"2723","2024/10/3","10-11",1,"DGS","Swift","Hirundapus caudacutus","White-throated Needletail"
"2724","2024/10/3","10-11",1,"DGS","Else","Delichon dasypus/lagopodum","Asian/Siberian House Martin"
"2725","2024/10/3","11-12",2,"DGS","Raptor","Accipiter nisus","Eurasian Sparrowhawk"
"2726","2024/10/3","11-12",5,"DGS","Raptor","Raptors (unidentified)","Unidentified Raptors"
"2727","2024/10/3","11-12",2,"DGS","Swift","Apus pacificus","Pacific Swift"
"2728","2024/10/3","12-13",1,"DGS","Raptor","Raptors (unidentified)","Unidentified Raptors"
"2729","2024/10/3","13-14",1,"DGS","Raptor","Falco subbuteo","Eurasian Hobby"
"2730","2024/10/3","14-15",1,"DGS","Raptor","Eagles (unidentified)","Unidentified Eagles"
"2731","2024/10/3","15-16",1,"DGS","Raptor","Pernis ptilorhynchus","Crested Honey-buzzard"
"2732","2024/10/3","15-16",1,"DGS","Raptor","Buteo japonicus","Eastern Buzzard"
"2733","2024/10/3","15-16",3,"DGS","Raptor","Falco tinnunculus","Common Kestrel"
"2734","2024/10/3","15-16",2,"DGS","Raptor","Falco subbuteo","Eurasian Hobby"
"2735","2024/10/3","15-16",2,"DGS","Raptor","Falco sp.","Unidentified Falcons"
"2736","2024/10/3","15-16",1,"DGS","Raptor","Raptors (unidentified)","Unidentified Raptors"
"2737","2024/10/3","16-17",1,"DGS","Raptor","Eagles (unidentified)","Unidentified Eagles"
"2738","2024/10/3","17-17:30",4,"DGS","Raptor","Butastur indicus","Grey-faced Buzzard"
"2739","2024/10/3","After 17:30",18,"DGS","Raptor","Butastur indicus","Grey-faced Buzzard"
"2740","2024/10/4","Before 7",2,"DGS","Raptor","Pernis ptilorhynchus","Crested Honey-buzzard"
"2741","2024/10/4","Before 7",69,"DGS","Raptor","Butastur indicus","Grey-faced Buzzard"
"2742","2024/10/4","Before 7",1,"DGS","Swift","Hirundapus caudacutus","White-throated Needletail"
"2743","2024/10/4","Before 7",2,"DGS","Swift","Apus pacificus","Pacific Swift"
"2744","2024/10/4","7-8",1,"DGS","Raptor","Tachyspiza gularis","Japanese Sparrowhawk"
"2745","2024/10/4","7-8",9,"DGS","Raptor","Butastur indicus","Grey-faced Buzzard"
"2746","2024/10/4","7-8",1,"DGS","Raptor","Falco tinnunculus","Common Kestrel"
"2747","2024/10/4","7-8",1,"DGS","Raptor","Eagles (unidentified)","Unidentified Eagles"
"2748","2024/10/4","7-8",1,"DGS","Raptor","Raptors (unidentified)","Unidentified Raptors"
"2749","2024/10/4","8-9",5,"DGS","Raptor","Pernis ptilorhynchus","Crested Honey-buzzard"
"2750","2024/10/4","8-9",1,"DGS","Raptor","Lophospiza trivirgata","Crested Goshawk"
"2751","2024/10/4","8-9",9,"DGS","Raptor","Tachyspiza gularis","Japanese Sparrowhawk"
"2752","2024/10/4","8-9",35,"DGS","Raptor","Butastur indicus","Grey-faced Buzzard"
"2753","2024/10/4","8-9",2,"DGS","Raptor","Falco subbuteo","Eurasian Hobby"
"2754","2024/10/4","8-9",1,"DGS","Raptor","Eagles (unidentified)","Unidentified Eagles"
"2755","2024/10/4","8-9",1,"DGS","Raptor","Raptors (unidentified)","Unidentified Raptors"
"2756","2024/10/4","9-10",4,"DGS","Raptor","Pernis ptilorhynchus","Crested Honey-buzzard"
"2757","2024/10/4","9-10",4,"DGS","Raptor","Tachyspiza gularis","Japanese Sparrowhawk"
"2758","2024/10/4","9-10",52,"DGS","Raptor","Butastur indicus","Grey-faced Buzzard"
"2759","2024/10/4","9-10",1,"DGS","Raptor","Buteo japonicus","Eastern Buzzard"
"2760","2024/10/4","10-11",11,"DGS","Raptor","Pernis ptilorhynchus","Crested Honey-buzzard"
"2761","2024/10/4","10-11",1,"DGS","Raptor","Lophospiza trivirgata","Crested Goshawk"
"2762","2024/10/4","10-11",2,"DGS","Raptor","Tachyspiza gularis","Japanese Sparrowhawk"
"2763","2024/10/4","10-11",3,"DGS","Raptor","Falco subbuteo","Eurasian Hobby"
"2764","2024/10/4","10-11",2,"DGS","Raptor","Raptors (unidentified)","Unidentified Raptors"
"2765","2024/10/4","11-12",1,"DGS","Raptor","Pernis ptilorhynchus","Crested Honey-buzzard"
"2766","2024/10/4","11-12",1,"DGS","Raptor","Tachyspiza gularis","Japanese Sparrowhawk"
"2767","2024/10/4","11-12",1,"DGS","Raptor","Eagles (unidentified)","Unidentified Eagles"
"2768","2024/10/4","12-13",1,"DGS","Raptor","Falco tinnunculus","Common Kestrel"
"2769","2024/10/4","12-13",4,"DGS","Raptor","Falco subbuteo","Eurasian Hobby"
"2770","2024/10/4","12-13",1,"DGS","Swift","Aerodramus sp.","Swiftlets"
"2771","2024/10/4","13-14",1,"DGS","Raptor","Tachyspiza gularis","Japanese Sparrowhawk"
"2772","2024/10/4","13-14",1,"DGS","Raptor","Falco amurensis","Amur Falcon"
"2773","2024/10/4","13-14",1,"DGS","Raptor","Falco subbuteo","Eurasian Hobby"
"2774","2024/10/4","13-14",1,"DGS","Raptor","Falco peregrinus","Peregrine Falcon"
"2775","2024/10/4","13-14",2,"DGS","Raptor","Raptors (unidentified)","Unidentified Raptors"
"2776","2024/10/4","14-15",1,"DGS","Raptor","Falco subbuteo","Eurasian Hobby"
"2777","2024/10/4","14-15",1,"DGS","Else","Delichon dasypus/lagopodum","Asian/Siberian House Martin"
"2778","2024/10/4","15-16",1,"DGS","Raptor","Raptors (unidentified)","Unidentified Raptors"
"2779","2024/10/4","16-17",1,"DGS","Raptor","Tachyspiza gularis","Japanese Sparrowhawk"
"2780","2024/10/4","16-17",1,"DGS","Raptor","Butastur indicus","Grey-faced Buzzard"
"2781","2024/10/4","16-17",3,"DGS","Raptor","Falco tinnunculus","Common Kestrel"
"2782","2024/10/4","16-17",2,"DGS","Raptor","Falco subbuteo","Eurasian Hobby"
"2783","2024/10/4","16-17",2,"DGS","Raptor","Raptors (unidentified)","Unidentified Raptors"
"2784","2024/10/4","16-17",1,"DGS","Else","Delichon dasypus/lagopodum","Asian/Siberian House Martin"
"2785","2024/10/4","17-17:30",45,"DGS","Raptor","Butastur indicus","Grey-faced Buzzard"
"2786","2024/10/5","Before 7",1,"DGS","Raptor","Pernis ptilorhynchus","Crested Honey-buzzard"
"2787","2024/10/5","Before 7",1,"DGS","Raptor","Tachyspiza gularis","Japanese Sparrowhawk"
"2788","2024/10/5","Before 7",115,"DGS","Raptor","Butastur indicus","Grey-faced Buzzard"
"2789","2024/10/5","Before 7",1,"DGS","Raptor","Raptors (unidentified)","Unidentified Raptors"
"2790","2024/10/5","7-8",1,"DGS","Raptor","Accipiter nisus","Eurasian Sparrowhawk"
"2791","2024/10/5","7-8",62,"DGS","Raptor","Butastur indicus","Grey-faced Buzzard"
"2792","2024/10/5","7-8",100,"DGS","Else","Turdus obscurus","Eyebrowed Thrush"
"2793","2024/10/5","8-9",15,"DGS","Raptor","Pernis ptilorhynchus","Crested Honey-buzzard"
"2794","2024/10/5","8-9",2266,"DGS","Raptor","Butastur indicus","Grey-faced Buzzard"
"2795","2024/10/5","8-9",1,"DGS","Raptor","Falco subbuteo","Eurasian Hobby"
"2796","2024/10/5","9-10",1,"DGS","Raptor","Pandion haliaetus","Osprey"
"2797","2024/10/5","9-10",36,"DGS","Raptor","Pernis ptilorhynchus","Crested Honey-buzzard"
"2798","2024/10/5","9-10",1,"DGS","Raptor","Circus spilonotus","Eastern Marsh Harrier"
"2799","2024/10/5","9-10",372,"DGS","Raptor","Butastur indicus","Grey-faced Buzzard"
"2800","2024/10/5","9-10",6,"DGS","Raptor","Falco subbuteo","Eurasian Hobby"
"2801","2024/10/5","9-10",1,"DGS","Raptor","Raptors (unidentified)","Unidentified Raptors"
"2802","2024/10/5","10-11",1,"DGS","Raptor","Pernis ptilorhynchus","Crested Honey-buzzard"
"2803","2024/10/5","10-11",1,"DGS","Raptor","Butastur indicus","Grey-faced Buzzard"
"2804","2024/10/5","10-11",2,"DGS","Raptor","Falco subbuteo","Eurasian Hobby"
"2805","2024/10/5","10-11",1,"DGS","Raptor","Falco peregrinus","Peregrine Falcon"
"2806","2024/10/5","11-12",1,"DGS","Raptor","Pandion haliaetus","Osprey"
"2807","2024/10/5","11-12",6,"DGS","Raptor","Butastur indicus","Grey-faced Buzzard"
"2808","2024/10/5","11-12",3,"DGS","Raptor","Falco subbuteo","Eurasian Hobby"
"2809","2024/10/5","11-12",1,"DGS","Raptor","Falco peregrinus","Peregrine Falcon"
"2810","2024/10/5","12-13",1,"DGS","Raptor","Tachyspiza gularis","Japanese Sparrowhawk"
"2811","2024/10/5","13-14",2,"DGS","Raptor","Accipiter nisus","Eurasian Sparrowhawk"
"2812","2024/10/5","13-14",45,"DGS","Raptor","Butastur indicus","Grey-faced Buzzard"
"2813","2024/10/5","13-14",1,"DGS","Raptor","Buteo japonicus","Eastern Buzzard"
"2814","2024/10/5","13-14",3,"DGS","Raptor","Falco subbuteo","Eurasian Hobby"
"2815","2024/10/5","13-14",1,"DGS","Raptor","Falco peregrinus","Peregrine Falcon"
"2816","2024/10/5","14-15",1,"DGS","Raptor","Falco subbuteo","Eurasian Hobby"
"2817","2024/10/5","14-15",1,"DGS","Raptor","Falco peregrinus","Peregrine Falcon"
"2818","2024/10/5","15-16",1,"DGS","Raptor","Falco subbuteo","Eurasian Hobby"
"2819","2024/10/5","15-16",2,"DGS","Swift","Hirundapus caudacutus","White-throated Needletail"
"2820","2024/10/5","16-17",2,"DGS","Else","Delichon dasypus/lagopodum","Asian/Siberian House Martin"
"2821","2024/10/6","Before 7",1,"DGS","Raptor","Falco subbuteo","Eurasian Hobby"
"2822","2024/10/6","7-8",5,"DGS","Raptor","Butastur indicus","Grey-faced Buzzard"
"2823","2024/10/6","8-9",2,"DGS","Raptor","Pernis ptilorhynchus","Crested Honey-buzzard"
"2824","2024/10/6","8-9",1,"DGS","Raptor","Tachyspiza gularis","Japanese Sparrowhawk"
"2825","2024/10/6","8-9",1,"DGS","Raptor","Butastur indicus","Grey-faced Buzzard"
"2826","2024/10/6","8-9",2,"DGS","Raptor","Falco subbuteo","Eurasian Hobby"
"2827","2024/10/6","8-9",1,"DGS","Raptor","Eagles (unidentified)","Unidentified Eagles"
"2828","2024/10/6","9-10",1,"DGS","Raptor","Pernis ptilorhynchus","Crested Honey-buzzard"
"2829","2024/10/6","9-10",1,"DGS","Raptor","Tachyspiza gularis","Japanese Sparrowhawk"
"2830","2024/10/6","9-10",4,"DGS","Raptor","Butastur indicus","Grey-faced Buzzard"
"2831","2024/10/6","9-10",1,"DGS","Raptor","Falco peregrinus","Peregrine Falcon"
"2832","2024/10/6","9-10",3,"DGS","Swift","Hirundapus caudacutus","White-throated Needletail"
"2833","2024/10/6","9-10",2,"DGS","Else","Delichon dasypus/lagopodum","Asian/Siberian House Martin"
"2834","2024/10/6","10-11",5,"DGS","Raptor","Pernis ptilorhynchus","Crested Honey-buzzard"
"2835","2024/10/6","10-11",3,"DGS","Raptor","Tachyspiza gularis","Japanese Sparrowhawk"
"2836","2024/10/6","10-11",1,"DGS","Raptor","Accipiter nisus","Eurasian Sparrowhawk"
"2837","2024/10/6","10-11",7,"DGS","Raptor","Butastur indicus","Grey-faced Buzzard"
"2838","2024/10/6","10-11",1,"DGS","Raptor","Raptors (unidentified)","Unidentified Raptors"
"2839","2024/10/6","11-12",6,"DGS","Raptor","Pernis ptilorhynchus","Crested Honey-buzzard"
"2840","2024/10/6","11-12",1,"DGS","Raptor","Accipiter nisus","Eurasian Sparrowhawk"
"2841","2024/10/6","11-12",6,"DGS","Raptor","Butastur indicus","Grey-faced Buzzard"
"2842","2024/10/6","11-12",2,"DGS","Raptor","Falco subbuteo","Eurasian Hobby"
"2843","2024/10/6","11-12",2,"DGS","Swift","Apus pacificus","Pacific Swift"
"2844","2024/10/6","11-12",2,"DGS","Swift","Aerodramus sp.","Swiftlets"
"2845","2024/10/6","12-13",1,"DGS","Raptor","Pernis ptilorhynchus","Crested Honey-buzzard"
"2846","2024/10/6","12-13",1,"DGS","Raptor","Tachyspiza gularis","Japanese Sparrowhawk"
"2847","2024/10/6","12-13",7,"DGS","Raptor","Butastur indicus","Grey-faced Buzzard"
"2848","2024/10/6","12-13",1,"DGS","Raptor","Falco subbuteo","Eurasian Hobby"
"2849","2024/10/6","12-13",1,"DGS","Swift","Aerodramus sp.","Swiftlets"
"2850","2024/10/6","13-14",1,"DGS","Raptor","Pernis ptilorhynchus","Crested Honey-buzzard"
"2851","2024/10/6","13-14",1,"DGS","Raptor","Tachyspiza gularis","Japanese Sparrowhawk"
"2852","2024/10/6","13-14",12,"DGS","Raptor","Butastur indicus","Grey-faced Buzzard"
"2853","2024/10/6","13-14",1,"DGS","Raptor","Falco subbuteo","Eurasian Hobby"
"2854","2024/10/6","14-15",1,"DGS","Raptor","Accipiter nisus","Eurasian Sparrowhawk"
"2855","2024/10/6","14-15",1,"DGS","Raptor","Falco subbuteo","Eurasian Hobby"
"2856","2024/10/6","14-15",1,"DGS","Swift","Aerodramus sp.","Swiftlets"
"2857","2024/10/6","15-16",1,"DGS","Raptor","Falco subbuteo","Eurasian Hobby"
"2858","2024/10/6","16-17",1,"DGS","Raptor","Falco tinnunculus","Common Kestrel"
"2859","2024/10/6","16-17",1,"DGS","Swift","Aerodramus sp.","Swiftlets"
"2860","2024/10/7","Before 7",1,"DGS","Raptor","Falco tinnunculus","Common Kestrel"
"2861","2024/10/7","Before 7",1,"DGS","Raptor","Otus sunia","Oriental Scops Owl"
"2862","2024/10/7","7-8",1,"DGS","Raptor","Pernis ptilorhynchus","Crested Honey-buzzard"
"2863","2024/10/7","7-8",10,"DGS","Raptor","Butastur indicus","Grey-faced Buzzard"
"2864","2024/10/7","7-8",1,"DGS","Else","Delichon dasypus/lagopodum","Asian/Siberian House Martin"
"2865","2024/10/7","8-9",10,"DGS","Raptor","Pernis ptilorhynchus","Crested Honey-buzzard"
"2866","2024/10/7","8-9",8,"DGS","Raptor","Butastur indicus","Grey-faced Buzzard"
"2867","2024/10/7","8-9",2,"DGS","Raptor","Falco subbuteo","Eurasian Hobby"
"2868","2024/10/7","8-9",1,"DGS","Raptor","Raptors (unidentified)","Unidentified Raptors"
"2869","2024/10/7","8-9",1,"DGS","Swift","Hirundapus caudacutus","White-throated Needletail"
"2870","2024/10/7","8-9",2,"DGS","Else","Zosterops erythropleurus","Chestnut-flanked White-eye"
"2871","2024/10/7","9-10",5,"DGS","Raptor","Pernis ptilorhynchus","Crested Honey-buzzard"
"2872","2024/10/7","9-10",1,"DGS","Raptor","Accipiter nisus","Eurasian Sparrowhawk"
"2873","2024/10/7","9-10",32,"DGS","Raptor","Butastur indicus","Grey-faced Buzzard"
"2874","2024/10/7","9-10",1,"DGS","Raptor","Falco tinnunculus","Common Kestrel"
"2875","2024/10/7","9-10",1,"DGS","Raptor","Raptors (unidentified)","Unidentified Raptors"
"2876","2024/10/7","10-11",4,"DGS","Raptor","Pernis ptilorhynchus","Crested Honey-buzzard"
"2877","2024/10/7","10-11",1,"DGS","Raptor","Tachyspiza gularis","Japanese Sparrowhawk"
"2878","2024/10/7","10-11",11,"DGS","Raptor","Butastur indicus","Grey-faced Buzzard"
"2879","2024/10/7","10-11",1,"DGS","Raptor","Raptors (unidentified)","Unidentified Raptors"
"2880","2024/10/7","11-12",13,"DGS","Raptor","Pernis ptilorhynchus","Crested Honey-buzzard"
"2881","2024/10/7","11-12",13,"DGS","Raptor","Butastur indicus","Grey-faced Buzzard"
"2882","2024/10/7","12-13",24,"DGS","Raptor","Pernis ptilorhynchus","Crested Honey-buzzard"
"2883","2024/10/7","12-13",35,"DGS","Raptor","Butastur indicus","Grey-faced Buzzard"
"2884","2024/10/7","12-13",2,"DGS","Swift","Hirundapus caudacutus","White-throated Needletail"
"2885","2024/10/7","12-13",2,"DGS","Swift","Apus pacificus","Pacific Swift"
"2886","2024/10/7","13-14",10,"DGS","Raptor","Pernis ptilorhynchus","Crested Honey-buzzard"
"2887","2024/10/7","13-14",1,"DGS","Raptor","Tachyspiza gularis","Japanese Sparrowhawk"
"2888","2024/10/7","13-14",2,"DGS","Raptor","Butastur indicus","Grey-faced Buzzard"
"2889","2024/10/7","13-14",1,"DGS","Raptor","Falco subbuteo","Eurasian Hobby"
"2890","2024/10/7","13-14",3,"DGS","Swift","Hirundapus caudacutus","White-throated Needletail"
"2891","2024/10/7","14-15",1,"DGS","Swift","Apus pacificus","Pacific Swift"
"2892","2024/10/7","15-16",1,"DGS","Raptor","Pandion haliaetus","Osprey"
"2893","2024/10/7","15-16",2,"DGS","Raptor","Butastur indicus","Grey-faced Buzzard"
"2894","2024/10/7","15-16",1,"DGS","Raptor","Falco tinnunculus","Common Kestrel"
"2895","2024/10/7","15-16",2,"DGS","Raptor","Falco subbuteo","Eurasian Hobby"
"2896","2024/10/7","16-17",2,"DGS","Raptor","Pernis ptilorhynchus","Crested Honey-buzzard"
"2897","2024/10/7","16-17",1,"DGS","Raptor","Tachyspiza gularis","Japanese Sparrowhawk"
"2898","2024/10/7","16-17",1,"DGS","Raptor","Falco tinnunculus","Common Kestrel"
"2899","2024/10/7","16-17",1,"DGS","Raptor","Falco peregrinus","Peregrine Falcon"
"2900","2024/10/7","16-17",1,"DGS","Swift","Hirundapus caudacutus","White-throated Needletail"
"2901","2024/10/7","16-17",3,"DGS","Swift","Apus pacificus","Pacific Swift"
"2902","2024/10/7","17-17:30",1,"DGS","Raptor","Raptors (unidentified)","Unidentified Raptors"
"2903","2024/10/8","Before 7",33,"DGS","Raptor","Butastur indicus","Grey-faced Buzzard"
"2904","2024/10/8","Before 7",1,"DGS","Raptor","Falco subbuteo","Eurasian Hobby"
"2905","2024/10/8","Before 7",3,"DGS","Else","Delichon dasypus/lagopodum","Asian/Siberian House Martin"
"2906","2024/10/8","7-8",14,"DGS","Raptor","Pernis ptilorhynchus","Crested Honey-buzzard"
"2907","2024/10/8","7-8",1,"DGS","Raptor","Tachyspiza gularis","Japanese Sparrowhawk"
"2908","2024/10/8","7-8",132,"DGS","Raptor","Butastur indicus","Grey-faced Buzzard"
"2909","2024/10/8","7-8",1,"DGS","Raptor","Falco tinnunculus","Common Kestrel"
"2910","2024/10/8","7-8",1,"DGS","Else","Delichon dasypus/lagopodum","Asian/Siberian House Martin"
"2911","2024/10/8","8-9",21,"DGS","Raptor","Pernis ptilorhynchus","Crested Honey-buzzard"
"2912","2024/10/8","8-9",507,"DGS","Raptor","Butastur indicus","Grey-faced Buzzard"
"2913","2024/10/8","8-9",2,"DGS","Else","Delichon dasypus/lagopodum","Asian/Siberian House Martin"
"2914","2024/10/8","9-10",24,"DGS","Raptor","Pernis ptilorhynchus","Crested Honey-buzzard"
"2915","2024/10/8","9-10",1,"DGS","Raptor","Lophospiza trivirgata","Crested Goshawk"
"2916","2024/10/8","9-10",6,"DGS","Raptor","Tachyspiza gularis","Japanese Sparrowhawk"
"2917","2024/10/8","9-10",752,"DGS","Raptor","Butastur indicus","Grey-faced Buzzard"
"2918","2024/10/8","9-10",2,"DGS","Raptor","Falco subbuteo","Eurasian Hobby"
"2919","2024/10/8","10-11",23,"DGS","Raptor","Pernis ptilorhynchus","Crested Honey-buzzard"
"2920","2024/10/8","10-11",1,"DGS","Raptor","Tachyspiza gularis","Japanese Sparrowhawk"
"2921","2024/10/8","10-11",202,"DGS","Raptor","Butastur indicus","Grey-faced Buzzard"
"2922","2024/10/8","10-11",1,"DGS","Raptor","Falco tinnunculus","Common Kestrel"
"2923","2024/10/8","10-11",5,"DGS","Raptor","Falco amurensis","Amur Falcon"
"2924","2024/10/8","10-11",1,"DGS","Raptor","Falco peregrinus","Peregrine Falcon"
"2925","2024/10/8","10-11",2,"DGS","Swift","Aerodramus sp.","Swiftlets"
"2926","2024/10/8","10-11",1,"DGS","Else","Delichon dasypus/lagopodum","Asian/Siberian House Martin"
"2927","2024/10/8","11-12",36,"DGS","Raptor","Pernis ptilorhynchus","Crested Honey-buzzard"
"2928","2024/10/8","11-12",3,"DGS","Raptor","Tachyspiza gularis","Japanese Sparrowhawk"
"2929","2024/10/8","11-12",1,"DGS","Raptor","Accipiter nisus","Eurasian Sparrowhawk"
"2930","2024/10/8","11-12",156,"DGS","Raptor","Butastur indicus","Grey-faced Buzzard"
"2931","2024/10/8","11-12",3,"DGS","Raptor","Falco amurensis","Amur Falcon"
"2932","2024/10/8","11-12",5,"DGS","Raptor","Falco subbuteo","Eurasian Hobby"
"2933","2024/10/8","11-12",1,"DGS","Raptor","Falco peregrinus","Peregrine Falcon"
"2934","2024/10/8","11-12",2,"DGS","Raptor","Eagles (unidentified)","Unidentified Eagles"
"2935","2024/10/8","11-12",1,"DGS","Swift","Apus pacificus","Pacific Swift"
"2936","2024/10/8","12-13",14,"DGS","Raptor","Pernis ptilorhynchus","Crested Honey-buzzard"
"2937","2024/10/8","12-13",2,"DGS","Raptor","Tachyspiza gularis","Japanese Sparrowhawk"
"2938","2024/10/8","12-13",1,"DGS","Raptor","Accipiter nisus","Eurasian Sparrowhawk"
"2939","2024/10/8","12-13",10,"DGS","Raptor","Butastur indicus","Grey-faced Buzzard"
"2940","2024/10/8","12-13",2,"DGS","Raptor","Falco amurensis","Amur Falcon"
"2941","2024/10/8","12-13",2,"DGS","Raptor","Falco subbuteo","Eurasian Hobby"
"2942","2024/10/8","12-13",2,"DGS","Raptor","Falco sp.","Unidentified Falcons"
"2943","2024/10/8","12-13",3,"DGS","Raptor","Raptors (unidentified)","Unidentified Raptors"
"2944","2024/10/8","12-13",1,"DGS","Swift","Apus pacificus","Pacific Swift"
"2945","2024/10/8","13-14",1,"DGS","Raptor","Tachyspiza gularis","Japanese Sparrowhawk"
"2946","2024/10/8","13-14",5,"DGS","Raptor","Butastur indicus","Grey-faced Buzzard"
"2947","2024/10/8","13-14",2,"DGS","Raptor","Falco amurensis","Amur Falcon"
"2948","2024/10/8","13-14",1,"DGS","Raptor","Falco sp.","Unidentified Falcons"
"2949","2024/10/8","14-15",9,"DGS","Raptor","Falco amurensis","Amur Falcon"
"2950","2024/10/8","14-15",1,"DGS","Raptor","Raptors (unidentified)","Unidentified Raptors"
"2951","2024/10/8","15-16",1,"DGS","Raptor","Buteo japonicus","Eastern Buzzard"
"2952","2024/10/8","15-16",1,"DGS","Raptor","Falco tinnunculus","Common Kestrel"
"2953","2024/10/8","15-16",18,"DGS","Raptor","Falco amurensis","Amur Falcon"
"2954","2024/10/8","15-16",3,"DGS","Raptor","Falco subbuteo","Eurasian Hobby"
"2955","2024/10/8","15-16",2,"DGS","Swift","Apus pacificus","Pacific Swift"
"2956","2024/10/8","16-17",1,"DGS","Raptor","Falco tinnunculus","Common Kestrel"
"2957","2024/10/8","16-17",10,"DGS","Raptor","Falco amurensis","Amur Falcon"
"2958","2024/10/8","16-17",5,"DGS","Raptor","Falco subbuteo","Eurasian Hobby"
"2959","2024/10/8","16-17",1,"DGS","Else","Delichon dasypus/lagopodum","Asian/Siberian House Martin"
"2960","2024/10/9","Before 7",1,"DGS","Raptor","Tachyspiza soloensis","Chinese Sparrowhawk"
"2961","2024/10/9","Before 7",3,"DGS","Raptor","Tachyspiza gularis","Japanese Sparrowhawk"
"2962","2024/10/9","Before 7",7,"DGS","Raptor","Butastur indicus","Grey-faced Buzzard"
"2963","2024/10/9","Before 7",2,"DGS","Raptor","Falco amurensis","Amur Falcon"
"2964","2024/10/9","7-8",2,"DGS","Raptor","Pernis ptilorhynchus","Crested Honey-buzzard"
"2965","2024/10/9","7-8",3,"DGS","Raptor","Tachyspiza gularis","Japanese Sparrowhawk"
"2966","2024/10/9","7-8",8,"DGS","Raptor","Butastur indicus","Grey-faced Buzzard"
"2967","2024/10/9","7-8",1,"DGS","Raptor","Falco amurensis","Amur Falcon"
"2968","2024/10/9","7-8",1,"DGS","Raptor","Falco subbuteo","Eurasian Hobby"
"2969","2024/10/9","7-8",1,"DGS","Raptor","Raptors (unidentified)","Unidentified Raptors"
"2970","2024/10/9","8-9",1,"DGS","Raptor","Pernis ptilorhynchus","Crested Honey-buzzard"
"2971","2024/10/9","8-9",1,"DGS","Raptor","Tachyspiza soloensis","Chinese Sparrowhawk"
"2972","2024/10/9","8-9",7,"DGS","Raptor","Tachyspiza gularis","Japanese Sparrowhawk"
"2973","2024/10/9","8-9",6,"DGS","Raptor","Butastur indicus","Grey-faced Buzzard"
"2974","2024/10/9","9-10",1,"DGS","Raptor","Pernis ptilorhynchus","Crested Honey-buzzard"
"2975","2024/10/9","9-10",1,"DGS","Raptor","Lophospiza trivirgata","Crested Goshawk"
"2976","2024/10/9","9-10",3,"DGS","Raptor","Tachyspiza gularis","Japanese Sparrowhawk"
"2977","2024/10/9","9-10",1,"DGS","Raptor","Milvus migrans","Black Kite"
"2978","2024/10/9","9-10",20,"DGS","Raptor","Butastur indicus","Grey-faced Buzzard"
"2979","2024/10/9","9-10",1,"DGS","Raptor","Falco subbuteo","Eurasian Hobby"
"2980","2024/10/9","10-11",3,"DGS","Raptor","Pernis ptilorhynchus","Crested Honey-buzzard"
"2981","2024/10/9","10-11",1,"DGS","Raptor","Lophospiza trivirgata","Crested Goshawk"
"2982","2024/10/9","10-11",1,"DGS","Raptor","Tachyspiza gularis","Japanese Sparrowhawk"
"2983","2024/10/9","10-11",13,"DGS","Raptor","Butastur indicus","Grey-faced Buzzard"
"2984","2024/10/9","10-11",2,"DGS","Raptor","Falco subbuteo","Eurasian Hobby"
"2985","2024/10/9","10-11",1,"DGS","Raptor","Falco sp.","Unidentified Falcons"
"2986","2024/10/9","11-12",1,"DGS","Raptor","Tachyspiza soloensis","Chinese Sparrowhawk"
"2987","2024/10/9","11-12",1,"DGS","Raptor","Butastur indicus","Grey-faced Buzzard"
"2988","2024/10/9","11-12",1,"DGS","Raptor","Falco tinnunculus","Common Kestrel"
"2989","2024/10/9","12-13",2,"DGS","Raptor","Butastur indicus","Grey-faced Buzzard"
"2990","2024/10/9","12-13",1,"DGS","Raptor","Falco amurensis","Amur Falcon"
"2991","2024/10/9","13-14",1,"DGS","Raptor","Tachyspiza gularis","Japanese Sparrowhawk"
"2992","2024/10/9","13-14",2,"DGS","Raptor","Butastur indicus","Grey-faced Buzzard"
"2993","2024/10/9","13-14",2,"DGS","Raptor","Falco tinnunculus","Common Kestrel"
"2994","2024/10/9","14-15",2,"DGS","Raptor","Falco amurensis","Amur Falcon"
"2995","2024/10/9","14-15",1,"DGS","Raptor","Falco subbuteo","Eurasian Hobby"
"2996","2024/10/9","15-16",1,"DGS","Raptor","Accipiter nisus","Eurasian Sparrowhawk"
"2997","2024/10/9","16-17",1,"DGS","Raptor","Pandion haliaetus","Osprey"
"2998","2024/10/9","16-17",1,"DGS","Raptor","Falco subbuteo","Eurasian Hobby"
"2999","2024/10/10","7-8",2,"DGS","Raptor","Tachyspiza gularis","Japanese Sparrowhawk"
"3000","2024/10/10","7-8",1,"DGS","Raptor","Accipiter nisus","Eurasian Sparrowhawk"
"3001","2024/10/10","7-8",1,"DGS","Raptor","Falco sp.","Unidentified Falcons"
"3002","2024/10/10","7-8",1,"DGS","Raptor","Raptors (unidentified)","Unidentified Raptors"
"3003","2024/10/10","8-9",2,"DGS","Raptor","Pernis ptilorhynchus","Crested Honey-buzzard"
"3004","2024/10/10","8-9",6,"DGS","Raptor","Tachyspiza gularis","Japanese Sparrowhawk"
"3005","2024/10/10","8-9",4,"DGS","Raptor","Accipiter nisus","Eurasian Sparrowhawk"
"3006","2024/10/10","8-9",45,"DGS","Raptor","Butastur indicus","Grey-faced Buzzard"
"3007","2024/10/10","8-9",1,"DGS","Raptor","Falco sp.","Unidentified Falcons"
"3008","2024/10/10","8-9",1,"DGS","Raptor","Raptors (unidentified)","Unidentified Raptors"
"3009","2024/10/10","8-9",1,"DGS","Swift","Aerodramus sp.","Swiftlets"
"3010","2024/10/10","9-10",4,"DGS","Raptor","Pernis ptilorhynchus","Crested Honey-buzzard"
"3011","2024/10/10","9-10",1,"DGS","Raptor","Lophospiza trivirgata","Crested Goshawk"
"3012","2024/10/10","9-10",2,"DGS","Raptor","Tachyspiza gularis","Japanese Sparrowhawk"
"3013","2024/10/10","9-10",1,"DGS","Raptor","Accipiter nisus","Eurasian Sparrowhawk"
"3014","2024/10/10","9-10",1,"DGS","Raptor","Buteo japonicus","Eastern Buzzard"
"3015","2024/10/10","9-10",2,"DGS","Raptor","Eagles (unidentified)","Unidentified Eagles"
"3016","2024/10/10","9-10",1,"DGS","Swift","Aerodramus sp.","Swiftlets"
"3017","2024/10/10","10-11",1,"DGS","Raptor","Pandion haliaetus","Osprey"
"3018","2024/10/10","10-11",3,"DGS","Raptor","Tachyspiza gularis","Japanese Sparrowhawk"
"3019","2024/10/10","10-11",38,"DGS","Raptor","Butastur indicus","Grey-faced Buzzard"
"3020","2024/10/10","10-11",1,"DGS","Raptor","Buteo japonicus","Eastern Buzzard"
"3021","2024/10/10","10-11",2,"DGS","Raptor","Falco tinnunculus","Common Kestrel"
"3022","2024/10/10","10-11",2,"DGS","Raptor","Falco amurensis","Amur Falcon"
"3023","2024/10/10","10-11",1,"DGS","Raptor","Falco subbuteo","Eurasian Hobby"
"3024","2024/10/10","11-12",1,"DGS","Raptor","Lophospiza trivirgata","Crested Goshawk"
"3025","2024/10/10","11-12",1,"DGS","Raptor","Tachyspiza gularis","Japanese Sparrowhawk"
"3026","2024/10/10","11-12",1,"DGS","Raptor","Circus spilonotus","Eastern Marsh Harrier"
"3027","2024/10/10","11-12",2,"DGS","Raptor","Raptors (unidentified)","Unidentified Raptors"
"3028","2024/10/10","12-13",1,"DGS","Raptor","Tachyspiza gularis","Japanese Sparrowhawk"
"3029","2024/10/10","12-13",1,"DGS","Raptor","Milvus migrans","Black Kite"
"3030","2024/10/10","12-13",1,"DGS","Raptor","Butastur indicus","Grey-faced Buzzard"
"3031","2024/10/10","12-13",1,"DGS","Raptor","Falco amurensis","Amur Falcon"
"3032","2024/10/10","13-14",1,"DGS","Raptor","Tachyspiza gularis","Japanese Sparrowhawk"
"3033","2024/10/10","13-14",3,"DGS","Raptor","Butastur indicus","Grey-faced Buzzard"
"3034","2024/10/10","13-14",3,"DGS","Raptor","Falco amurensis","Amur Falcon"
"3035","2024/10/10","14-15",1,"DGS","Raptor","Falco amurensis","Amur Falcon"
"3036","2024/10/10","15-16",1,"DGS","Raptor","Falco amurensis","Amur Falcon"
"3037","2024/10/10","15-16",1,"DGS","Raptor","Falco subbuteo","Eurasian Hobby"
"3038","2024/10/10","16-17",5,"DGS","Raptor","Falco amurensis","Amur Falcon"
"3039","2024/10/10","16-17",3,"DGS","Raptor","Falco subbuteo","Eurasian Hobby"
"3040","2024/10/11","Before 7",1,"DGS","Raptor","Tachyspiza gularis","Japanese Sparrowhawk"
"3041","2024/10/11","7-8",2,"DGS","Raptor","Pernis ptilorhynchus","Crested Honey-buzzard"
"3042","2024/10/11","8-9",2,"DGS","Raptor","Pernis ptilorhynchus","Crested Honey-buzzard"
"3043","2024/10/11","8-9",2,"DGS","Raptor","Tachyspiza gularis","Japanese Sparrowhawk"
"3044","2024/10/11","8-9",4,"DGS","Raptor","Butastur indicus","Grey-faced Buzzard"
"3045","2024/10/11","8-9",1,"DGS","Raptor","Falco subbuteo","Eurasian Hobby"
"3046","2024/10/11","8-9",4,"DGS","Else","Delichon dasypus/lagopodum","Asian/Siberian House Martin"
"3047","2024/10/11","9-10",5,"DGS","Raptor","Tachyspiza gularis","Japanese Sparrowhawk"
"3048","2024/10/11","9-10",11,"DGS","Raptor","Butastur indicus","Grey-faced Buzzard"
"3049","2024/10/11","9-10",1,"DGS","Raptor","Raptors (unidentified)","Unidentified Raptors"
"3050","2024/10/11","10-11",1,"DGS","Raptor","Pernis ptilorhynchus","Crested Honey-buzzard"
"3051","2024/10/11","10-11",3,"DGS","Raptor","Lophospiza trivirgata","Crested Goshawk"
"3052","2024/10/11","10-11",1,"DGS","Raptor","Tachyspiza gularis","Japanese Sparrowhawk"
"3053","2024/10/11","10-11",1,"DGS","Raptor","Accipiter nisus","Eurasian Sparrowhawk"
"3054","2024/10/11","10-11",1,"DGS","Raptor","Astur gentilis","Eurasian Goshawk"
"3055","2024/10/11","10-11",2,"DGS","Raptor","Butastur indicus","Grey-faced Buzzard"
"3056","2024/10/11","10-11",1,"DGS","Raptor","Falco tinnunculus","Common Kestrel"
"3057","2024/10/11","10-11",1,"DGS","Raptor","Eagles (unidentified)","Unidentified Eagles"
"3058","2024/10/11","10-11",1,"DGS","Raptor","Falco sp.","Unidentified Falcons"
"3059","2024/10/11","11-12",1,"DGS","Raptor","Pernis ptilorhynchus","Crested Honey-buzzard"
"3060","2024/10/11","11-12",5,"DGS","Raptor","Tachyspiza gularis","Japanese Sparrowhawk"
"3061","2024/10/11","11-12",4,"DGS","Raptor","Falco amurensis","Amur Falcon"
"3062","2024/10/11","11-12",1,"DGS","Raptor","Falco peregrinus","Peregrine Falcon"
"3063","2024/10/11","12-13",1,"DGS","Raptor","Butastur indicus","Grey-faced Buzzard"
"3064","2024/10/11","12-13",1,"DGS","Raptor","Falco tinnunculus","Common Kestrel"
"3065","2024/10/11","13-14",1,"DGS","Raptor","Pernis ptilorhynchus","Crested Honey-buzzard"
"3066","2024/10/11","14-15",2,"DGS","Raptor","Pernis ptilorhynchus","Crested Honey-buzzard"
"3067","2024/10/11","14-15",3,"DGS","Raptor","Buteo japonicus","Eastern Buzzard"
"3068","2024/10/11","14-15",2,"DGS","Raptor","Falco amurensis","Amur Falcon"
"3069","2024/10/11","14-15",1,"DGS","Raptor","Falco peregrinus","Peregrine Falcon"
"3070","2024/10/11","14-15",1,"DGS","Raptor","Eagles (unidentified)","Unidentified Eagles"
"3071","2024/10/11","15-16",1,"DGS","Raptor","Buteo japonicus","Eastern Buzzard"
"3072","2024/10/11","16-17",1,"DGS","Raptor","Buteo japonicus","Eastern Buzzard"
"3073","2024/10/11","16-17",1,"DGS","Raptor","Falco subbuteo","Eurasian Hobby"
"3074","2024/10/12","Before 7",1,"DGS","Raptor","Tachyspiza gularis","Japanese Sparrowhawk"
"3075","2024/10/12","Before 7",1,"DGS","Raptor","Accipiter nisus","Eurasian Sparrowhawk"
"3076","2024/10/12","Before 7",3,"DGS","Raptor","Butastur indicus","Grey-faced Buzzard"
"3077","2024/10/12","7-8",1,"DGS","Raptor","Pernis ptilorhynchus","Crested Honey-buzzard"
"3078","2024/10/12","7-8",3,"DGS","Raptor","Tachyspiza gularis","Japanese Sparrowhawk"
"3079","2024/10/12","7-8",1,"DGS","Raptor","Accipiter nisus","Eurasian Sparrowhawk"
"3080","2024/10/12","7-8",3,"DGS","Raptor","Butastur indicus","Grey-faced Buzzard"
"3081","2024/10/12","7-8",2,"DGS","Raptor","Falco tinnunculus","Common Kestrel"
"3082","2024/10/12","8-9",1,"DGS","Raptor","Pandion haliaetus","Osprey"
"3083","2024/10/12","8-9",3,"DGS","Raptor","Pernis ptilorhynchus","Crested Honey-buzzard"
"3084","2024/10/12","8-9",1,"DGS","Raptor","Tachyspiza gularis","Japanese Sparrowhawk"
"3085","2024/10/12","8-9",1439,"DGS","Raptor","Butastur indicus","Grey-faced Buzzard"
"3086","2024/10/12","8-9",1,"DGS","Raptor","Falco subbuteo","Eurasian Hobby"
"3087","2024/10/12","9-10",3,"DGS","Raptor","Pernis ptilorhynchus","Crested Honey-buzzard"
"3088","2024/10/12","9-10",5,"DGS","Raptor","Tachyspiza gularis","Japanese Sparrowhawk"
"3089","2024/10/12","9-10",135,"DGS","Raptor","Butastur indicus","Grey-faced Buzzard"
"3090","2024/10/12","9-10",1,"DGS","Raptor","Buteo japonicus","Eastern Buzzard"
"3091","2024/10/12","9-10",1,"DGS","Raptor","Falco peregrinus","Peregrine Falcon"
"3092","2024/10/12","10-11",1,"DGS","Raptor","Pandion haliaetus","Osprey"
"3093","2024/10/12","10-11",2,"DGS","Raptor","Tachyspiza gularis","Japanese Sparrowhawk"
"3094","2024/10/12","10-11",1,"DGS","Raptor","Butastur indicus","Grey-faced Buzzard"
"3095","2024/10/12","10-11",1,"DGS","Raptor","Falco amurensis","Amur Falcon"
"3096","2024/10/12","10-11",2,"DGS","Raptor","Falco subbuteo","Eurasian Hobby"
"3097","2024/10/12","10-11",1,"DGS","Raptor","Eagles (unidentified)","Unidentified Eagles"
"3098","2024/10/12","12-13",2,"DGS","Raptor","Falco subbuteo","Eurasian Hobby"
"3099","2024/10/12","13-14",2,"DGS","Raptor","Falco subbuteo","Eurasian Hobby"
"3100","2024/10/12","15-16",1,"DGS","Raptor","Pernis ptilorhynchus","Crested Honey-buzzard"
"3101","2024/10/12","15-16",1,"DGS","Raptor","Tachyspiza gularis","Japanese Sparrowhawk"
"3102","2024/10/12","15-16",2,"DGS","Raptor","Butastur indicus","Grey-faced Buzzard"
"3103","2024/10/12","15-16",1,"DGS","Raptor","Falco tinnunculus","Common Kestrel"
"3104","2024/10/12","15-16",4,"DGS","Raptor","Falco subbuteo","Eurasian Hobby"
"3105","2024/10/12","15-16",2,"DGS","Raptor","Raptors (unidentified)","Unidentified Raptors"
"3106","2024/10/12","16-17",1,"DGS","Raptor","Tachyspiza gularis","Japanese Sparrowhawk"
"3107","2024/10/12","16-17",1,"DGS","Raptor","Falco tinnunculus","Common Kestrel"
"3108","2024/10/12","16-17",1,"DGS","Raptor","Falco subbuteo","Eurasian Hobby"
"3109","2024/10/13","Before 7",1,"DGS","Raptor","Tachyspiza gularis","Japanese Sparrowhawk"
"3110","2024/10/13","Before 7",2,"DGS","Raptor","Accipiter nisus","Eurasian Sparrowhawk"
"3111","2024/10/13","Before 7",1,"DGS","Raptor","Falco tinnunculus","Common Kestrel"
"3112","2024/10/13","Before 7",2,"DGS","Raptor","Falco subbuteo","Eurasian Hobby"
"3113","2024/10/13","7-8",1,"DGS","Raptor","Pandion haliaetus","Osprey"
"3114","2024/10/13","7-8",2,"DGS","Raptor","Tachyspiza gularis","Japanese Sparrowhawk"
"3115","2024/10/13","7-8",2,"DGS","Raptor","Accipiter nisus","Eurasian Sparrowhawk"
"3116","2024/10/13","7-8",1,"DGS","Raptor","Falco tinnunculus","Common Kestrel"
"3117","2024/10/13","7-8",2,"DGS","Swift","Hirundapus caudacutus","White-throated Needletail"
"3118","2024/10/13","7-8",2,"DGS","Swift","Apus pacificus","Pacific Swift"
"3119","2024/10/13","8-9",1,"DGS","Raptor","Falco subbuteo","Eurasian Hobby"
"3120","2024/10/13","8-9",1,"DGS","Raptor","Falco peregrinus","Peregrine Falcon"
"3121","2024/10/13","8-9",2,"DGS","Raptor","Eagles (unidentified)","Unidentified Eagles"
"3122","2024/10/13","9-10",1,"DGS","Raptor","Pernis ptilorhynchus","Crested Honey-buzzard"
"3123","2024/10/13","9-10",1,"DGS","Raptor","Falco subbuteo","Eurasian Hobby"
"3124","2024/10/13","10-11",1,"DGS","Raptor","Pandion haliaetus","Osprey"
"3125","2024/10/13","10-11",1,"DGS","Raptor","Pernis ptilorhynchus","Crested Honey-buzzard"
"3126","2024/10/13","10-11",16,"DGS","Raptor","Butastur indicus","Grey-faced Buzzard"
"3127","2024/10/13","10-11",1,"DGS","Raptor","Buteo japonicus","Eastern Buzzard"
"3128","2024/10/13","10-11",1,"DGS","Raptor","Falco tinnunculus","Common Kestrel"
"3129","2024/10/13","10-11",2,"DGS","Raptor","Falco subbuteo","Eurasian Hobby"
"3130","2024/10/13","10-11",4,"DGS","Raptor","Falco sp.","Unidentified Falcons"
"3131","2024/10/13","11-12",1,"DGS","Raptor","Pernis ptilorhynchus","Crested Honey-buzzard"
"3132","2024/10/13","11-12",2,"DGS","Raptor","Tachyspiza gularis","Japanese Sparrowhawk"
"3133","2024/10/13","11-12",56,"DGS","Raptor","Butastur indicus","Grey-faced Buzzard"
"3134","2024/10/13","11-12",1,"DGS","Raptor","Falco subbuteo","Eurasian Hobby"
"3135","2024/10/13","12-13",1,"DGS","Raptor","Pernis ptilorhynchus","Crested Honey-buzzard"
"3136","2024/10/13","12-13",1,"DGS","Raptor","Accipiter nisus","Eurasian Sparrowhawk"
"3137","2024/10/13","12-13",3,"DGS","Raptor","Butastur indicus","Grey-faced Buzzard"
"3138","2024/10/13","12-13",2,"DGS","Raptor","Falco subbuteo","Eurasian Hobby"
"3139","2024/10/13","12-13",1,"DGS","Raptor","Eagles (unidentified)","Unidentified Eagles"
"3140","2024/10/13","13-14",1,"DGS","Raptor","Falco tinnunculus","Common Kestrel"
"3141","2024/10/13","13-14",1,"DGS","Raptor","Falco subbuteo","Eurasian Hobby"
"3142","2024/10/13","14-15",2,"DGS","Raptor","Falco subbuteo","Eurasian Hobby"
"3143","2024/10/13","15-16",1,"DGS","Raptor","Falco subbuteo","Eurasian Hobby"
"3144","2024/10/13","16-17",1,"DGS","Raptor","Falco tinnunculus","Common Kestrel"
"3145","2024/10/13","16-17",1,"DGS","Raptor","Falco subbuteo","Eurasian Hobby"
"3146","2024/10/14","Before 7",27,"DGS","Raptor","Butastur indicus","Grey-faced Buzzard"
"3147","2024/10/14","7-8",2,"DGS","Raptor","Butastur indicus","Grey-faced Buzzard"
"3148","2024/10/14","8-9",16,"DGS","Raptor","Butastur indicus","Grey-faced Buzzard"
"3149","2024/10/14","8-9",1,"DGS","Raptor","Falco subbuteo","Eurasian Hobby"
"3150","2024/10/14","8-9",7,"DGS","Swift","Hirundapus caudacutus","White-throated Needletail"
"3151","2024/10/14","9-10",2,"DGS","Raptor","Pernis ptilorhynchus","Crested Honey-buzzard"
"3152","2024/10/14","9-10",1,"DGS","Raptor","Tachyspiza gularis","Japanese Sparrowhawk"
"3153","2024/10/14","9-10",211,"DGS","Raptor","Butastur indicus","Grey-faced Buzzard"
"3154","2024/10/14","10-11",1,"DGS","Raptor","Pernis ptilorhynchus","Crested Honey-buzzard"
"3155","2024/10/14","10-11",1,"DGS","Raptor","Tachyspiza gularis","Japanese Sparrowhawk"
"3156","2024/10/14","10-11",341,"DGS","Raptor","Butastur indicus","Grey-faced Buzzard"
"3157","2024/10/14","10-11",1,"DGS","Raptor","Buteo japonicus","Eastern Buzzard"
"3158","2024/10/14","10-11",2,"DGS","Raptor","Falco subbuteo","Eurasian Hobby"
"3159","2024/10/14","11-12",2,"DGS","Raptor","Tachyspiza gularis","Japanese Sparrowhawk"
"3160","2024/10/14","11-12",6,"DGS","Raptor","Butastur indicus","Grey-faced Buzzard"
"3161","2024/10/14","13-14",2,"DGS","Raptor","Accipiter nisus","Eurasian Sparrowhawk"
"3162","2024/10/14","13-14",1,"DGS","Raptor","Butastur indicus","Grey-faced Buzzard"
"3163","2024/10/14","14-15",6,"DGS","Raptor","Pernis ptilorhynchus","Crested Honey-buzzard"
"3164","2024/10/14","14-15",606,"DGS","Raptor","Butastur indicus","Grey-faced Buzzard"
"3165","2024/10/14","14-15",1,"DGS","Raptor","Falco tinnunculus","Common Kestrel"
"3166","2024/10/14","14-15",2,"DGS","Raptor","Falco subbuteo","Eurasian Hobby"
"3167","2024/10/14","15-16",29,"DGS","Raptor","Pernis ptilorhynchus","Crested Honey-buzzard"
"3168","2024/10/14","15-16",1,"DGS","Raptor","Tachyspiza gularis","Japanese Sparrowhawk"
"3169","2024/10/14","15-16",945,"DGS","Raptor","Butastur indicus","Grey-faced Buzzard"
"3170","2024/10/14","15-16",3,"DGS","Raptor","Falco subbuteo","Eurasian Hobby"
"3171","2024/10/14","15-16",1,"DGS","Raptor","Falco peregrinus","Peregrine Falcon"
"3172","2024/10/14","15-16",1,"DGS","Raptor","Falco sp.","Unidentified Falcons"
"3173","2024/10/14","16-17",1,"DGS","Raptor","Pandion haliaetus","Osprey"
"3174","2024/10/14","16-17",768,"DGS","Raptor","Butastur indicus","Grey-faced Buzzard"
"3175","2024/10/14","16-17",2,"DGS","Raptor","Falco subbuteo","Eurasian Hobby"
"3176","2024/10/14","17-17:30",1,"DGS","Raptor","Pandion haliaetus","Osprey"
"3177","2024/10/14","17-17:30",8,"DGS","Raptor","Pernis ptilorhynchus","Crested Honey-buzzard"
"3178","2024/10/14","17-17:30",7,"DGS","Raptor","Butastur indicus","Grey-faced Buzzard"
"3179","2024/10/15","Before 7",6,"DGS","Raptor","Pernis ptilorhynchus","Crested Honey-buzzard"
"3180","2024/10/15","Before 7",1,"DGS","Raptor","Tachyspiza gularis","Japanese Sparrowhawk"
"3181","2024/10/15","Before 7",196,"DGS","Raptor","Butastur indicus","Grey-faced Buzzard"
"3182","2024/10/15","7-8",1,"DGS","Raptor","Pernis ptilorhynchus","Crested Honey-buzzard"
"3183","2024/10/15","7-8",40,"DGS","Raptor","Butastur indicus","Grey-faced Buzzard"
"3184","2024/10/15","7-8",2,"DGS","Raptor","Falco subbuteo","Eurasian Hobby"
"3185","2024/10/15","7-8",1,"DGS","Raptor","Falco sp.","Unidentified Falcons"
"3186","2024/10/15","7-8",2,"DGS","Raptor","Raptors (unidentified)","Unidentified Raptors"
"3187","2024/10/15","8-9",1,"DGS","Raptor","Pandion haliaetus","Osprey"
"3188","2024/10/15","8-9",5,"DGS","Raptor","Pernis ptilorhynchus","Crested Honey-buzzard"
"3189","2024/10/15","8-9",196,"DGS","Raptor","Butastur indicus","Grey-faced Buzzard"
"3190","2024/10/15","8-9",1,"DGS","Raptor","Buteo japonicus","Eastern Buzzard"
"3191","2024/10/15","9-10",5,"DGS","Raptor","Pernis ptilorhynchus","Crested Honey-buzzard"
"3192","2024/10/15","9-10",1,"DGS","Raptor","Astur gentilis","Eurasian Goshawk"
"3193","2024/10/15","9-10",39,"DGS","Raptor","Butastur indicus","Grey-faced Buzzard"
"3194","2024/10/15","9-10",2,"DGS","Raptor","Falco subbuteo","Eurasian Hobby"
"3195","2024/10/15","10-11",2,"DGS","Raptor","Pernis ptilorhynchus","Crested Honey-buzzard"
"3196","2024/10/15","10-11",1,"DGS","Raptor","Astur gentilis","Eurasian Goshawk"
"3197","2024/10/15","10-11",106,"DGS","Raptor","Butastur indicus","Grey-faced Buzzard"
"3198","2024/10/15","10-11",1,"DGS","Raptor","Buteo japonicus","Eastern Buzzard"
"3199","2024/10/15","12-13",1,"DGS","Raptor","Pernis ptilorhynchus","Crested Honey-buzzard"
"3200","2024/10/15","12-13",2,"DGS","Swift","Hirundapus caudacutus","White-throated Needletail"
"3201","2024/10/15","13-14",2,"DGS","Raptor","Falco subbuteo","Eurasian Hobby"
"3202","2024/10/15","14-15",11,"DGS","Raptor","Butastur indicus","Grey-faced Buzzard"
"3203","2024/10/16","Before 7",16,"DGS","Raptor","Butastur indicus","Grey-faced Buzzard"
"3204","2024/10/16","7-8",1,"DGS","Raptor","Pernis ptilorhynchus","Crested Honey-buzzard"
"3205","2024/10/16","7-8",6,"DGS","Raptor","Butastur indicus","Grey-faced Buzzard"
"3206","2024/10/16","7-8",1,"DGS","Raptor","Falco amurensis","Amur Falcon"
"3207","2024/10/16","9-10",5,"DGS","Raptor","Butastur indicus","Grey-faced Buzzard"
"3208","2024/10/16","10-11",5,"DGS","Raptor","Pernis ptilorhynchus","Crested Honey-buzzard"
"3209","2024/10/16","10-11",2,"DGS","Raptor","Tachyspiza gularis","Japanese Sparrowhawk"
"3210","2024/10/16","10-11",1,"DGS","Raptor","Accipiter nisus","Eurasian Sparrowhawk"
"3211","2024/10/16","10-11",150,"DGS","Raptor","Butastur indicus","Grey-faced Buzzard"
"3212","2024/10/16","10-11",2,"DGS","Raptor","Buteo japonicus","Eastern Buzzard"
"3213","2024/10/16","11-12",4,"DGS","Raptor","Pernis ptilorhynchus","Crested Honey-buzzard"
"3214","2024/10/16","11-12",1,"DGS","Raptor","Tachyspiza gularis","Japanese Sparrowhawk"
"3215","2024/10/16","11-12",78,"DGS","Raptor","Butastur indicus","Grey-faced Buzzard"
"3216","2024/10/16","12-13",3,"DGS","Raptor","Pernis ptilorhynchus","Crested Honey-buzzard"
"3217","2024/10/16","12-13",110,"DGS","Raptor","Butastur indicus","Grey-faced Buzzard"
"3218","2024/10/16","12-13",1,"DGS","Raptor","Falco subbuteo","Eurasian Hobby"
"3219","2024/10/16","13-14",50,"DGS","Raptor","Butastur indicus","Grey-faced Buzzard"
"3220","2024/10/16","13-14",1,"DGS","Raptor","Falco subbuteo","Eurasian Hobby"
"3221","2024/10/16","14-15",1,"DGS","Raptor","Pernis ptilorhynchus","Crested Honey-buzzard"
"3222","2024/10/16","14-15",1,"DGS","Raptor","Falco subbuteo","Eurasian Hobby"
"3223","2024/10/16","14-15",1,"DGS","Raptor","Eagles (unidentified)","Unidentified Eagles"
"3224","2024/10/16","15-16",1,"DGS","Raptor","Butastur indicus","Grey-faced Buzzard"
"3225","2024/10/17","Before 7",14,"DGS","Raptor","Butastur indicus","Grey-faced Buzzard"
"3226","2024/10/17","Before 7",1,"DGS","Raptor","Buteo japonicus","Eastern Buzzard"
"3227","2024/10/17","Before 7",1,"DGS","Raptor","Raptors (unidentified)","Unidentified Raptors"
"3228","2024/10/17","7-8",1,"DGS","Raptor","Pandion haliaetus","Osprey"
"3229","2024/10/17","7-8",6,"DGS","Raptor","Pernis ptilorhynchus","Crested Honey-buzzard"
"3230","2024/10/17","7-8",4,"DGS","Raptor","Tachyspiza gularis","Japanese Sparrowhawk"
"3231","2024/10/17","7-8",43,"DGS","Raptor","Butastur indicus","Grey-faced Buzzard"
"3232","2024/10/17","7-8",2,"DGS","Raptor","Buteo japonicus","Eastern Buzzard"
"3233","2024/10/17","7-8",1,"DGS","Raptor","Falco subbuteo","Eurasian Hobby"
"3234","2024/10/17","7-8",2,"DGS","Raptor","Eagles (unidentified)","Unidentified Eagles"
"3235","2024/10/17","7-8",3,"DGS","Raptor","Raptors (unidentified)","Unidentified Raptors"
"3236","2024/10/17","8-9",2,"DGS","Raptor","Pernis ptilorhynchus","Crested Honey-buzzard"
"3237","2024/10/17","8-9",1,"DGS","Raptor","Tachyspiza gularis","Japanese Sparrowhawk"
"3238","2024/10/17","8-9",34,"DGS","Raptor","Butastur indicus","Grey-faced Buzzard"
"3239","2024/10/17","8-9",1,"DGS","Raptor","Buteo japonicus","Eastern Buzzard"
"3240","2024/10/17","8-9",2,"DGS","Raptor","Falco subbuteo","Eurasian Hobby"
"3241","2024/10/17","9-10",2,"DGS","Raptor","Pernis ptilorhynchus","Crested Honey-buzzard"
"3242","2024/10/17","9-10",17,"DGS","Raptor","Butastur indicus","Grey-faced Buzzard"
"3243","2024/10/17","9-10",3,"DGS","Raptor","Raptors (unidentified)","Unidentified Raptors"
"3244","2024/10/17","10-11",2,"DGS","Raptor","Pandion haliaetus","Osprey"
"3245","2024/10/17","10-11",2,"DGS","Raptor","Pernis ptilorhynchus","Crested Honey-buzzard"
"3246","2024/10/17","10-11",2,"DGS","Raptor","Tachyspiza gularis","Japanese Sparrowhawk"
"3247","2024/10/17","10-11",47,"DGS","Raptor","Butastur indicus","Grey-faced Buzzard"
"3248","2024/10/17","10-11",3,"DGS","Raptor","Buteo japonicus","Eastern Buzzard"
"3249","2024/10/17","10-11",2,"DGS","Raptor","Falco subbuteo","Eurasian Hobby"
"3250","2024/10/17","10-11",1,"DGS","Raptor","Falco peregrinus","Peregrine Falcon"
"3251","2024/10/17","10-11",1,"DGS","Swift","Aerodramus sp.","Swiftlets"
"3252","2024/10/17","11-12",5,"DGS","Raptor","Pernis ptilorhynchus","Crested Honey-buzzard"
"3253","2024/10/17","11-12",3,"DGS","Raptor","Tachyspiza gularis","Japanese Sparrowhawk"
"3254","2024/10/17","11-12",135,"DGS","Raptor","Butastur indicus","Grey-faced Buzzard"
"3255","2024/10/17","11-12",2,"DGS","Raptor","Buteo japonicus","Eastern Buzzard"
"3256","2024/10/17","11-12",2,"DGS","Raptor","Falco subbuteo","Eurasian Hobby"
"3257","2024/10/17","12-13",1,"DGS","Raptor","Tachyspiza gularis","Japanese Sparrowhawk"
"3258","2024/10/17","12-13",1,"DGS","Raptor","Astur gentilis","Eurasian Goshawk"
"3259","2024/10/17","12-13",188,"DGS","Raptor","Butastur indicus","Grey-faced Buzzard"
"3260","2024/10/17","12-13",2,"DGS","Raptor","Falco subbuteo","Eurasian Hobby"
"3261","2024/10/17","13-14",59,"DGS","Raptor","Butastur indicus","Grey-faced Buzzard"
"3262","2024/10/17","14-15",1,"DGS","Raptor","Butastur indicus","Grey-faced Buzzard"
"3263","2024/10/17","14-15",1,"DGS","Raptor","Falco subbuteo","Eurasian Hobby"
"3264","2024/10/17","15-16",3,"DGS","Raptor","Falco subbuteo","Eurasian Hobby"
"3265","2024/10/18","Before 7",7,"DGS","Raptor","Butastur indicus","Grey-faced Buzzard"
"3266","2024/10/18","Before 7",1,"DGS","Raptor","Falco subbuteo","Eurasian Hobby"
"3267","2024/10/18","7-8",3,"DGS","Raptor","Tachyspiza gularis","Japanese Sparrowhawk"
"3268","2024/10/18","7-8",5,"DGS","Raptor","Butastur indicus","Grey-faced Buzzard"
"3269","2024/10/18","7-8",2,"DGS","Raptor","Falco subbuteo","Eurasian Hobby"
"3270","2024/10/18","8-9",54,"DGS","Raptor","Butastur indicus","Grey-faced Buzzard"
"3271","2024/10/18","8-9",2,"DGS","Raptor","Falco tinnunculus","Common Kestrel"
"3272","2024/10/18","8-9",2,"DGS","Raptor","Falco subbuteo","Eurasian Hobby"
"3273","2024/10/18","8-9",4,"DGS","Raptor","Raptors (unidentified)","Unidentified Raptors"
"3274","2024/10/18","8-9",2,"DGS","Swift","Hirundapus caudacutus","White-throated Needletail"
"3275","2024/10/18","9-10",1,"DGS","Raptor","Pandion haliaetus","Osprey"
"3276","2024/10/18","9-10",6,"DGS","Raptor","Tachyspiza gularis","Japanese Sparrowhawk"
"3277","2024/10/18","9-10",157,"DGS","Raptor","Butastur indicus","Grey-faced Buzzard"
"3278","2024/10/18","9-10",1,"DGS","Raptor","Buteo japonicus","Eastern Buzzard"
"3279","2024/10/18","9-10",1,"DGS","Raptor","Falco subbuteo","Eurasian Hobby"
"3280","2024/10/18","9-10",2,"DGS","Raptor","Raptors (unidentified)","Unidentified Raptors"
"3281","2024/10/18","9-10",5,"DGS","Swift","Aerodramus sp.","Swiftlets"
"3282","2024/10/18","10-11",11,"DGS","Raptor","Tachyspiza gularis","Japanese Sparrowhawk"
"3283","2024/10/18","10-11",1,"DGS","Raptor","Astur gentilis","Eurasian Goshawk"
"3284","2024/10/18","10-11",56,"DGS","Raptor","Butastur indicus","Grey-faced Buzzard"
"3285","2024/10/18","10-11",3,"DGS","Raptor","Eagles (unidentified)","Unidentified Eagles"
"3286","2024/10/18","11-12",4,"DGS","Raptor","Tachyspiza gularis","Japanese Sparrowhawk"
"3287","2024/10/18","11-12",111,"DGS","Raptor","Butastur indicus","Grey-faced Buzzard"
"3288","2024/10/18","11-12",2,"DGS","Raptor","Buteo japonicus","Eastern Buzzard"
"3289","2024/10/18","11-12",1,"DGS","Raptor","Falco tinnunculus","Common Kestrel"
"3290","2024/10/18","11-12",1,"DGS","Raptor","Falco peregrinus","Peregrine Falcon"
"3291","2024/10/18","11-12",1,"DGS","Swift","Hirundapus caudacutus","White-throated Needletail"
"3292","2024/10/18","12-13",1,"DGS","Raptor","Pandion haliaetus","Osprey"
"3293","2024/10/18","12-13",3,"DGS","Raptor","Tachyspiza gularis","Japanese Sparrowhawk"
"3294","2024/10/18","12-13",45,"DGS","Raptor","Butastur indicus","Grey-faced Buzzard"
"3295","2024/10/18","12-13",1,"DGS","Raptor","Falco tinnunculus","Common Kestrel"
"3296","2024/10/18","12-13",2,"DGS","Raptor","Falco peregrinus","Peregrine Falcon"
"3297","2024/10/18","12-13",1,"DGS","Raptor","Falco sp.","Unidentified Falcons"
"3298","2024/10/18","12-13",1,"DGS","Raptor","Raptors (unidentified)","Unidentified Raptors"
"3299","2024/10/18","13-14",4,"DGS","Raptor","Pandion haliaetus","Osprey"
"3300","2024/10/18","13-14",1,"DGS","Raptor","Pernis ptilorhynchus","Crested Honey-buzzard"
"3301","2024/10/18","13-14",2,"DGS","Raptor","Tachyspiza gularis","Japanese Sparrowhawk"
"3302","2024/10/18","13-14",110,"DGS","Raptor","Butastur indicus","Grey-faced Buzzard"
"3303","2024/10/18","13-14",4,"DGS","Raptor","Buteo japonicus","Eastern Buzzard"
"3304","2024/10/18","13-14",11,"DGS","Raptor","Falco subbuteo","Eurasian Hobby"
"3305","2024/10/18","14-15",1,"DGS","Raptor","Pandion haliaetus","Osprey"
"3306","2024/10/18","14-15",2,"DGS","Raptor","Accipiter nisus","Eurasian Sparrowhawk"
"3307","2024/10/18","14-15",14,"DGS","Raptor","Butastur indicus","Grey-faced Buzzard"
"3308","2024/10/18","14-15",1,"DGS","Raptor","Buteo japonicus","Eastern Buzzard"
"3309","2024/10/18","14-15",2,"DGS","Raptor","Falco amurensis","Amur Falcon"
"3310","2024/10/18","14-15",6,"DGS","Raptor","Falco subbuteo","Eurasian Hobby"
"3311","2024/10/18","14-15",2,"DGS","Raptor","Raptors (unidentified)","Unidentified Raptors"
"3312","2024/10/18","14-15",3,"DGS","Swift","Hirundapus caudacutus","White-throated Needletail"
"3313","2024/10/18","15-16",16,"DGS","Raptor","Butastur indicus","Grey-faced Buzzard"
"3314","2024/10/18","15-16",1,"DGS","Raptor","Buteo japonicus","Eastern Buzzard"
"3315","2024/10/18","15-16",2,"DGS","Raptor","Falco subbuteo","Eurasian Hobby"
"3316","2024/10/18","15-16",5,"DGS","Swift","Hirundapus caudacutus","White-throated Needletail"
"3317","2024/10/18","16-17",3,"DGS","Raptor","Butastur indicus","Grey-faced Buzzard"
"3318","2024/10/18","16-17",1,"DGS","Raptor","Falco subbuteo","Eurasian Hobby"
"3319","2024/10/18","17-17:30",2,"DGS","Raptor","Butastur indicus","Grey-faced Buzzard"
"3320","2024/10/19","Before 7",1,"DGS","Raptor","Tachyspiza gularis","Japanese Sparrowhawk"
"3321","2024/10/19","Before 7",9,"DGS","Raptor","Butastur indicus","Grey-faced Buzzard"
"3322","2024/10/19","7-8",1,"DGS","Raptor","Pandion haliaetus","Osprey"
"3323","2024/10/19","7-8",1,"DGS","Raptor","Pernis ptilorhynchus","Crested Honey-buzzard"
"3324","2024/10/19","7-8",4,"DGS","Raptor","Tachyspiza gularis","Japanese Sparrowhawk"
"3325","2024/10/19","7-8",1,"DGS","Raptor","Accipiter nisus","Eurasian Sparrowhawk"
"3326","2024/10/19","7-8",7,"DGS","Raptor","Butastur indicus","Grey-faced Buzzard"
"3327","2024/10/19","8-9",6,"DGS","Raptor","Tachyspiza gularis","Japanese Sparrowhawk"
"3328","2024/10/19","8-9",4,"DGS","Raptor","Accipiter nisus","Eurasian Sparrowhawk"
"3329","2024/10/19","8-9",8,"DGS","Raptor","Butastur indicus","Grey-faced Buzzard"
"3330","2024/10/19","8-9",5,"DGS","Raptor","Buteo japonicus","Eastern Buzzard"
"3331","2024/10/19","8-9",1,"DGS","Raptor","Falco tinnunculus","Common Kestrel"
"3332","2024/10/19","8-9",3,"DGS","Raptor","Raptors (unidentified)","Unidentified Raptors"
"3333","2024/10/19","9-10",1,"DGS","Raptor","Tachyspiza gularis","Japanese Sparrowhawk"
"3334","2024/10/19","9-10",3,"DGS","Raptor","Accipiter nisus","Eurasian Sparrowhawk"
"3335","2024/10/19","9-10",34,"DGS","Raptor","Butastur indicus","Grey-faced Buzzard"
"3336","2024/10/19","9-10",1,"DGS","Raptor","Falco tinnunculus","Common Kestrel"
"3337","2024/10/19","9-10",1,"DGS","Raptor","Falco amurensis","Amur Falcon"
"3338","2024/10/19","9-10",2,"DGS","Raptor","Falco subbuteo","Eurasian Hobby"
"3339","2024/10/19","9-10",3,"DGS","Swift","Hirundapus caudacutus","White-throated Needletail"
"3340","2024/10/19","10-11",15,"DGS","Raptor","Tachyspiza gularis","Japanese Sparrowhawk"
"3341","2024/10/19","10-11",59,"DGS","Raptor","Butastur indicus","Grey-faced Buzzard"
"3342","2024/10/19","10-11",1,"DGS","Raptor","Buteo japonicus","Eastern Buzzard"
"3343","2024/10/19","10-11",1,"DGS","Raptor","Falco subbuteo","Eurasian Hobby"
"3344","2024/10/19","10-11",5,"DGS","Raptor","Raptors (unidentified)","Unidentified Raptors"
"3345","2024/10/19","11-12",4,"DGS","Raptor","Tachyspiza gularis","Japanese Sparrowhawk"
"3346","2024/10/19","11-12",12,"DGS","Raptor","Butastur indicus","Grey-faced Buzzard"
"3347","2024/10/19","11-12",1,"DGS","Raptor","Falco tinnunculus","Common Kestrel"
"3348","2024/10/19","11-12",1,"DGS","Raptor","Falco amurensis","Amur Falcon"
"3349","2024/10/19","11-12",2,"DGS","Raptor","Falco subbuteo","Eurasian Hobby"
"3350","2024/10/19","11-12",1,"DGS","Raptor","Raptors (unidentified)","Unidentified Raptors"
"3351","2024/10/19","12-13",1,"DGS","Raptor","Lophospiza trivirgata","Crested Goshawk"
"3352","2024/10/19","12-13",3,"DGS","Raptor","Tachyspiza gularis","Japanese Sparrowhawk"
"3353","2024/10/19","12-13",1,"DGS","Raptor","Accipiter nisus","Eurasian Sparrowhawk"
"3354","2024/10/19","12-13",2,"DGS","Raptor","Astur gentilis","Eurasian Goshawk"
"3355","2024/10/19","12-13",1,"DGS","Raptor","Butastur indicus","Grey-faced Buzzard"
"3356","2024/10/19","12-13",1,"DGS","Raptor","Raptors (unidentified)","Unidentified Raptors"
"3357","2024/10/19","12-13",1,"DGS","Swift","Hirundapus caudacutus","White-throated Needletail"
"3358","2024/10/19","13-14",11,"DGS","Raptor","Tachyspiza gularis","Japanese Sparrowhawk"
"3359","2024/10/19","13-14",17,"DGS","Raptor","Butastur indicus","Grey-faced Buzzard"
"3360","2024/10/19","13-14",1,"DGS","Raptor","Buteo japonicus","Eastern Buzzard"
"3361","2024/10/19","13-14",2,"DGS","Raptor","Falco tinnunculus","Common Kestrel"
"3362","2024/10/19","13-14",2,"DGS","Raptor","Falco subbuteo","Eurasian Hobby"
"3363","2024/10/19","13-14",1,"DGS","Raptor","Falco sp.","Unidentified Falcons"
"3364","2024/10/19","13-14",1,"DGS","Raptor","Raptors (unidentified)","Unidentified Raptors"
"3365","2024/10/19","14-15",3,"DGS","Raptor","Butastur indicus","Grey-faced Buzzard"
"3366","2024/10/19","14-15",1,"DGS","Raptor","Falco tinnunculus","Common Kestrel"
"3367","2024/10/19","14-15",1,"DGS","Raptor","Falco subbuteo","Eurasian Hobby"
"3368","2024/10/19","14-15",1,"DGS","Raptor","Raptors (unidentified)","Unidentified Raptors"
"3369","2024/10/19","15-16",1,"DGS","Raptor","Falco subbuteo","Eurasian Hobby"
"3370","2024/10/19","16-17",1,"DGS","Raptor","Falco tinnunculus","Common Kestrel"
"3371","2024/10/19","17-17:30",2,"DGS","Raptor","Falco subbuteo","Eurasian Hobby"
"3372","2024/10/20","Before 7",1,"DGS","Raptor","Tachyspiza gularis","Japanese Sparrowhawk"
"3373","2024/10/20","Before 7",7,"DGS","Raptor","Butastur indicus","Grey-faced Buzzard"
"3374","2024/10/20","Before 7",1,"DGS","Raptor","Buteo japonicus","Eastern Buzzard"
"3375","2024/10/20","7-8",7,"DGS","Raptor","Tachyspiza gularis","Japanese Sparrowhawk"
"3376","2024/10/20","7-8",2,"DGS","Raptor","Accipiter nisus","Eurasian Sparrowhawk"
"3377","2024/10/20","7-8",2,"DGS","Raptor","Butastur indicus","Grey-faced Buzzard"
"3378","2024/10/20","7-8",1,"DGS","Raptor","Buteo japonicus","Eastern Buzzard"
"3379","2024/10/20","7-8",5,"DGS","Raptor","Raptors (unidentified)","Unidentified Raptors"
"3380","2024/10/20","8-9",1,"DGS","Raptor","Pernis ptilorhynchus","Crested Honey-buzzard"
"3381","2024/10/20","8-9",10,"DGS","Raptor","Tachyspiza gularis","Japanese Sparrowhawk"
"3382","2024/10/20","8-9",2,"DGS","Raptor","Butastur indicus","Grey-faced Buzzard"
"3383","2024/10/20","8-9",2,"DGS","Raptor","Buteo japonicus","Eastern Buzzard"
"3384","2024/10/20","9-10",2,"DGS","Raptor","Lophospiza trivirgata","Crested Goshawk"
"3385","2024/10/20","9-10",17,"DGS","Raptor","Tachyspiza gularis","Japanese Sparrowhawk"
"3386","2024/10/20","9-10",1,"DGS","Raptor","Accipiter nisus","Eurasian Sparrowhawk"
"3387","2024/10/20","9-10",1,"DGS","Raptor","Astur gentilis","Eurasian Goshawk"
"3388","2024/10/20","9-10",5,"DGS","Raptor","Butastur indicus","Grey-faced Buzzard"
"3389","2024/10/20","9-10",1,"DGS","Raptor","Buteo japonicus","Eastern Buzzard"
"3390","2024/10/20","9-10",1,"DGS","Raptor","Raptors (unidentified)","Unidentified Raptors"
"3391","2024/10/20","10-11",7,"DGS","Raptor","Butastur indicus","Grey-faced Buzzard"
"3392","2024/10/20","11-12",1,"DGS","Raptor","Falco subbuteo","Eurasian Hobby"
"3393","2024/10/20","12-13",1,"DGS","Raptor","Tachyspiza gularis","Japanese Sparrowhawk"
"3394","2024/10/20","12-13",1,"DGS","Raptor","Milvus migrans","Black Kite"
"3395","2024/10/20","14-15",1,"DGS","Raptor","Butastur indicus","Grey-faced Buzzard"
"3396","2024/10/20","15-16",2,"DGS","Raptor","Butastur indicus","Grey-faced Buzzard"
"3397","2024/10/20","16-17",1,"DGS","Raptor","Falco subbuteo","Eurasian Hobby"
"3398","2024/10/21","Before 7",1,"DGS","Raptor","Tachyspiza gularis","Japanese Sparrowhawk"
"3399","2024/10/21","7-8",2,"DGS","Raptor","Pernis ptilorhynchus","Crested Honey-buzzard"
"3400","2024/10/21","7-8",1,"DGS","Raptor","Tachyspiza gularis","Japanese Sparrowhawk"
"3401","2024/10/21","7-8",2,"DGS","Raptor","Accipiter nisus","Eurasian Sparrowhawk"
"3402","2024/10/21","7-8",2,"DGS","Raptor","Butastur indicus","Grey-faced Buzzard"
"3403","2024/10/21","7-8",1,"DGS","Raptor","Buteo japonicus","Eastern Buzzard"
"3404","2024/10/21","7-8",1,"DGS","Raptor","Falco subbuteo","Eurasian Hobby"
"3405","2024/10/21","7-8",1,"DGS","Swift","Apus pacificus","Pacific Swift"
"3406","2024/10/21","7-8",1,"DGS","Else","Corvus frugilegus","Rook"
"3407","2024/10/21","8-9",5,"DGS","Raptor","Tachyspiza gularis","Japanese Sparrowhawk"
"3408","2024/10/21","8-9",1,"DGS","Raptor","Astur gentilis","Eurasian Goshawk"
"3409","2024/10/21","8-9",1,"DGS","Raptor","Circus cyaneus","Hen Harrier"
"3410","2024/10/21","8-9",10,"DGS","Raptor","Butastur indicus","Grey-faced Buzzard"
"3411","2024/10/21","8-9",1,"DGS","Raptor","Falco peregrinus","Peregrine Falcon"
"3412","2024/10/21","9-10",1,"DGS","Raptor","Accipiter nisus","Eurasian Sparrowhawk"
"3413","2024/10/21","9-10",2,"DGS","Raptor","Astur gentilis","Eurasian Goshawk"
"3414","2024/10/21","9-10",1,"DGS","Raptor","Falco subbuteo","Eurasian Hobby"
"3415","2024/10/21","9-10",70,"DGS","Else","Turdus obscurus","Eyebrowed Thrush"
"3416","2024/10/21","9-10",200,"DGS","Else","Fringilla montifringilla","Brambling"
"3417","2024/10/21","10-11",1,"DGS","Raptor","Pandion haliaetus","Osprey"
"3418","2024/10/21","10-11",1,"DGS","Raptor","Pernis ptilorhynchus","Crested Honey-buzzard"
"3419","2024/10/21","10-11",4,"DGS","Raptor","Tachyspiza gularis","Japanese Sparrowhawk"
"3420","2024/10/21","10-11",3,"DGS","Raptor","Astur gentilis","Eurasian Goshawk"
"3421","2024/10/21","10-11",6,"DGS","Raptor","Butastur indicus","Grey-faced Buzzard"
"3422","2024/10/21","10-11",2,"DGS","Raptor","Buteo japonicus","Eastern Buzzard"
"3423","2024/10/21","10-11",5,"DGS","Raptor","Falco tinnunculus","Common Kestrel"
"3424","2024/10/21","10-11",1,"DGS","Raptor","Falco subbuteo","Eurasian Hobby"
"3425","2024/10/21","11-12",1,"DGS","Raptor","Pandion haliaetus","Osprey"
"3426","2024/10/21","11-12",1,"DGS","Raptor","Pernis ptilorhynchus","Crested Honey-buzzard"
"3427","2024/10/21","11-12",1,"DGS","Raptor","Lophospiza trivirgata","Crested Goshawk"
"3428","2024/10/21","11-12",8,"DGS","Raptor","Tachyspiza gularis","Japanese Sparrowhawk"
"3429","2024/10/21","11-12",1,"DGS","Raptor","Astur gentilis","Eurasian Goshawk"
"3430","2024/10/21","11-12",146,"DGS","Raptor","Butastur indicus","Grey-faced Buzzard"
"3431","2024/10/21","11-12",1,"DGS","Raptor","Buteo japonicus","Eastern Buzzard"
"3432","2024/10/21","11-12",1,"DGS","Raptor","Falco tinnunculus","Common Kestrel"
"3433","2024/10/21","11-12",1,"DGS","Swift","Hirundapus caudacutus","White-throated Needletail"
"3434","2024/10/21","12-13",4,"DGS","Raptor","Pandion haliaetus","Osprey"
"3435","2024/10/21","12-13",4,"DGS","Raptor","Pernis ptilorhynchus","Crested Honey-buzzard"
"3436","2024/10/21","12-13",7,"DGS","Raptor","Tachyspiza gularis","Japanese Sparrowhawk"
"3437","2024/10/21","12-13",2,"DGS","Raptor","Accipiter nisus","Eurasian Sparrowhawk"
"3438","2024/10/21","12-13",1,"DGS","Raptor","Astur gentilis","Eurasian Goshawk"
"3439","2024/10/21","12-13",277,"DGS","Raptor","Butastur indicus","Grey-faced Buzzard"
"3440","2024/10/21","12-13",1,"DGS","Raptor","Falco amurensis","Amur Falcon"
"3441","2024/10/21","12-13",1,"DGS","Raptor","Raptors (unidentified)","Unidentified Raptors"
"3442","2024/10/21","12-13",30,"DGS","Else","Corvus frugilegus","Rook"
"3443","2024/10/21","13-14",1,"DGS","Raptor","Pandion haliaetus","Osprey"
"3444","2024/10/21","13-14",2,"DGS","Raptor","Pernis ptilorhynchus","Crested Honey-buzzard"
"3445","2024/10/21","13-14",4,"DGS","Raptor","Tachyspiza gularis","Japanese Sparrowhawk"
"3446","2024/10/21","13-14",1,"DGS","Raptor","Accipiter nisus","Eurasian Sparrowhawk"
"3447","2024/10/21","13-14",1,"DGS","Raptor","Circus cyaneus","Hen Harrier"
"3448","2024/10/21","13-14",9,"DGS","Raptor","Butastur indicus","Grey-faced Buzzard"
"3449","2024/10/21","13-14",1,"DGS","Raptor","Buteo japonicus","Eastern Buzzard"
"3450","2024/10/21","13-14",1,"DGS","Raptor","Falco amurensis","Amur Falcon"
"3451","2024/10/21","13-14",2,"DGS","Raptor","Falco subbuteo","Eurasian Hobby"
"3452","2024/10/21","13-14",1,"DGS","Raptor","Falco peregrinus","Peregrine Falcon"
"3453","2024/10/21","14-15",1,"DGS","Raptor","Pandion haliaetus","Osprey"
"3454","2024/10/21","14-15",1,"DGS","Raptor","Pernis ptilorhynchus","Crested Honey-buzzard"
"3455","2024/10/21","14-15",2,"DGS","Raptor","Tachyspiza gularis","Japanese Sparrowhawk"
"3456","2024/10/21","14-15",1,"DGS","Raptor","Accipiter nisus","Eurasian Sparrowhawk"
"3457","2024/10/21","14-15",51,"DGS","Raptor","Butastur indicus","Grey-faced Buzzard"
"3458","2024/10/21","14-15",2,"DGS","Raptor","Falco tinnunculus","Common Kestrel"
"3459","2024/10/21","14-15",1,"DGS","Raptor","Falco amurensis","Amur Falcon"
"3460","2024/10/21","14-15",2,"DGS","Raptor","Falco subbuteo","Eurasian Hobby"
"3461","2024/10/21","14-15",1,"DGS","Raptor","Eagles (unidentified)","Unidentified Eagles"
"3462","2024/10/21","15-16",3,"DGS","Raptor","Pandion haliaetus","Osprey"
"3463","2024/10/21","15-16",6,"DGS","Raptor","Pernis ptilorhynchus","Crested Honey-buzzard"
"3464","2024/10/21","15-16",1,"DGS","Raptor","Milvus migrans","Black Kite"
"3465","2024/10/21","15-16",317,"DGS","Raptor","Butastur indicus","Grey-faced Buzzard"
"3466","2024/10/21","15-16",1,"DGS","Raptor","Buteo japonicus","Eastern Buzzard"
"3467","2024/10/21","15-16",1,"DGS","Raptor","Falco amurensis","Amur Falcon"
"3468","2024/10/21","15-16",2,"DGS","Raptor","Falco subbuteo","Eurasian Hobby"
"3469","2024/10/21","15-16",15,"DGS","Else","Turdus obscurus","Eyebrowed Thrush"
"3470","2024/10/21","16-17",3,"DGS","Raptor","Pandion haliaetus","Osprey"
"3471","2024/10/21","16-17",3,"DGS","Raptor","Pernis ptilorhynchus","Crested Honey-buzzard"
"3472","2024/10/21","16-17",80,"DGS","Raptor","Butastur indicus","Grey-faced Buzzard"
"3473","2024/10/21","16-17",4,"DGS","Raptor","Falco subbuteo","Eurasian Hobby"
"3474","2024/10/21","16-17",1,"DGS","Raptor","Falco peregrinus","Peregrine Falcon"
"3475","2024/10/21","16-17",1,"DGS","Raptor","Falco sp.","Unidentified Falcons"
"3476","2024/10/21","17-17:30",1,"DGS","Raptor","Butastur indicus","Grey-faced Buzzard"
"3477","2024/10/21","17-17:30",1,"DGS","Raptor","Falco subbuteo","Eurasian Hobby"
"3478","2024/10/22","Before 7",2,"DGS","Raptor","Pernis ptilorhynchus","Crested Honey-buzzard"
"3479","2024/10/22","Before 7",1,"DGS","Raptor","Accipiter nisus","Eurasian Sparrowhawk"
"3480","2024/10/22","Before 7",1,"DGS","Raptor","Astur gentilis","Eurasian Goshawk"
"3481","2024/10/22","Before 7",2,"DGS","Raptor","Butastur indicus","Grey-faced Buzzard"
"3482","2024/10/22","7-8",6,"DGS","Raptor","Pernis ptilorhynchus","Crested Honey-buzzard"
"3483","2024/10/22","7-8",9,"DGS","Raptor","Tachyspiza gularis","Japanese Sparrowhawk"
"3484","2024/10/22","7-8",3,"DGS","Raptor","Accipiter nisus","Eurasian Sparrowhawk"
"3485","2024/10/22","7-8",1,"DGS","Raptor","Circus melanoleucos","Pied Harrier"
"3486","2024/10/22","7-8",2,"DGS","Raptor","Butastur indicus","Grey-faced Buzzard"
"3487","2024/10/22","7-8",1,"DGS","Raptor","Buteo japonicus","Eastern Buzzard"
"3488","2024/10/22","8-9",2,"DGS","Raptor","Pernis ptilorhynchus","Crested Honey-buzzard"
"3489","2024/10/22","8-9",1,"DGS","Raptor","Lophospiza trivirgata","Crested Goshawk"
"3490","2024/10/22","8-9",6,"DGS","Raptor","Tachyspiza gularis","Japanese Sparrowhawk"
"3491","2024/10/22","8-9",5,"DGS","Raptor","Accipiter nisus","Eurasian Sparrowhawk"
"3492","2024/10/22","8-9",2,"DGS","Raptor","Astur gentilis","Eurasian Goshawk"
"3493","2024/10/22","8-9",1,"DGS","Raptor","Buteo japonicus","Eastern Buzzard"
"3494","2024/10/22","8-9",2,"DGS","Raptor","Falco tinnunculus","Common Kestrel"
"3495","2024/10/22","8-9",1,"DGS","Raptor","Raptors (unidentified)","Unidentified Raptors"
"3496","2024/10/22","9-10",1,"DGS","Raptor","Pernis ptilorhynchus","Crested Honey-buzzard"
"3497","2024/10/22","9-10",4,"DGS","Raptor","Tachyspiza gularis","Japanese Sparrowhawk"
"3498","2024/10/22","9-10",2,"DGS","Raptor","Accipiter nisus","Eurasian Sparrowhawk"
"3499","2024/10/22","9-10",5,"DGS","Raptor","Astur gentilis","Eurasian Goshawk"
"3500","2024/10/22","9-10",4,"DGS","Raptor","Butastur indicus","Grey-faced Buzzard"
"3501","2024/10/22","9-10",6,"DGS","Raptor","Buteo japonicus","Eastern Buzzard"
"3502","2024/10/22","9-10",1,"DGS","Raptor","Falco tinnunculus","Common Kestrel"
"3503","2024/10/22","9-10",3,"DGS","Raptor","Falco amurensis","Amur Falcon"
"3504","2024/10/22","9-10",1,"DGS","Raptor","Falco subbuteo","Eurasian Hobby"
"3505","2024/10/22","9-10",2,"DGS","Raptor","Raptors (unidentified)","Unidentified Raptors"
"3506","2024/10/22","10-11",1,"DGS","Raptor","Pandion haliaetus","Osprey"
"3507","2024/10/22","10-11",1,"DGS","Raptor","Pernis ptilorhynchus","Crested Honey-buzzard"
"3508","2024/10/22","10-11",18,"DGS","Raptor","Tachyspiza gularis","Japanese Sparrowhawk"
"3509","2024/10/22","10-11",4,"DGS","Raptor","Accipiter nisus","Eurasian Sparrowhawk"
"3510","2024/10/22","10-11",3,"DGS","Raptor","Astur gentilis","Eurasian Goshawk"
"3511","2024/10/22","10-11",3,"DGS","Raptor","Butastur indicus","Grey-faced Buzzard"
"3512","2024/10/22","10-11",2,"DGS","Raptor","Buteo japonicus","Eastern Buzzard"
"3513","2024/10/22","10-11",1,"DGS","Raptor","Falco tinnunculus","Common Kestrel"
"3514","2024/10/22","10-11",2,"DGS","Raptor","Falco subbuteo","Eurasian Hobby"
"3515","2024/10/22","10-11",1,"DGS","Raptor","Falco peregrinus","Peregrine Falcon"
"3516","2024/10/22","11-12",1,"DGS","Raptor","Pernis ptilorhynchus","Crested Honey-buzzard"
"3517","2024/10/22","11-12",13,"DGS","Raptor","Tachyspiza gularis","Japanese Sparrowhawk"
"3518","2024/10/22","11-12",1,"DGS","Raptor","Astur gentilis","Eurasian Goshawk"
"3519","2024/10/22","11-12",1,"DGS","Raptor","Butastur indicus","Grey-faced Buzzard"
"3520","2024/10/22","11-12",8,"DGS","Raptor","Buteo japonicus","Eastern Buzzard"
"3521","2024/10/22","11-12",3,"DGS","Raptor","Falco amurensis","Amur Falcon"
"3522","2024/10/22","11-12",1,"DGS","Raptor","Falco subbuteo","Eurasian Hobby"
"3523","2024/10/22","11-12",2,"DGS","Raptor","Falco peregrinus","Peregrine Falcon"
"3524","2024/10/22","12-13",2,"DGS","Raptor","Pernis ptilorhynchus","Crested Honey-buzzard"
"3525","2024/10/22","12-13",3,"DGS","Raptor","Tachyspiza gularis","Japanese Sparrowhawk"
"3526","2024/10/22","12-13",1,"DGS","Raptor","Accipiter nisus","Eurasian Sparrowhawk"
"3527","2024/10/22","12-13",1,"DGS","Raptor","Buteo japonicus","Eastern Buzzard"
"3528","2024/10/22","12-13",1,"DGS","Raptor","Falco subbuteo","Eurasian Hobby"
"3529","2024/10/22","12-13",1,"DGS","Raptor","Falco peregrinus","Peregrine Falcon"
"3530","2024/10/22","12-13",1,"DGS","Raptor","Eagles (unidentified)","Unidentified Eagles"
"3531","2024/10/22","12-13",1,"DGS","Raptor","Raptors (unidentified)","Unidentified Raptors"
"3532","2024/10/22","13-14",1,"DGS","Raptor","Pandion haliaetus","Osprey"
"3533","2024/10/22","13-14",2,"DGS","Raptor","Pernis ptilorhynchus","Crested Honey-buzzard"
"3534","2024/10/22","13-14",6,"DGS","Raptor","Tachyspiza gularis","Japanese Sparrowhawk"
"3535","2024/10/22","13-14",6,"DGS","Raptor","Accipiter nisus","Eurasian Sparrowhawk"
"3536","2024/10/22","13-14",2,"DGS","Raptor","Astur gentilis","Eurasian Goshawk"
"3537","2024/10/22","13-14",12,"DGS","Raptor","Butastur indicus","Grey-faced Buzzard"
"3538","2024/10/22","13-14",1,"DGS","Raptor","Buteo japonicus","Eastern Buzzard"
"3539","2024/10/22","13-14",4,"DGS","Raptor","Falco subbuteo","Eurasian Hobby"
"3540","2024/10/22","13-14",1,"DGS","Raptor","Raptors (unidentified)","Unidentified Raptors"
"3541","2024/10/22","14-15",6,"DGS","Raptor","Pernis ptilorhynchus","Crested Honey-buzzard"
"3542","2024/10/22","14-15",2,"DGS","Raptor","Tachyspiza gularis","Japanese Sparrowhawk"
"3543","2024/10/22","14-15",3,"DGS","Raptor","Accipiter nisus","Eurasian Sparrowhawk"
"3544","2024/10/22","14-15",1,"DGS","Raptor","Astur gentilis","Eurasian Goshawk"
"3545","2024/10/22","14-15",6,"DGS","Raptor","Butastur indicus","Grey-faced Buzzard"
"3546","2024/10/22","14-15",1,"DGS","Raptor","Buteo japonicus","Eastern Buzzard"
"3547","2024/10/22","14-15",2,"DGS","Raptor","Falco tinnunculus","Common Kestrel"
"3548","2024/10/22","14-15",4,"DGS","Raptor","Falco amurensis","Amur Falcon"
"3549","2024/10/22","14-15",1,"DGS","Raptor","Falco subbuteo","Eurasian Hobby"
"3550","2024/10/22","14-15",2,"DGS","Raptor","Falco peregrinus","Peregrine Falcon"
"3551","2024/10/22","14-15",1,"DGS","Raptor","Falco sp.","Unidentified Falcons"
"3552","2024/10/22","14-15",2,"DGS","Raptor","Raptors (unidentified)","Unidentified Raptors"
"3553","2024/10/22","15-16",3,"DGS","Raptor","Pernis ptilorhynchus","Crested Honey-buzzard"
"3554","2024/10/22","15-16",8,"DGS","Raptor","Tachyspiza gularis","Japanese Sparrowhawk"
"3555","2024/10/22","15-16",1,"DGS","Raptor","Accipiter nisus","Eurasian Sparrowhawk"
"3556","2024/10/22","15-16",1,"DGS","Raptor","Buteo japonicus","Eastern Buzzard"
"3557","2024/10/22","15-16",4,"DGS","Raptor","Falco amurensis","Amur Falcon"
"3558","2024/10/22","15-16",10,"DGS","Raptor","Falco subbuteo","Eurasian Hobby"
"3559","2024/10/22","15-16",2,"DGS","Raptor","Falco peregrinus","Peregrine Falcon"
"3560","2024/10/22","15-16",1,"DGS","Raptor","Falco sp.","Unidentified Falcons"
"3561","2024/10/22","15-16",1,"DGS","Raptor","Raptors (unidentified)","Unidentified Raptors"
"3562","2024/10/22","16-17",11,"DGS","Raptor","Pernis ptilorhynchus","Crested Honey-buzzard"
"3563","2024/10/22","16-17",1,"DGS","Raptor","Tachyspiza gularis","Japanese Sparrowhawk"
"3564","2024/10/22","16-17",2,"DGS","Raptor","Astur gentilis","Eurasian Goshawk"
"3565","2024/10/22","16-17",2,"DGS","Raptor","Buteo japonicus","Eastern Buzzard"
"3566","2024/10/22","16-17",7,"DGS","Raptor","Falco subbuteo","Eurasian Hobby"
"3567","2024/10/22","16-17",1,"DGS","Raptor","Other Raptors","Other Raptors"
"3568","2024/10/22","16-17",1,"DGS","Raptor","Raptors (unidentified)","Unidentified Raptors"
"3569","2024/10/22","16-17",9,"DGS","Else","Delichon dasypus/lagopodum","Asian/Siberian House Martin"
"3570","2024/10/23","Before 7",2,"DGS","Raptor","Pernis ptilorhynchus","Crested Honey-buzzard"
"3571","2024/10/23","Before 7",1,"DGS","Raptor","Tachyspiza gularis","Japanese Sparrowhawk"
"3572","2024/10/23","Before 7",1,"DGS","Raptor","Accipiter nisus","Eurasian Sparrowhawk"
"3573","2024/10/23","7-8",7,"DGS","Raptor","Tachyspiza gularis","Japanese Sparrowhawk"
"3574","2024/10/23","7-8",3,"DGS","Raptor","Accipiter nisus","Eurasian Sparrowhawk"
"3575","2024/10/23","7-8",1,"DGS","Raptor","Butastur indicus","Grey-faced Buzzard"
"3576","2024/10/23","7-8",6,"DGS","Raptor","Buteo japonicus","Eastern Buzzard"
"3577","2024/10/23","7-8",1,"DGS","Raptor","Falco tinnunculus","Common Kestrel"
"3578","2024/10/23","7-8",1,"DGS","Raptor","Falco amurensis","Amur Falcon"
"3579","2024/10/23","7-8",2,"DGS","Raptor","Raptors (unidentified)","Unidentified Raptors"
"3580","2024/10/23","8-9",2,"DGS","Raptor","Tachyspiza gularis","Japanese Sparrowhawk"
"3581","2024/10/23","8-9",1,"DGS","Raptor","Accipiter nisus","Eurasian Sparrowhawk"
"3582","2024/10/23","8-9",7,"DGS","Raptor","Buteo japonicus","Eastern Buzzard"
"3583","2024/10/23","8-9",3,"DGS","Raptor","Eagles (unidentified)","Unidentified Eagles"
"3584","2024/10/23","9-10",3,"DGS","Raptor","Tachyspiza gularis","Japanese Sparrowhawk"
"3585","2024/10/23","9-10",1,"DGS","Raptor","Accipiter nisus","Eurasian Sparrowhawk"
"3586","2024/10/23","9-10",2,"DGS","Raptor","Buteo japonicus","Eastern Buzzard"
"3587","2024/10/23","9-10",1,"DGS","Else","Delichon dasypus/lagopodum","Asian/Siberian House Martin"
"3588","2024/10/23","10-11",2,"DGS","Raptor","Tachyspiza gularis","Japanese Sparrowhawk"
"3589","2024/10/23","10-11",1,"DGS","Raptor","Accipiter nisus","Eurasian Sparrowhawk"
"3590","2024/10/23","10-11",4,"DGS","Raptor","Buteo japonicus","Eastern Buzzard"
"3591","2024/10/23","10-11",1,"DGS","Raptor","Falco amurensis","Amur Falcon"
"3592","2024/10/23","10-11",1,"DGS","Raptor","Falco subbuteo","Eurasian Hobby"
"3593","2024/10/23","10-11",1,"DGS","Raptor","Spilornis cheela","Crested Serpent Eagle"
"3594","2024/10/23","11-12",2,"DGS","Raptor","Accipiter nisus","Eurasian Sparrowhawk"
"3595","2024/10/23","11-12",3,"DGS","Raptor","Buteo japonicus","Eastern Buzzard"
"3596","2024/10/23","11-12",1,"DGS","Raptor","Falco subbuteo","Eurasian Hobby"
"3597","2024/10/23","11-12",1,"DGS","Raptor","Raptors (unidentified)","Unidentified Raptors"
"3598","2024/10/23","12-13",1,"DGS","Raptor","Tachyspiza gularis","Japanese Sparrowhawk"
"3599","2024/10/23","12-13",1,"DGS","Raptor","Astur gentilis","Eurasian Goshawk"
"3600","2024/10/23","12-13",1,"DGS","Raptor","Butastur indicus","Grey-faced Buzzard"
"3601","2024/10/23","12-13",3,"DGS","Raptor","Buteo japonicus","Eastern Buzzard"
"3602","2024/10/23","13-14",2,"DGS","Raptor","Buteo japonicus","Eastern Buzzard"
"3603","2024/10/23","14-15",1,"DGS","Raptor","Accipiter nisus","Eurasian Sparrowhawk"
"3604","2024/10/23","14-15",1,"DGS","Raptor","Buteo japonicus","Eastern Buzzard"
"3605","2024/10/23","14-15",1,"DGS","Raptor","Falco subbuteo","Eurasian Hobby"
"3606","2024/10/23","15-16",1,"DGS","Raptor","Falco subbuteo","Eurasian Hobby"
"3607","2024/10/23","16-17",1,"DGS","Raptor","Falco subbuteo","Eurasian Hobby"
"3608","2024/10/23","16-17",1,"DGS","Raptor","Eagles (unidentified)","Unidentified Eagles"
"3609","2024/10/24","Before 7",1,"DGS","Raptor","Tachyspiza gularis","Japanese Sparrowhawk"
"3610","2024/10/24","Before 7",1,"DGS","Raptor","Falco tinnunculus","Common Kestrel"
"3611","2024/10/24","Before 7",1,"DGS","Raptor","Raptors (unidentified)","Unidentified Raptors"
"3612","2024/10/24","Before 7",1,"DGS","Swift","Hirundapus caudacutus","White-throated Needletail"
"3613","2024/10/24","7-8",1,"DGS","Raptor","Tachyspiza gularis","Japanese Sparrowhawk"
"3614","2024/10/24","7-8",3,"DGS","Raptor","Accipiter nisus","Eurasian Sparrowhawk"
"3615","2024/10/24","7-8",1,"DGS","Raptor","Falco subbuteo","Eurasian Hobby"
"3616","2024/10/24","7-8",1,"DGS","Raptor","Raptors (unidentified)","Unidentified Raptors"
"3617","2024/10/24","8-9",1,"DGS","Raptor","Lophospiza trivirgata","Crested Goshawk"
"3618","2024/10/24","8-9",1,"DGS","Raptor","Tachyspiza gularis","Japanese Sparrowhawk"
"3619","2024/10/24","8-9",2,"DGS","Raptor","Accipiter nisus","Eurasian Sparrowhawk"
"3620","2024/10/24","8-9",1,"DGS","Raptor","Butastur indicus","Grey-faced Buzzard"
"3621","2024/10/24","8-9",2,"DGS","Raptor","Buteo japonicus","Eastern Buzzard"
"3622","2024/10/24","8-9",1,"DGS","Raptor","Falco subbuteo","Eurasian Hobby"
"3623","2024/10/24","8-9",1,"DGS","Raptor","Falco peregrinus","Peregrine Falcon"
"3624","2024/10/24","8-9",1,"DGS","Raptor","Falco sp.","Unidentified Falcons"
"3625","2024/10/24","9-10",1,"DGS","Raptor","Butastur indicus","Grey-faced Buzzard"
"3626","2024/10/24","9-10",3,"DGS","Raptor","Buteo japonicus","Eastern Buzzard"
"3627","2024/10/24","9-10",1,"DGS","Raptor","Falco amurensis","Amur Falcon"
"3628","2024/10/24","10-11",1,"DGS","Raptor","Tachyspiza gularis","Japanese Sparrowhawk"
"3629","2024/10/24","10-11",1,"DGS","Raptor","Butastur indicus","Grey-faced Buzzard"
"3630","2024/10/24","10-11",1,"DGS","Raptor","Falco tinnunculus","Common Kestrel"
"3631","2024/10/24","10-11",1,"DGS","Raptor","Falco subbuteo","Eurasian Hobby"
"3632","2024/10/24","10-11",1,"DGS","Raptor","Falco peregrinus","Peregrine Falcon"
"3633","2024/10/24","11-12",3,"DGS","Raptor","Tachyspiza gularis","Japanese Sparrowhawk"
"3634","2024/10/24","11-12",1,"DGS","Raptor","Raptors (unidentified)","Unidentified Raptors"
"3635","2024/10/24","12-13",3,"DGS","Raptor","Tachyspiza gularis","Japanese Sparrowhawk"
"3636","2024/10/24","12-13",1,"DGS","Raptor","Buteo japonicus","Eastern Buzzard"
"3637","2024/10/24","12-13",2,"DGS","Raptor","Falco tinnunculus","Common Kestrel"
"3638","2024/10/24","13-14",1,"DGS","Raptor","Falco amurensis","Amur Falcon"
"3639","2024/10/24","14-15",1,"DGS","Raptor","Butastur indicus","Grey-faced Buzzard"
"3640","2024/10/24","14-15",1,"DGS","Raptor","Buteo japonicus","Eastern Buzzard"
"3641","2024/10/24","15-16",1,"DGS","Raptor","Accipiter nisus","Eurasian Sparrowhawk"
"3642","2024/10/24","16-17",1,"DGS","Raptor","Falco amurensis","Amur Falcon"
"3643","2024/10/24","17-17:30",2,"DGS","Raptor","Falco sp.","Unidentified Falcons"
"3644","2024/10/25","Before 7",1,"DGS","Raptor","Pernis ptilorhynchus","Crested Honey-buzzard"
"3645","2024/10/25","Before 7",3,"DGS","Raptor","Raptors (unidentified)","Unidentified Raptors"
"3646","2024/10/25","7-8",1,"DGS","Raptor","Pernis ptilorhynchus","Crested Honey-buzzard"
"3647","2024/10/25","7-8",3,"DGS","Raptor","Tachyspiza gularis","Japanese Sparrowhawk"
"3648","2024/10/25","7-8",1,"DGS","Raptor","Astur gentilis","Eurasian Goshawk"
"3649","2024/10/25","7-8",2,"DGS","Raptor","Buteo japonicus","Eastern Buzzard"
"3650","2024/10/25","7-8",2,"DGS","Raptor","Falco tinnunculus","Common Kestrel"
"3651","2024/10/25","8-9",1,"DGS","Raptor","Pernis ptilorhynchus","Crested Honey-buzzard"
"3652","2024/10/25","8-9",2,"DGS","Raptor","Tachyspiza gularis","Japanese Sparrowhawk"
"3653","2024/10/25","8-9",2,"DGS","Raptor","Accipiter nisus","Eurasian Sparrowhawk"
"3654","2024/10/25","8-9",2,"DGS","Raptor","Astur gentilis","Eurasian Goshawk"
"3655","2024/10/25","8-9",2,"DGS","Raptor","Buteo japonicus","Eastern Buzzard"
"3656","2024/10/25","8-9",1,"DGS","Swift","Hirundapus caudacutus","White-throated Needletail"
"3657","2024/10/25","9-10",1,"DGS","Raptor","Tachyspiza gularis","Japanese Sparrowhawk"
"3658","2024/10/25","9-10",3,"DGS","Raptor","Accipiter nisus","Eurasian Sparrowhawk"
"3659","2024/10/25","9-10",1,"DGS","Raptor","Butastur indicus","Grey-faced Buzzard"
"3660","2024/10/25","9-10",2,"DGS","Raptor","Buteo japonicus","Eastern Buzzard"
"3661","2024/10/25","10-11",2,"DGS","Raptor","Pernis ptilorhynchus","Crested Honey-buzzard"
"3662","2024/10/25","10-11",1,"DGS","Raptor","Lophospiza trivirgata","Crested Goshawk"
"3663","2024/10/25","10-11",2,"DGS","Raptor","Tachyspiza gularis","Japanese Sparrowhawk"
"3664","2024/10/25","10-11",2,"DGS","Raptor","Accipiter nisus","Eurasian Sparrowhawk"
"3665","2024/10/25","10-11",1,"DGS","Raptor","Butastur indicus","Grey-faced Buzzard"
"3666","2024/10/25","10-11",7,"DGS","Raptor","Buteo japonicus","Eastern Buzzard"
"3667","2024/10/25","10-11",1,"DGS","Raptor","Falco peregrinus","Peregrine Falcon"
"3668","2024/10/25","11-12",2,"DGS","Raptor","Butastur indicus","Grey-faced Buzzard"
"3669","2024/10/25","11-12",3,"DGS","Raptor","Buteo japonicus","Eastern Buzzard"
"3670","2024/10/25","11-12",1,"DGS","Raptor","Falco subbuteo","Eurasian Hobby"
"3671","2024/10/25","12-13",1,"DGS","Raptor","Buteo japonicus","Eastern Buzzard"
"3672","2024/10/25","12-13",1,"DGS","Raptor","Falco amurensis","Amur Falcon"
"3673","2024/10/25","15-16",2,"DGS","Raptor","Raptors (unidentified)","Unidentified Raptors"
"3674","2024/10/26","11-12",2,"DGS","Raptor","Raptors (unidentified)","Unidentified Raptors"
"3675","2024/10/26","11-12",1,"DGS","Swift","Hirundapus caudacutus","White-throated Needletail"
"3676","2024/10/26","12-13",6,"DGS","Raptor","Buteo japonicus","Eastern Buzzard"
"3677","2024/10/26","12-13",1,"DGS","Raptor","Falco subbuteo","Eurasian Hobby"
"3678","2024/10/26","12-13",1,"DGS","Raptor","Eagles (unidentified)","Unidentified Eagles"
"3679","2024/10/26","12-13",1,"DGS","Raptor","Falco sp.","Unidentified Falcons"
"3680","2024/10/27","7-8",1,"DGS","Raptor","Accipiter nisus","Eurasian Sparrowhawk"
"3681","2024/10/27","7-8",1,"DGS","Raptor","Butastur indicus","Grey-faced Buzzard"
"3682","2024/10/27","7-8",3,"DGS","Raptor","Buteo japonicus","Eastern Buzzard"
"3683","2024/10/27","7-8",1,"DGS","Raptor","Raptors (unidentified)","Unidentified Raptors"
"3684","2024/10/27","7-8",3,"DGS","Else","Riparia riparia","Sand Martin"
"3685","2024/10/27","8-9",1,"DGS","Raptor","Tachyspiza gularis","Japanese Sparrowhawk"
"3686","2024/10/27","9-10",1,"DGS","Raptor","Accipiter nisus","Eurasian Sparrowhawk"
"3687","2024/10/27","9-10",2,"DGS","Raptor","Buteo japonicus","Eastern Buzzard"
"3688","2024/10/27","9-10",2,"DGS","Raptor","Falco peregrinus","Peregrine Falcon"
"3689","2024/10/27","10-11",2,"DGS","Raptor","Accipiter nisus","Eurasian Sparrowhawk"
"3690","2024/10/27","11-12",1,"DGS","Raptor","Pandion haliaetus","Osprey"
"3691","2024/10/27","11-12",1,"DGS","Raptor","Tachyspiza gularis","Japanese Sparrowhawk"
"3692","2024/10/27","11-12",1,"DGS","Raptor","Butastur indicus","Grey-faced Buzzard"
"3693","2024/10/27","12-13",2,"DGS","Swift","Hirundapus caudacutus","White-throated Needletail"
"3694","2024/10/27","13-14",1,"DGS","Raptor","Pandion haliaetus","Osprey"
"3695","2024/10/27","13-14",3,"DGS","Raptor","Accipiter nisus","Eurasian Sparrowhawk"
"3696","2024/10/27","13-14",2,"DGS","Raptor","Buteo japonicus","Eastern Buzzard"
"3697","2024/10/27","13-14",1,"DGS","Raptor","Falco peregrinus","Peregrine Falcon"
"3698","2024/10/27","14-15",2,"DGS","Raptor","Pernis ptilorhynchus","Crested Honey-buzzard"
"3699","2024/10/27","14-15",2,"DGS","Raptor","Tachyspiza gularis","Japanese Sparrowhawk"
"3700","2024/10/27","14-15",1,"DGS","Raptor","Accipiter nisus","Eurasian Sparrowhawk"
"3701","2024/10/27","14-15",1,"DGS","Raptor","Astur gentilis","Eurasian Goshawk"
"3702","2024/10/27","14-15",5,"DGS","Raptor","Buteo japonicus","Eastern Buzzard"
"3703","2024/10/27","14-15",5,"DGS","Raptor","Falco subbuteo","Eurasian Hobby"
"3704","2024/10/27","15-16",1,"DGS","Raptor","Accipiter nisus","Eurasian Sparrowhawk"
"3705","2024/10/27","15-16",1,"DGS","Raptor","Falco amurensis","Amur Falcon"
"3706","2024/10/27","15-16",2,"DGS","Raptor","Falco subbuteo","Eurasian Hobby"
"3707","2024/10/27","15-16",1,"DGS","Raptor","Falco peregrinus","Peregrine Falcon"
"3708","2024/10/27","16-17",2,"DGS","Raptor","Buteo japonicus","Eastern Buzzard"
"3709","2024/10/27","16-17",1,"DGS","Raptor","Falco amurensis","Amur Falcon"
"3710","2024/10/27","16-17",1,"DGS","Raptor","Raptors (unidentified)","Unidentified Raptors"
"3711","2025/9/10","Before 6",2,"DGS","Swift","Hirundapus caudacutus","White-throated Needletail"
"3712","2025/9/10","Before 6",1,"DGS","Else","Dendronanthus indicus","Forest Wagtail"
"3713","2023/9/16","6-7",9,"DGS","Swift","Hirundapus caudacutus","White-throated Needletail"
"3714","2023/9/16","6-7",2,"DGS","Else","Dendronanthus indicus","Forest Wagtail"
"3715","2023/9/16","6-7",1,"DGS","Else","Anthus gustavi","Pechora Pipit"
"3716","2023/9/16","6-7",16,"DGS","Else","Spodiopsar cineraceus","White-cheeked Starling"
"3717","2023/9/16","6-7",2,"DGS","Else","Ardea cinerea","Grey Heron"
"3718","2023/9/16","6-7",3,"DGS","Else","Motacilla tschutschensis","Eastern Yellow Wagtail"
"3719","2023/9/16","6-7",1,"DGS","Else","Agropsar sturninus","Daurian Starling"
"3720","2023/9/16","6-7",6,"DGS","Else","Ardea coromanda","Eastern Cattle Egret"
"3721","2023/9/16","6-7",2,"DGS","Else","Pericrocotus cantonensis","Swinhoe's Minivet"
"3722","2023/9/16","6-7",2,"DGS","Else","Lanius cristatus","Brown Shrike"
"3723","2023/9/16","7-8",1,"DGS","Raptor","Lophospiza trivirgata","Crested Goshawk"
"3724","2023/9/16","7-8",4,"DGS","Swift","Hirundapus caudacutus","White-throated Needletail"
"3725","2023/9/16","7-8",2,"DGS","Swift","Aerodramus sp.","Swiftlets"
"3726","2025/9/10","7-8",2,"DGS","Else","Monticola solitarius","Blue Rock Thrush"
"3727","2025/9/10","7-8",3,"DGS","Else","Sturnia sinensis","White-shouldered Starling"
"3728","2025/9/10","7-8",2,"DGS","Else","Agropsar sturninus","Daurian Starling"
"3729","2023/9/16","8-9",13,"DGS","Swift","Hirundapus caudacutus","White-throated Needletail"
"3730","2023/9/16","8-9",1,"DGS","Else","Cuculus canorus","Common Cuckoo"
"3731","2023/9/16","8-9",1,"DGS","Else","Eophona migratoria","Chinese Grosbeak"
"3732","2023/9/16","9-10",3,"DGS","Raptor","Tachyspiza soloensis","Chinese Sparrowhawk"
"3733","2023/9/16","9-10",2,"DGS","Raptor","Butastur indicus","Grey-faced Buzzard"
"3734","2023/9/16","9-10",1,"DGS","Raptor","Falco tinnunculus","Common Kestrel"
"3735","2023/9/16","9-10",2,"DGS","Swift","Hirundapus caudacutus","White-throated Needletail"
"3736","2023/9/16","9-10",1,"DGS","Else","Motacilla tschutschensis","Eastern Yellow Wagtail"
"3737","2023/9/16","9-10",2,"DGS","Else","Motacilla cinerea","Grey Wagtail"
"3738","2023/9/16","10-11",1,"DGS","Raptor","Lophospiza trivirgata","Crested Goshawk"
"3739","2023/9/16","10-11",1,"DGS","Raptor","Tachyspiza soloensis","Chinese Sparrowhawk"
"3740","2023/9/16","10-11",4,"DGS","Else","Motacilla cinerea","Grey Wagtail"
"3741","2023/9/16","11-12",1,"DGS","Raptor","Tachyspiza soloensis","Chinese Sparrowhawk"
"3742","2025/9/10","11-12",6,"DGS","Else","Motacilla tschutschensis","Eastern Yellow Wagtail"
"3743","2025/9/10","11-12",8,"DGS","Else","Pericrocotus cantonensis","Swinhoe's Minivet"
"3744","2025/9/10","13-14",1,"DGS","Else","Phylloscopus borealis","Arctic Warbler"
"3745","2023/9/16","14-15",1,"DGS","Raptor","Falco tinnunculus","Common Kestrel"
"3746","2023/9/16","14-15",1,"DGS","Swift","Aerodramus sp.","Swiftlets"
"3747","2023/9/16","14-15",1,"DGS","Else","Motacilla cinerea","Grey Wagtail"
"3748","2023/9/16","14-15",14,"DGS","Else","Ardea coromanda","Eastern Cattle Egret"
"3749","2023/9/16","15-16",2,"DGS","Swift","Aerodramus sp.","Swiftlets"
"3750","2023/9/16","15-16",1,"DGS","Else","Phylloscopus borealis","Arctic Warbler"
"3751","2023/9/16","16-17",2,"DGS","Else","Numenius phaeopus","Eurasian Whimbrel"
"3752","2023/9/16","16-17",1,"DGS","Else","Ardea intermedia","Intermediate Egret"
"3753","2023/9/16","16-17",1,"DGS","Else","Ardea cinerea","Grey Heron"
"3754","2023/9/16","After 17",1,"DGS","Swift","Aerodramus sp.","Swiftlets"
"3755","2025/9/11","Before 6",4,"DGS","Else","Sturnia sinensis","White-shouldered Starling"
"3756","2025/9/11","6-7",4,"DGS","Else","Anthus gustavi","Pechora Pipit"
"3757","2025/9/11","6-7",2,"DGS","Else","Motacilla cinerea","Grey Wagtail"
"3758","2025/9/11","6-7",1,"DGS","Else","Motacilla tschutschensis","Eastern Yellow Wagtail"
"3759","2025/9/11","6-7",5,"DGS","Else","Muscicapa dauurica","Asian Brown Flycatcher"
"3760","2025/9/11","6-7",15,"DGS","Else","Ardea coromanda","Eastern Cattle Egret"
"3761","2025/9/11","6-7",3,"DGS","Else","Egretta garzetta","Little Egret"
"3762","2025/9/11","6-7",1,"DGS","Else","Dendronanthus indicus","Forest Wagtail"
"3763","2025/9/11","6-7",5,"DGS","Else","Spodiopsar cineraceus","White-cheeked Starling"
"3764","2025/9/11","6-7",1,"DGS","Else","Cisticola juncidis","Zitting Cisticola"
"3765","2025/9/11","6-7",1,"DGS","Else","Ardea cinerea","Grey Heron"
"3766","2025/9/11","6-7",2,"DGS","Else","Oriolus chinensis","Black-naped Oriole"
"3767","2025/9/11","7-8",1,"DGS","Raptor","Eagles (unidentified)","Unidentified Eagles"
"3768","2025/9/11","7-8",3,"DGS","Swift","Hirundapus caudacutus","White-throated Needletail"
"3769","2025/9/11","7-8",1,"DGS","Else","Egretta garzetta","Little Egret"
"3770","2025/9/11","7-8",1,"DGS","Else","Ardea intermedia","Intermediate Egret"
"3771","2025/9/11","7-8",6,"DGS","Else","Ardea alba","Great Egret"
"3772","2025/9/11","7-8",42,"DGS","Else","Ardea coromanda","Eastern Cattle Egret"
"3773","2025/9/11","7-8",2,"DGS","Else","Ardea cinerea","Grey Heron"
"3774","2025/9/11","7-8",3,"DGS","Else","Motacilla tschutschensis","Eastern Yellow Wagtail"
"3775","2025/9/11","7-8",1,"DGS","Else","Motacilla cinerea","Grey Wagtail"
"3776","2025/9/11","7-8",1,"DGS","Else","Tringa nebularia","Common Greenshank"
"3777","2025/9/11","7-8",9,"DGS","Else","Eophona migratoria","Chinese Grosbeak"
"3778","2025/9/11","8-9",3,"DGS","Raptor","Falco tinnunculus","Common Kestrel"
"3779","2025/9/11","8-9",1,"DGS","Raptor","Falco subbuteo","Eurasian Hobby"
"3780","2025/9/11","8-9",1,"DGS","Swift","Aerodramus sp.","Swiftlets"
"3781","2025/9/11","8-9",4,"DGS","Else","Ardea intermedia","Intermediate Egret"
"3782","2025/9/11","8-9",1,"DGS","Else","Ardea cinerea","Grey Heron"
"3783","2025/9/11","8-9",16,"DGS","Else","Ardea coromanda","Eastern Cattle Egret"
"3784","2025/9/11","8-9",2,"DGS","Else","Motacilla cinerea","Grey Wagtail"
"3785","2025/9/11","8-9",3,"DGS","Else","Dendronanthus indicus","Forest Wagtail"
"3786","2025/9/11","8-9",18,"DGS","Else","Eophona migratoria","Chinese Grosbeak"
"3787","2025/9/11","8-9",1,"DGS","Else","Emberiza chrysophrys","Yellow-browed Bunting"
"3788","2025/9/11","8-9",1,"DGS","Else","Emberiza aureola","Yellow-breasted Bunting"
"3789","2025/9/11","9-10",3,"DGS","Raptor","Lophospiza trivirgata","Crested Goshawk"
"3790","2025/9/11","9-10",2,"DGS","Raptor","Butastur indicus","Grey-faced Buzzard"
"3791","2025/9/11","9-10",1,"DGS","Swift","Aerodramus sp.","Swiftlets"
"3792","2025/9/11","9-10",1,"DGS","Else","Anthus gustavi","Pechora Pipit"
"3793","2025/9/11","9-10",2,"DGS","Else","Motacilla tschutschensis","Eastern Yellow Wagtail"
"3794","2025/9/11","9-10",1,"DGS","Else","Motacilla cinerea","Grey Wagtail"
"3795","2025/9/11","9-10",4,"DGS","Else","Monticola solitarius","Blue Rock Thrush"
"3796","2025/9/11","9-10",1,"DGS","Else","Oriolus chinensis","Black-naped Oriole"
"3797","2025/9/11","9-10",7,"DGS","Else","Eurystomus orientalis","Oriental Dollarbird"
"3798","2025/9/11","10-11",1,"DGS","Raptor","Butastur indicus","Grey-faced Buzzard"
"3799","2025/9/11","10-11",1,"DGS","Raptor","Falco subbuteo","Eurasian Hobby"
"3800","2025/9/11","10-11",1,"DGS","Raptor","Falco sp.","Unidentified Falcons"
"3801","2025/9/11","10-11",8,"DGS","Swift","Apus pacificus","Pacific Swift"
"3802","2025/9/11","10-11",2,"DGS","Swift","Aerodramus sp.","Swiftlets"
"3803","2025/9/11","10-11",5,"DGS","Else","Motacilla cinerea","Grey Wagtail"
"3804","2025/9/11","10-11",1,"DGS","Swift","Apus nipalensis","House Swift"
"3805","2025/9/11","11-12",5,"DGS","Raptor","Tachyspiza soloensis","Chinese Sparrowhawk"
"3806","2025/9/11","11-12",1,"DGS","Raptor","Falco subbuteo","Eurasian Hobby"
"3807","2025/9/11","11-12",1,"DGS","Raptor","Eagles (unidentified)","Unidentified Eagles"
"3808","2025/9/11","11-12",1,"DGS","Raptor","Falco sp.","Unidentified Falcons"
"3809","2025/9/11","11-12",2,"DGS","Swift","Hirundapus caudacutus","White-throated Needletail"
"3810","2025/9/11","11-12",1,"DGS","Swift","Apus pacificus","Pacific Swift"
"3811","2025/9/11","11-12",2,"DGS","Swift","Aerodramus sp.","Swiftlets"
"3812","2025/9/11","12-13",1,"DGS","Raptor","Tachyspiza soloensis","Chinese Sparrowhawk"
"3813","2025/9/11","12-13",1,"DGS","Raptor","Spilornis cheela","Crested Serpent Eagle"
"3814","2025/9/11","12-13",46,"DGS","Swift","Apus pacificus","Pacific Swift"
"3815","2025/9/11","13-14",1,"DGS","Raptor","Tachyspiza soloensis","Chinese Sparrowhawk"
"3816","2025/9/11","14-15",2,"DGS","Else","Pericrocotus cantonensis","Swinhoe's Minivet"
"3817","2025/9/11","14-15",2,"DGS","Else","Ardea coromanda","Eastern Cattle Egret"
"3818","2025/9/12","Before 6",1,"DGS","Swift","Hirundapus caudacutus","White-throated Needletail"
"3819","2025/9/12","Before 6",1,"DGS","Swift","Aerodramus sp.","Swiftlets"
"3820","2025/9/12","Before 6",1,"DGS","Else","Pericrocotus cantonensis","Swinhoe's Minivet"
"3821","2025/9/12","6-7",1,"DGS","Raptor","Falco tinnunculus","Common Kestrel"
"3822","2025/9/12","6-7",4,"DGS","Swift","Hirundapus caudacutus","White-throated Needletail"
"3823","2025/9/12","6-7",7,"DGS","Else","Pericrocotus cantonensis","Swinhoe's Minivet"
"3824","2025/9/12","6-7",8,"DGS","Else","Ardea coromanda","Eastern Cattle Egret"
"3825","2025/9/12","6-7",7,"DGS","Else","Motacilla tschutschensis","Eastern Yellow Wagtail"
"3826","2025/9/12","6-7",1,"DGS","Else","Emberiza chrysophrys","Yellow-browed Bunting"
"3827","2025/9/12","6-7",4,"DGS","Else","Eophona migratoria","Chinese Grosbeak"
"3828","2025/9/12","6-7",1,"DGS","Else","Oriolus chinensis","Black-naped Oriole"
"3829","2025/9/12","6-7",2,"DGS","Else","Spodiopsar cineraceus","White-cheeked Starling"
"3830","2025/9/12","6-7",1,"DGS","Else","Ardea alba","Great Egret"
"3831","2025/9/12","7-8",2,"DGS","Raptor","Butastur indicus","Grey-faced Buzzard"
"3832","2025/9/12","7-8",23,"DGS","Swift","Hirundapus caudacutus","White-throated Needletail"
"3833","2025/9/12","7-8",4,"DGS","Swift","Apus pacificus","Pacific Swift"
"3834","2025/9/12","7-8",7,"DGS","Swift","Aerodramus sp.","Swiftlets"
"3835","2025/9/12","7-8",1,"DGS","Else","Motacilla cinerea","Grey Wagtail"
"3836","2025/9/12","7-8",1,"DGS","Else","Emberiza fucata","Chestnut-eared Bunting"
"3837","2025/9/12","7-8",16,"DGS","Else","Eophona migratoria","Chinese Grosbeak"
"3838","2025/9/12","7-8",1,"DGS","Else","Anthus gustavi","Pechora Pipit"
"3839","2025/9/12","8-9",4,"DGS","Raptor","Tachyspiza soloensis","Chinese Sparrowhawk"
"3840","2025/9/12","8-9",1,"DGS","Raptor","Tachyspiza gularis","Japanese Sparrowhawk"
"3841","2025/9/12","8-9",34,"DGS","Swift","Hirundapus caudacutus","White-throated Needletail"
"3842","2025/9/12","8-9",2,"DGS","Else","Eophona migratoria","Chinese Grosbeak"
"3843","2025/9/12","8-9",6,"DGS","Else","Motacilla tschutschensis","Eastern Yellow Wagtail"
"3844","2025/9/12","9-10",3,"DGS","Raptor","Lophospiza trivirgata","Crested Goshawk"
"3845","2025/9/12","9-10",1,"DGS","Raptor","Tachyspiza soloensis","Chinese Sparrowhawk"
"3846","2025/9/12","9-10",1,"DGS","Raptor","Tachyspiza gularis","Japanese Sparrowhawk"
"3847","2025/9/12","9-10",1,"DGS","Raptor","Falco subbuteo","Eurasian Hobby"
"3848","2025/9/12","9-10",2,"DGS","Raptor","Spilornis cheela","Crested Serpent Eagle"
"3849","2025/9/12","9-10",14,"DGS","Swift","Hirundapus caudacutus","White-throated Needletail"
"3850","2025/9/12","9-10",2,"DGS","Swift","Aerodramus sp.","Swiftlets"
"3851","2025/9/12","9-10",4,"DGS","Else","Eophona migratoria","Chinese Grosbeak"
"3852","2025/9/12","9-10",2,"DGS","Else","Motacilla tschutschensis","Eastern Yellow Wagtail"
"3853","2025/9/12","9-10",2,"DGS","Else","Lanius cristatus","Brown Shrike"
"3854","2025/9/12","9-10",1,"DGS","Else","Ardea cinerea","Grey Heron"
"3855","2025/9/12","10-11",1,"DGS","Raptor","Tachyspiza gularis","Japanese Sparrowhawk"
"3856","2025/9/12","10-11",1,"DGS","Raptor","Circus melanoleucos","Pied Harrier"
"3857","2025/9/12","10-11",2,"DGS","Raptor","Falco subbuteo","Eurasian Hobby"
"3858","2025/9/12","10-11",45,"DGS","Swift","Hirundapus caudacutus","White-throated Needletail"
"3859","2025/9/12","10-11",1,"DGS","Swift","Aerodramus sp.","Swiftlets"
"3860","2025/9/12","11-12",1,"DGS","Raptor","Tachyspiza soloensis","Chinese Sparrowhawk"
"3861","2025/9/12","11-12",19,"DGS","Swift","Hirundapus caudacutus","White-throated Needletail"
"3862","2025/9/12","11-12",9,"DGS","Swift","Apus pacificus","Pacific Swift"
"3863","2025/9/12","11-12",2,"DGS","Swift","Aerodramus sp.","Swiftlets"
"3864","2025/9/12","11-12",1,"DGS","Else","Motacilla cinerea","Grey Wagtail"
"3865","2025/9/12","12-13",6,"DGS","Swift","Hirundapus caudacutus","White-throated Needletail"
"3866","2025/9/12","12-13",2,"DGS","Swift","Apus pacificus","Pacific Swift"
"3867","2025/9/12","12-13",1,"DGS","Swift","Aerodramus sp.","Swiftlets"
"3868","2025/9/12","12-13",6,"DGS","Else","Motacilla tschutschensis","Eastern Yellow Wagtail"
"3869","2025/9/12","13-14",2,"DGS","Raptor","Tachyspiza soloensis","Chinese Sparrowhawk"
"3870","2025/9/12","13-14",1,"DGS","Raptor","Butastur indicus","Grey-faced Buzzard"
"3871","2025/9/12","14-15",2,"DGS","Swift","Hirundapus caudacutus","White-throated Needletail"
"3872","2025/9/12","14-15",4,"DGS","Swift","Apus pacificus","Pacific Swift"
"3873","2025/9/12","15-16",2,"DGS","Raptor","Tachyspiza soloensis","Chinese Sparrowhawk"
"3874","2025/9/12","15-16",1,"DGS","Raptor","Falco subbuteo","Eurasian Hobby"
"3875","2025/9/12","15-16",5,"DGS","Swift","Hirundapus caudacutus","White-throated Needletail"
"3876","2025/9/12","15-16",1,"DGS","Swift","Apus pacificus","Pacific Swift"
"3877","2025/9/12","15-16",2,"DGS","Else","Motacilla tschutschensis","Eastern Yellow Wagtail"
"3878","2025/9/12","16-17",4,"DGS","Raptor","Falco subbuteo","Eurasian Hobby"
"3879","2025/9/13","Before 6",4,"DGS","Swift","Hirundapus caudacutus","White-throated Needletail"
"3880","2025/9/13","6-7",2,"DGS","Raptor","Tachyspiza soloensis","Chinese Sparrowhawk"
"3881","2025/9/13","6-7",1,"DGS","Raptor","Eagles (unidentified)","Unidentified Eagles"
"3882","2025/9/13","6-7",13,"DGS","Swift","Hirundapus caudacutus","White-throated Needletail"
"3883","2025/9/13","6-7",22,"DGS","Else","Eurystomus orientalis","Oriental Dollarbird"
"3884","2025/9/13","6-7",4,"DGS","Else","Eophona migratoria","Chinese Grosbeak"
"3885","2025/9/13","6-7",8,"DGS","Else","Motacilla tschutschensis","Eastern Yellow Wagtail"
"3886","2025/9/13","6-7",1,"DGS","Else","Muscicapa griseisticta","Grey-streaked Flycatcher"
"3887","2025/9/13","7-8",1,"DGS","Raptor","Lophospiza trivirgata","Crested Goshawk"
"3888","2025/9/13","7-8",11,"DGS","Raptor","Tachyspiza soloensis","Chinese Sparrowhawk"
"3889","2025/9/13","7-8",14,"DGS","Swift","Hirundapus caudacutus","White-throated Needletail"
"3890","2025/9/13","7-8",3,"DGS","Else","Eurystomus orientalis","Oriental Dollarbird"
"3891","2025/9/13","7-8",1,"DGS","Swift","Hirundapus cochinchinensis","Silver-backed Needletail"
"3892","2025/9/13","7-8",3,"DGS","Else","Streptopelia tranquebarica","Red Collared Dove"
"3893","2025/9/13","7-8",5,"DGS","Else","Eophona migratoria","Chinese Grosbeak"
"3894","2025/9/13","8-9",5,"DGS","Raptor","Tachyspiza soloensis","Chinese Sparrowhawk"
"3895","2025/9/13","8-9",2,"DGS","Swift","Apus pacificus","Pacific Swift"
"3896","2025/9/13","8-9",7,"DGS","Else","Ardea intermedia","Intermediate Egret"
"3897","2025/9/13","9-10",1,"DGS","Raptor","Tachyspiza gularis","Japanese Sparrowhawk"
"3898","2025/9/13","9-10",1,"DGS","Raptor","Falco tinnunculus","Common Kestrel"
"3899","2025/9/13","9-10",12,"DGS","Swift","Hirundapus caudacutus","White-throated Needletail"
"3900","2025/9/13","9-10",2,"DGS","Else","Motacilla tschutschensis","Eastern Yellow Wagtail"
"3901","2025/9/13","10-11",1,"DGS","Raptor","Lophospiza trivirgata","Crested Goshawk"
"3902","2025/9/13","10-11",1,"DGS","Raptor","Tachyspiza gularis","Japanese Sparrowhawk"
"3903","2025/9/13","10-11",14,"DGS","Swift","Hirundapus caudacutus","White-throated Needletail"
"3904","2025/9/13","11-12",1,"DGS","Raptor","Tachyspiza soloensis","Chinese Sparrowhawk"
"3905","2025/9/13","11-12",1,"DGS","Raptor","Butastur indicus","Grey-faced Buzzard"
"3906","2025/9/13","11-12",1,"DGS","Raptor","Falco tinnunculus","Common Kestrel"
"3907","2025/9/13","11-12",5,"DGS","Swift","Hirundapus caudacutus","White-throated Needletail"
"3908","2025/9/13","12-13",1,"DGS","Raptor","Pernis ptilorhynchus","Crested Honey-buzzard"
"3909","2025/9/13","12-13",2,"DGS","Raptor","Tachyspiza soloensis","Chinese Sparrowhawk"
"3910","2025/9/13","12-13",36,"DGS","Swift","Apus pacificus","Pacific Swift"
"3911","2025/9/13","12-13",1,"DGS","Swift","Aerodramus sp.","Swiftlets"
"3912","2025/9/13","14-15",1,"DGS","Raptor","Pandion haliaetus","Osprey"
"3913","2025/9/13","14-15",1,"DGS","Raptor","Tachyspiza gularis","Japanese Sparrowhawk"
"3914","2025/9/13","14-15",2,"DGS","Raptor","Falco subbuteo","Eurasian Hobby"
"3915","2025/9/13","15-16",4,"DGS","Raptor","Tachyspiza soloensis","Chinese Sparrowhawk"
"3916","2025/9/13","15-16",1,"DGS","Raptor","Tachyspiza gularis","Japanese Sparrowhawk"
"3917","2025/9/13","15-16",3,"DGS","Raptor","Falco subbuteo","Eurasian Hobby"
"3918","2025/9/13","15-16",43,"DGS","Swift","Hirundapus caudacutus","White-throated Needletail"
"3919","2025/9/13","15-16",18,"DGS","Swift","Apus pacificus","Pacific Swift"
"3920","2025/9/13","16-17",53,"DGS","Swift","Hirundapus caudacutus","White-throated Needletail"
"3921","2025/9/13","16-17",7,"DGS","Swift","Apus pacificus","Pacific Swift"
"3922","2025/9/14","6-7",3,"DGS","Swift","Hirundapus caudacutus","White-throated Needletail"
"3923","2025/9/14","6-7",35,"DGS","Else","Ardea coromanda","Eastern Cattle Egret"
"3924","2025/9/14","6-7",2,"DGS","Else","Motacilla tschutschensis","Eastern Yellow Wagtail"
"3925","2025/9/14","6-7",1,"DGS","Else","Ardea cinerea","Grey Heron"
"3926","2025/9/14","6-7",2,"DGS","Else","Eophona migratoria","Chinese Grosbeak"
"3927","2025/9/14","6-7",1,"DGS","Else","Anthus gustavi","Pechora Pipit"
"3928","2025/9/14","6-7",1,"DGS","Else","Muscicapa dauurica","Asian Brown Flycatcher"
"3929","2025/9/14","7-8",1,"DGS","Raptor","Lophospiza trivirgata","Crested Goshawk"
"3930","2025/9/14","7-8",2,"DGS","Raptor","Tachyspiza soloensis","Chinese Sparrowhawk"
"3931","2025/9/14","7-8",1,"DGS","Raptor","Falco tinnunculus","Common Kestrel"
"3932","2025/9/14","7-8",14,"DGS","Swift","Hirundapus caudacutus","White-throated Needletail"
"3933","2025/9/14","7-8",1,"DGS","Swift","Aerodramus sp.","Swiftlets"
"3934","2025/9/14","7-8",15,"DGS","Else","Ardea coromanda","Eastern Cattle Egret"
"3935","2025/9/14","7-8",1,"DGS","Else","Muscicapa dauurica","Asian Brown Flycatcher"
"3936","2025/9/14","8-9",1,"DGS","Raptor","Pandion haliaetus","Osprey"
"3937","2025/9/14","8-9",12,"DGS","Raptor","Tachyspiza soloensis","Chinese Sparrowhawk"
"3938","2025/9/14","8-9",1,"DGS","Raptor","Butastur indicus","Grey-faced Buzzard"
"3939","2025/9/14","8-9",2,"DGS","Raptor","Falco tinnunculus","Common Kestrel"
"3940","2025/9/14","8-9",83,"DGS","Swift","Hirundapus caudacutus","White-throated Needletail"
"3941","2025/9/14","8-9",11,"DGS","Swift","Apus pacificus","Pacific Swift"
"3942","2025/9/14","9-10",2,"DGS","Raptor","Butastur indicus","Grey-faced Buzzard"
"3943","2025/9/14","9-10",1,"DGS","Raptor","Spilornis cheela","Crested Serpent Eagle"
"3944","2025/9/14","9-10",24,"DGS","Swift","Hirundapus caudacutus","White-throated Needletail"
"3945","2025/9/14","9-10",2,"DGS","Swift","Apus pacificus","Pacific Swift"
"3946","2025/9/14","9-10",3,"DGS","Else","Delichon dasypus/lagopodum","Asian/Siberian House Martin"
"3947","2025/9/14","10-11",1,"DGS","Raptor","Lophospiza trivirgata","Crested Goshawk"
"3948","2025/9/14","10-11",1,"DGS","Raptor","Tachyspiza soloensis","Chinese Sparrowhawk"
"3949","2025/9/14","10-11",44,"DGS","Swift","Hirundapus caudacutus","White-throated Needletail"
"3950","2025/9/14","10-11",2,"DGS","Swift","Apus pacificus","Pacific Swift"
"3951","2025/9/14","11-12",8,"DGS","Raptor","Tachyspiza soloensis","Chinese Sparrowhawk"
"3952","2025/9/14","11-12",4,"DGS","Swift","Hirundapus caudacutus","White-throated Needletail"
"3953","2025/9/14","11-12",7,"DGS","Swift","Apus pacificus","Pacific Swift"
"3954","2025/9/14","12-13",1,"DGS","Raptor","Tachyspiza soloensis","Chinese Sparrowhawk"
"3955","2025/9/14","13-14",1,"DGS","Raptor","Tachyspiza soloensis","Chinese Sparrowhawk"
"3956","2025/9/14","15-16",2,"DGS","Swift","Hirundapus caudacutus","White-throated Needletail"
"3957","2025/9/14","15-16",22,"DGS","Swift","Apus pacificus","Pacific Swift"
"3958","2025/9/14","16-17",2,"DGS","Else","Ardea cinerea","Grey Heron"
"3959","2025/9/15","6-7",1,"DGS","Raptor","Falco tinnunculus","Common Kestrel"
"3960","2025/9/15","6-7",3,"DGS","Swift","Hirundapus caudacutus","White-throated Needletail"
"3961","2025/9/15","6-7",2,"DGS","Else","Motacilla tschutschensis","Eastern Yellow Wagtail"
"3962","2025/9/15","6-7",5,"DGS","Else","Spodiopsar sericeus","Red-billed Starling"
"3963","2025/9/15","6-7",6,"DGS","Else","Spodiopsar cineraceus","White-cheeked Starling"
"3964","2025/9/15","6-7",1,"DGS","Else","Motacilla cinerea","Grey Wagtail"
"3965","2025/9/15","6-7",1,"DGS","Else","Oriolus chinensis","Black-naped Oriole"
"3966","2025/9/15","6-7",2,"DGS","Else","Eophona migratoria","Chinese Grosbeak"
"3967","2025/9/15","6-7",4,"DGS","Else","Ardea coromanda","Eastern Cattle Egret"
"3968","2025/9/15","7-8",2,"DGS","Swift","Hirundapus caudacutus","White-throated Needletail"
"3969","2025/9/15","7-8",1,"DGS","Else","Ardea cinerea","Grey Heron"
"3970","2025/9/15","8-9",8,"DGS","Raptor","Tachyspiza soloensis","Chinese Sparrowhawk"
"3971","2025/9/15","8-9",53,"DGS","Swift","Hirundapus caudacutus","White-throated Needletail"
"3972","2025/9/15","9-10",1,"DGS","Raptor","Lophospiza trivirgata","Crested Goshawk"
"3973","2025/9/15","9-10",1,"DGS","Raptor","Tachyspiza soloensis","Chinese Sparrowhawk"
"3974","2025/9/15","9-10",1,"DGS","Raptor","Falco tinnunculus","Common Kestrel"
"3975","2025/9/15","9-10",26,"DGS","Swift","Hirundapus caudacutus","White-throated Needletail"
"3976","2025/9/15","10-11",1,"DGS","Raptor","Lophospiza trivirgata","Crested Goshawk"
"3977","2025/9/15","10-11",24,"DGS","Raptor","Tachyspiza soloensis","Chinese Sparrowhawk"
"3978","2025/9/15","10-11",22,"DGS","Swift","Hirundapus caudacutus","White-throated Needletail"
"3979","2025/9/15","10-11",1,"DGS","Else","Motacilla cinerea","Grey Wagtail"
"3980","2025/9/15","11-12",5,"DGS","Raptor","Tachyspiza soloensis","Chinese Sparrowhawk"
"3981","2025/9/15","11-12",1,"DGS","Raptor","Falco tinnunculus","Common Kestrel"
"3982","2025/9/15","11-12",10,"DGS","Swift","Hirundapus caudacutus","White-throated Needletail"
"3983","2025/9/15","12-13",1,"DGS","Raptor","Falco subbuteo","Eurasian Hobby"
"3984","2025/9/15","13-14",1,"DGS","Raptor","Tachyspiza soloensis","Chinese Sparrowhawk"
"3985","2025/9/15","13-14",3,"DGS","Swift","Hirundapus caudacutus","White-throated Needletail"
"3986","2025/9/15","14-15",1,"DGS","Raptor","Falco subbuteo","Eurasian Hobby"
"3987","2025/9/15","16-17",1,"DGS","Raptor","Falco subbuteo","Eurasian Hobby"
"3988","2025/9/15","16-17",36,"DGS","Swift","Hirundapus caudacutus","White-throated Needletail"
"3989","2025/9/15","16-17",17,"DGS","Else","Ardea coromanda","Eastern Cattle Egret"
"3990","2025/9/16","Before 6",10,"DGS","Else","Motacilla tschutschensis","Eastern Yellow Wagtail"
"3991","2025/9/16","Before 6",30,"DGS","Else","Pericrocotus cantonensis","Swinhoe's Minivet"
"3992","2025/9/16","6-7",79,"DGS","Swift","Hirundapus caudacutus","White-throated Needletail"
"3993","2025/9/16","6-7",1,"DGS","Swift","Apus pacificus","Pacific Swift"
"3994","2025/9/16","6-7",1,"DGS","Else","Motacilla tschutschensis","Eastern Yellow Wagtail"
"3995","2025/9/16","6-7",3,"DGS","Else","Ardea cinerea","Grey Heron"
"3996","2025/9/16","7-8",24,"DGS","Raptor","Tachyspiza soloensis","Chinese Sparrowhawk"
"3997","2025/9/16","7-8",1,"DGS","Raptor","Falco tinnunculus","Common Kestrel"
"3998","2025/9/16","7-8",2,"DGS","Raptor","Falco subbuteo","Eurasian Hobby"
"3999","2025/9/16","7-8",121,"DGS","Swift","Hirundapus caudacutus","White-throated Needletail"
"4000","2025/9/16","7-8",3,"DGS","Swift","Apus pacificus","Pacific Swift"
"4001","2025/9/16","7-8",2,"DGS","Swift","Aerodramus sp.","Swiftlets"
"4002","2025/9/16","7-8",6,"DGS","Else","Motacilla tschutschensis","Eastern Yellow Wagtail"
"4003","2025/9/16","7-8",1,"DGS","Swift","Apus nipalensis","House Swift"
"4004","2025/9/16","8-9",35,"DGS","Raptor","Tachyspiza soloensis","Chinese Sparrowhawk"
"4005","2025/9/16","8-9",1,"DGS","Raptor","Tachyspiza gularis","Japanese Sparrowhawk"
"4006","2025/9/16","8-9",1,"DGS","Raptor","Falco tinnunculus","Common Kestrel"
"4007","2025/9/16","8-9",1,"DGS","Raptor","Falco subbuteo","Eurasian Hobby"
"4008","2025/9/16","8-9",284,"DGS","Swift","Hirundapus caudacutus","White-throated Needletail"
"4009","2025/9/16","8-9",3,"DGS","Swift","Apus pacificus","Pacific Swift"
"4010","2025/9/16","8-9",2,"DGS","Swift","Aerodramus sp.","Swiftlets"
"4011","2025/9/16","8-9",1,"DGS","Else","Delichon dasypus/lagopodum","Asian/Siberian House Martin"
"4012","2025/9/16","9-10",1,"DGS","Raptor","Lophospiza trivirgata","Crested Goshawk"
"4013","2025/9/16","9-10",9,"DGS","Raptor","Tachyspiza soloensis","Chinese Sparrowhawk"
"4014","2025/9/16","9-10",2,"DGS","Raptor","Tachyspiza gularis","Japanese Sparrowhawk"
"4015","2025/9/16","9-10",1,"DGS","Raptor","Butastur indicus","Grey-faced Buzzard"
"4016","2025/9/16","9-10",229,"DGS","Swift","Hirundapus caudacutus","White-throated Needletail"
"4017","2025/9/16","9-10",1,"DGS","Swift","Apus pacificus","Pacific Swift"
"4018","2025/9/16","9-10",5,"DGS","Swift","Aerodramus sp.","Swiftlets"
"4019","2025/9/16","9-10",2,"DGS","Swift","Apus nipalensis","House Swift"
"4020","2025/9/16","10-11",69,"DGS","Swift","Hirundapus caudacutus","White-throated Needletail"
"4021","2025/9/16","10-11",1,"DGS","Swift","Apus pacificus","Pacific Swift"
"4022","2025/9/16","10-11",1,"DGS","Swift","Aerodramus sp.","Swiftlets"
"4023","2025/9/16","10-11",1,"DGS","Else","Delichon dasypus/lagopodum","Asian/Siberian House Martin"
"4024","2025/9/16","11-12",13,"DGS","Swift","Hirundapus caudacutus","White-throated Needletail"
"4025","2025/9/16","12-13",54,"DGS","Swift","Hirundapus caudacutus","White-throated Needletail"
"4026","2025/9/16","12-13",2,"DGS","Swift","Apus pacificus","Pacific Swift"
"4027","2025/9/16","12-13",2,"DGS","Swift","Aerodramus sp.","Swiftlets"
"4028","2025/9/16","12-13",9,"DGS","Else","Delichon dasypus/lagopodum","Asian/Siberian House Martin"
"4029","2025/9/16","13-14",20,"DGS","Swift","Hirundapus caudacutus","White-throated Needletail"
"4030","2025/9/16","14-15",11,"DGS","Raptor","Tachyspiza soloensis","Chinese Sparrowhawk"
"4031","2025/9/16","15-16",10,"DGS","Raptor","Tachyspiza soloensis","Chinese Sparrowhawk"
"4032","2025/9/16","15-16",1,"DGS","Swift","Aerodramus sp.","Swiftlets"
"4033","2025/9/16","15-16",15,"DGS","Else","Delichon dasypus/lagopodum","Asian/Siberian House Martin"
"4034","2025/9/16","After 17",1,"DGS","Raptor","Butastur indicus","Grey-faced Buzzard"
"4035","2025/9/16","After 17",12,"DGS","Swift","Hirundapus caudacutus","White-throated Needletail"
"4036","2025/9/17","Before 6",2,"DGS","Swift","Hirundapus caudacutus","White-throated Needletail"
"4037","2025/9/17","Before 6",1,"DGS","Else","Ardea cinerea","Grey Heron"
"4038","2025/9/17","Before 6",1,"DGS","Else","Dicrurus hottentottus","Hair-crested Drongo"
"4039","2025/9/17","6-7",2,"DGS","Raptor","Falco tinnunculus","Common Kestrel"
"4040","2025/9/17","6-7",1,"DGS","Raptor","Falco subbuteo","Eurasian Hobby"
"4041","2025/9/17","6-7",23,"DGS","Swift","Hirundapus caudacutus","White-throated Needletail"
"4042","2025/9/17","6-7",5,"DGS","Swift","Aerodramus sp.","Swiftlets"
"4043","2025/9/17","6-7",3,"DGS","Else","Motacilla tschutschensis","Eastern Yellow Wagtail"
"4044","2025/9/17","6-7",20,"DGS","Else","Pericrocotus divaricatus","Ashy Minivet"
"4045","2025/9/17","6-7",2,"DGS","Else","Cisticola juncidis","Zitting Cisticola"
"4046","2025/9/17","6-7",1,"DGS","Else","Anthus hodgsoni","Olive-backed Pipit"
"4047","2025/9/17","7-8",18,"DGS","Raptor","Tachyspiza soloensis","Chinese Sparrowhawk"
"4048","2025/9/17","7-8",2,"DGS","Raptor","Tachyspiza gularis","Japanese Sparrowhawk"
"4049","2025/9/17","7-8",1,"DGS","Raptor","Butastur indicus","Grey-faced Buzzard"
"4050","2025/9/17","7-8",1,"DGS","Raptor","Falco tinnunculus","Common Kestrel"
"4051","2025/9/17","7-8",72,"DGS","Swift","Hirundapus caudacutus","White-throated Needletail"
"4052","2025/9/17","7-8",6,"DGS","Swift","Apus pacificus","Pacific Swift"
"4053","2025/9/17","7-8",2,"DGS","Swift","Aerodramus sp.","Swiftlets"
"4054","2025/9/17","7-8",2,"DGS","Else","Motacilla tschutschensis","Eastern Yellow Wagtail"
"4055","2025/9/17","7-8",1,"DGS","Else","Motacilla cinerea","Grey Wagtail"
"4056","2025/9/17","7-8",1,"DGS","Else","Dendronanthus indicus","Forest Wagtail"
"4057","2025/9/17","7-8",1,"DGS","Else","Muscicapa griseisticta","Grey-streaked Flycatcher"
"4058","2025/9/17","7-8",2,"DGS","Else","Anthus rufulus","Paddyfield Pipit"
"4059","2025/9/17","8-9",1,"DGS","Raptor","Lophospiza trivirgata","Crested Goshawk"
"4060","2025/9/17","8-9",31,"DGS","Raptor","Tachyspiza soloensis","Chinese Sparrowhawk"
"4061","2025/9/17","8-9",2,"DGS","Raptor","Tachyspiza gularis","Japanese Sparrowhawk"
"4062","2025/9/17","8-9",1,"DGS","Raptor","Butastur indicus","Grey-faced Buzzard"
"4063","2025/9/17","8-9",229,"DGS","Swift","Hirundapus caudacutus","White-throated Needletail"
"4064","2025/9/17","8-9",6,"DGS","Swift","Apus pacificus","Pacific Swift"
"4065","2025/9/17","8-9",1,"DGS","Swift","Aerodramus sp.","Swiftlets"
"4066","2025/9/17","8-9",1,"DGS","Else","Cuculus canorus","Common Cuckoo"
"4067","2025/9/17","8-9",2,"DGS","Else","Eophona migratoria","Chinese Grosbeak"
"4068","2025/9/17","9-10",1,"DGS","Raptor","Tachyspiza gularis","Japanese Sparrowhawk"
"4069","2025/9/17","9-10",2,"DGS","Raptor","Falco subbuteo","Eurasian Hobby"
"4070","2025/9/17","9-10",137,"DGS","Swift","Hirundapus caudacutus","White-throated Needletail"
"4071","2025/9/17","9-10",16,"DGS","Swift","Apus pacificus","Pacific Swift"
"4072","2025/9/17","9-10",1,"DGS","Swift","Aerodramus sp.","Swiftlets"
"4073","2025/9/17","9-10",3,"DGS","Else","Motacilla tschutschensis","Eastern Yellow Wagtail"
"4074","2025/9/17","9-10",1,"DGS","Else","Motacilla cinerea","Grey Wagtail"
"4075","2025/9/17","10-11",1,"DGS","Raptor","Lophospiza trivirgata","Crested Goshawk"
"4076","2025/9/17","10-11",2,"DGS","Raptor","Tachyspiza soloensis","Chinese Sparrowhawk"
"4077","2025/9/17","10-11",2,"DGS","Raptor","Tachyspiza gularis","Japanese Sparrowhawk"
"4078","2025/9/17","10-11",1,"DGS","Raptor","Falco amurensis","Amur Falcon"
"4079","2025/9/17","10-11",1,"DGS","Raptor","Elanus caeruleus","Black-winged Kite"
"4080","2025/9/17","10-11",135,"DGS","Swift","Hirundapus caudacutus","White-throated Needletail"
"4081","2025/9/17","10-11",6,"DGS","Swift","Apus pacificus","Pacific Swift"
"4082","2025/9/17","10-11",2,"DGS","Else","Motacilla tschutschensis","Eastern Yellow Wagtail"
"4083","2025/9/17","11-12",1,"DGS","Raptor","Lophospiza trivirgata","Crested Goshawk"
"4084","2025/9/17","11-12",3,"DGS","Raptor","Tachyspiza soloensis","Chinese Sparrowhawk"
"4085","2025/9/17","11-12",1,"DGS","Raptor","Circus spilonotus","Eastern Marsh Harrier"
"4086","2025/9/17","11-12",1,"DGS","Raptor","Spilornis cheela","Crested Serpent Eagle"
"4087","2025/9/17","11-12",53,"DGS","Swift","Hirundapus caudacutus","White-throated Needletail"
"4088","2025/9/17","11-12",1,"DGS","Swift","Apus pacificus","Pacific Swift"
"4089","2025/9/17","11-12",1,"DGS","Swift","Aerodramus sp.","Swiftlets"
"4090","2025/9/17","11-12",5,"DGS","Else","Delichon dasypus/lagopodum","Asian/Siberian House Martin"
"4091","2025/9/17","12-13",2,"DGS","Raptor","Tachyspiza soloensis","Chinese Sparrowhawk"
"4092","2025/9/17","12-13",1,"DGS","Raptor","Falco subbuteo","Eurasian Hobby"
"4093","2025/9/17","12-13",31,"DGS","Swift","Hirundapus caudacutus","White-throated Needletail"
"4094","2025/9/17","12-13",5,"DGS","Else","Delichon dasypus/lagopodum","Asian/Siberian House Martin"
"4095","2025/9/17","13-14",3,"DGS","Raptor","Tachyspiza soloensis","Chinese Sparrowhawk"
"4096","2025/9/17","13-14",11,"DGS","Swift","Hirundapus caudacutus","White-throated Needletail"
"4097","2025/9/17","13-14",4,"DGS","Swift","Apus pacificus","Pacific Swift"
"4098","2025/9/17","13-14",5,"DGS","Else","Delichon dasypus/lagopodum","Asian/Siberian House Martin"
"4099","2025/9/17","14-15",2,"DGS","Raptor","Tachyspiza soloensis","Chinese Sparrowhawk"
"4100","2025/9/17","14-15",6,"DGS","Swift","Hirundapus caudacutus","White-throated Needletail"
"4101","2025/9/17","14-15",2,"DGS","Else","Delichon dasypus/lagopodum","Asian/Siberian House Martin"
"4102","2025/9/18","Before 6",1,"DGS","Raptor","Lophospiza trivirgata","Crested Goshawk"
"4103","2025/9/18","Before 6",1,"DGS","Raptor","Circus melanoleucos","Pied Harrier"
"4104","2025/9/18","Before 6",1,"DGS","Raptor","Falco tinnunculus","Common Kestrel"
"4105","2025/9/18","Before 6",20,"DGS","Swift","Hirundapus caudacutus","White-throated Needletail"
"4106","2025/9/18","Before 6",2,"DGS","Swift","Aerodramus sp.","Swiftlets"
"4107","2025/9/18","Before 6",2,"DGS","Else","Dicrurus leucophaeus","Ashy Drongo"
"4108","2025/9/18","6-7",1,"DGS","Raptor","Tachyspiza soloensis","Chinese Sparrowhawk"
"4109","2025/9/18","6-7",1,"DGS","Raptor","Tachyspiza gularis","Japanese Sparrowhawk"
"4110","2025/9/18","6-7",19,"DGS","Swift","Hirundapus caudacutus","White-throated Needletail"
"4111","2025/9/18","6-7",1,"DGS","Swift","Aerodramus sp.","Swiftlets"
"4112","2025/9/18","6-7",7,"DGS","Else","Eophona migratoria","Chinese Grosbeak"
"4113","2025/9/18","6-7",2,"DGS","Else","Anthus gustavi","Pechora Pipit"
"4114","2025/9/18","6-7",28,"DGS","Else","Ardea coromanda","Eastern Cattle Egret"
"4115","2025/9/18","6-7",2,"DGS","Else","Oriolus chinensis","Black-naped Oriole"
"4116","2025/9/18","6-7",4,"DGS","Else","Sturnia sinensis","White-shouldered Starling"
"4117","2025/9/18","6-7",2,"DGS","Else","Motacilla tschutschensis","Eastern Yellow Wagtail"
"4118","2025/9/18","7-8",1,"DGS","Raptor","Lophospiza trivirgata","Crested Goshawk"
"4119","2025/9/18","7-8",5,"DGS","Raptor","Tachyspiza soloensis","Chinese Sparrowhawk"
"4120","2025/9/18","7-8",1,"DGS","Raptor","Falco tinnunculus","Common Kestrel"
"4121","2025/9/18","7-8",36,"DGS","Swift","Hirundapus caudacutus","White-throated Needletail"
"4122","2025/9/18","7-8",1,"DGS","Else","Dendronanthus indicus","Forest Wagtail"
"4123","2025/9/18","7-8",1,"DGS","Else","Muscicapa dauurica","Asian Brown Flycatcher"
"4124","2025/9/18","7-8",1,"DGS","Else","Ardea cinerea","Grey Heron"
"4125","2025/9/18","8-9",3,"DGS","Raptor","Tachyspiza soloensis","Chinese Sparrowhawk"
"4126","2025/9/18","8-9",2,"DGS","Raptor","Butastur indicus","Grey-faced Buzzard"
"4127","2025/9/18","8-9",15,"DGS","Swift","Hirundapus caudacutus","White-throated Needletail"
"4128","2025/9/18","8-9",2,"DGS","Swift","Aerodramus sp.","Swiftlets"
"4129","2025/9/18","8-9",8,"DGS","Else","Ardea coromanda","Eastern Cattle Egret"
"4130","2025/9/18","8-9",2,"DGS","Else","Agropsar sturninus","Daurian Starling"
"4131","2025/9/18","9-10",2,"DGS","Raptor","Lophospiza trivirgata","Crested Goshawk"
"4132","2025/9/18","9-10",3,"DGS","Raptor","Tachyspiza soloensis","Chinese Sparrowhawk"
"4133","2025/9/18","9-10",1,"DGS","Raptor","Tachyspiza gularis","Japanese Sparrowhawk"
"4134","2025/9/18","9-10",1,"DGS","Raptor","Falco tinnunculus","Common Kestrel"
"4135","2025/9/18","9-10",6,"DGS","Swift","Hirundapus caudacutus","White-throated Needletail"
"4136","2025/9/18","9-10",5,"DGS","Swift","Aerodramus sp.","Swiftlets"
"4137","2025/9/18","9-10",9,"DGS","Else","Ardea coromanda","Eastern Cattle Egret"
"4138","2025/9/18","9-10",3,"DGS","Else","Motacilla cinerea","Grey Wagtail"
"4139","2025/9/18","9-10",1,"DGS","Else","Ardea cinerea","Grey Heron"
"4140","2025/9/18","9-10",1,"DGS","Else","Anthus gustavi","Pechora Pipit"
"4141","2025/9/18","10-11",1,"DGS","Raptor","Lophospiza trivirgata","Crested Goshawk"
"4142","2025/9/18","10-11",1,"DGS","Raptor","Falco amurensis","Amur Falcon"
"4143","2025/9/18","10-11",4,"DGS","Swift","Aerodramus sp.","Swiftlets"
"4144","2025/9/18","10-11",3,"DGS","Else","Eophona migratoria","Chinese Grosbeak"
"4145","2025/9/18","10-11",1,"DGS","Else","Motacilla cinerea","Grey Wagtail"
"4146","2025/9/18","11-12",2,"DGS","Else","Motacilla cinerea","Grey Wagtail"
"4147","2025/9/18","12-13",1,"DGS","Raptor","Circus spilonotus","Eastern Marsh Harrier"
"4148","2025/9/18","12-13",1,"DGS","Swift","Aerodramus sp.","Swiftlets"
"4149","2025/9/18","13-14",1,"DGS","Raptor","Tachyspiza soloensis","Chinese Sparrowhawk"
"4150","2025/9/18","13-14",1,"DGS","Raptor","Falco subbuteo","Eurasian Hobby"
"4151","2025/9/18","13-14",2,"DGS","Else","Motacilla tschutschensis","Eastern Yellow Wagtail"
"4152","2025/9/18","13-14",1,"DGS","Else","Motacilla cinerea","Grey Wagtail"
"4153","2025/9/18","14-15",1,"DGS","Swift","Aerodramus sp.","Swiftlets"
"4154","2025/9/18","15-16",1,"DGS","Raptor","Falco peregrinus","Peregrine Falcon"
"4155","2025/9/18","15-16",14,"DGS","Else","Pericrocotus divaricatus","Ashy Minivet"
"4156","2025/9/18","16-17",1,"DGS","Raptor","Elanus caeruleus","Black-winged Kite"
"4157","2025/9/18","16-17",1,"DGS","Swift","Aerodramus sp.","Swiftlets"
"4158","2025/9/19","6-7",1,"DGS","Swift","Aerodramus sp.","Swiftlets"
"4159","2025/9/19","6-7",1,"DGS","Else","Ardea cinerea","Grey Heron"
"4160","2025/9/19","6-7",6,"DGS","Else","Spodiopsar sericeus","Red-billed Starling"
"4161","2025/9/19","6-7",2,"DGS","Else","Motacilla tschutschensis","Eastern Yellow Wagtail"
"4162","2025/9/19","6-7",2,"DGS","Else","Spodiopsar cineraceus","White-cheeked Starling"
"4163","2025/9/19","7-8",3,"DGS","Raptor","Tachyspiza soloensis","Chinese Sparrowhawk"
"4164","2025/9/19","7-8",1,"DGS","Raptor","Tachyspiza gularis","Japanese Sparrowhawk"
"4165","2025/9/19","7-8",8,"DGS","Swift","Hirundapus caudacutus","White-throated Needletail"
"4166","2025/9/19","7-8",1,"DGS","Swift","Aerodramus sp.","Swiftlets"
"4167","2025/9/19","7-8",5,"DGS","Else","Anas acuta","Northern Pintail"
"4168","2025/9/19","7-8",4,"DGS","Else","Ardea cinerea","Grey Heron"
"4169","2025/9/19","7-8",3,"DGS","Else","Motacilla tschutschensis","Eastern Yellow Wagtail"
"4170","2025/9/19","7-8",30,"DGS","Else","Pericrocotus divaricatus","Ashy Minivet"
"4171","2025/9/19","7-8",3,"DGS","Else","Motacilla cinerea","Grey Wagtail"
"4172","2025/9/19","7-8",1,"DGS","Else","Ardea alba","Great Egret"
"4173","2025/9/19","7-8",4,"DGS","Else","Ardea coromanda","Eastern Cattle Egret"
"4174","2025/9/19","7-8",2,"DGS","Else","Ardea intermedia","Intermediate Egret"
"4175","2025/9/19","8-9",5,"DGS","Raptor","Tachyspiza soloensis","Chinese Sparrowhawk"
"4176","2025/9/19","8-9",2,"DGS","Raptor","Tachyspiza gularis","Japanese Sparrowhawk"
"4177","2025/9/19","8-9",1,"DGS","Raptor","Falco tinnunculus","Common Kestrel"
"4178","2025/9/19","8-9",1,"DGS","Swift","Aerodramus sp.","Swiftlets"
"4179","2025/9/19","8-9",7,"DGS","Else","Oriolus chinensis","Black-naped Oriole"
"4180","2025/9/19","9-10",1,"DGS","Raptor","Tachyspiza soloensis","Chinese Sparrowhawk"
"4181","2025/9/19","9-10",1,"DGS","Raptor","Spilornis cheela","Crested Serpent Eagle"
"4182","2025/9/19","9-10",1,"DGS","Raptor","Eagles (unidentified)","Unidentified Eagles"
"4183","2025/9/19","9-10",1,"DGS","Swift","Apus pacificus","Pacific Swift"
"4184","2025/9/19","9-10",3,"DGS","Swift","Aerodramus sp.","Swiftlets"
"4185","2025/9/19","9-10",3,"DGS","Else","Motacilla cinerea","Grey Wagtail"
"4186","2025/9/19","9-10",6,"DGS","Else","Motacilla tschutschensis","Eastern Yellow Wagtail"
"4187","2025/9/19","10-11",1,"DGS","Raptor","Tachyspiza soloensis","Chinese Sparrowhawk"
"4188","2025/9/19","10-11",1,"DGS","Raptor","Raptors (unidentified)","Unidentified Raptors"
"4189","2025/9/19","11-12",2,"DGS","Else","Ardea coromanda","Eastern Cattle Egret"
"4190","2025/9/19","13-14",1,"DGS","Raptor","Falco tinnunculus","Common Kestrel"
"4191","2025/9/19","14-15",1,"DGS","Raptor","Falco tinnunculus","Common Kestrel"
"4192","2025/9/19","15-16",1,"DGS","Else","Lalage melaschistos","Black-winged Cuckooshrike"
"4193","2025/9/19","15-16",1,"DGS","Else","Cuculus canorus","Common Cuckoo"
"4194","2025/9/19","16-17",1,"DGS","Raptor","Tachyspiza soloensis","Chinese Sparrowhawk"
"4195","2025/9/20","6-7",2,"DGS","Raptor","Lophospiza trivirgata","Crested Goshawk"
"4196","2025/9/20","6-7",1,"DGS","Raptor","Butastur indicus","Grey-faced Buzzard"
"4197","2025/9/20","6-7",1,"DGS","Raptor","Falco tinnunculus","Common Kestrel"
"4198","2025/9/20","6-7",1,"DGS","Raptor","Falco subbuteo","Eurasian Hobby"
"4199","2025/9/20","6-7",1,"DGS","Raptor","Falco peregrinus","Peregrine Falcon"
"4200","2025/9/20","6-7",1,"DGS","Raptor","Raptors (unidentified)","Unidentified Raptors"
"4201","2025/9/20","6-7",1,"DGS","Swift","Hirundapus caudacutus","White-throated Needletail"
"4202","2025/9/20","6-7",2,"DGS","Else","Anthus gustavi","Pechora Pipit"
"4203","2025/9/20","6-7",2,"DGS","Else","Eophona migratoria","Chinese Grosbeak"
"4204","2025/9/20","6-7",7,"DGS","Else","Motacilla cinerea","Grey Wagtail"
"4205","2025/9/20","6-7",6,"DGS","Else","Motacilla tschutschensis","Eastern Yellow Wagtail"
"4206","2025/9/20","6-7",1,"DGS","Else","Muscicapa dauurica","Asian Brown Flycatcher"
"4207","2025/9/20","6-7",2,"DGS","Else","Cyanoptila cyanomelana","Blue-and-white Flycatcher"
"4208","2025/9/20","7-8",1,"DGS","Raptor","Tachyspiza gularis","Japanese Sparrowhawk"
"4209","2025/9/20","7-8",1,"DGS","Raptor","Falco tinnunculus","Common Kestrel"
"4210","2025/9/20","7-8",1,"DGS","Raptor","Falco peregrinus","Peregrine Falcon"
"4211","2025/9/20","7-8",11,"DGS","Swift","Hirundapus caudacutus","White-throated Needletail"
"4212","2025/9/20","7-8",5,"DGS","Else","Delichon dasypus/lagopodum","Asian/Siberian House Martin"
"4213","2025/9/20","7-8",4,"DGS","Else","Muscicapa dauurica","Asian Brown Flycatcher"
"4214","2025/9/20","7-8",2,"DGS","Else","Spodiopsar cineraceus","White-cheeked Starling"
"4215","2025/9/20","7-8",2,"DGS","Else","Eophona migratoria","Chinese Grosbeak"
"4216","2025/9/20","7-8",1,"DGS","Else","Dicrurus leucophaeus","Ashy Drongo"
"4217","2025/9/20","7-8",4,"DGS","Else","Oriolus chinensis","Black-naped Oriole"
"4218","2025/9/20","7-8",3,"DGS","Else","Gallinago gallinago","Common Snipe"
"4219","2025/9/20","7-8",5,"DGS","Else","Ardea coromanda","Eastern Cattle Egret"
"4220","2025/9/20","7-8",1,"DGS","Else","Motacilla cinerea","Grey Wagtail"
"4221","2025/9/20","7-8",6,"DGS","Else","Motacilla tschutschensis","Eastern Yellow Wagtail"
"4222","2025/9/20","8-9",1,"DGS","Raptor","Tachyspiza soloensis","Chinese Sparrowhawk"
"4223","2025/9/20","8-9",3,"DGS","Raptor","Falco subbuteo","Eurasian Hobby"
"4224","2025/9/20","8-9",34,"DGS","Swift","Hirundapus caudacutus","White-throated Needletail"
"4225","2025/9/20","8-9",6,"DGS","Swift","Apus pacificus","Pacific Swift"
"4226","2025/9/20","8-9",2,"DGS","Swift","Aerodramus sp.","Swiftlets"
"4227","2025/9/20","8-9",1,"DGS","Else","Ardea cinerea","Grey Heron"
"4228","2025/9/20","8-9",2,"DGS","Else","Dendronanthus indicus","Forest Wagtail"
"4229","2025/9/20","8-9",8,"DGS","Else","Eophona migratoria","Chinese Grosbeak"
"4230","2025/9/20","9-10",1,"DGS","Raptor","Lophospiza trivirgata","Crested Goshawk"
"4231","2025/9/20","9-10",12,"DGS","Raptor","Tachyspiza soloensis","Chinese Sparrowhawk"
"4232","2025/9/20","9-10",1,"DGS","Raptor","Tachyspiza gularis","Japanese Sparrowhawk"
"4233","2025/9/20","9-10",2,"DGS","Raptor","Falco subbuteo","Eurasian Hobby"
"4234","2025/9/20","9-10",1,"DGS","Swift","Hirundapus caudacutus","White-throated Needletail"
"4235","2025/9/20","9-10",5,"DGS","Swift","Apus pacificus","Pacific Swift"
"4236","2025/9/20","9-10",5,"DGS","Swift","Aerodramus sp.","Swiftlets"
"4237","2025/9/20","9-10",1,"DGS","Else","Delichon dasypus/lagopodum","Asian/Siberian House Martin"
"4238","2025/9/20","9-10",2,"DGS","Else","Dicrurus macrocercus","Black Drongo"
"4239","2025/9/20","9-10",8,"DGS","Else","Ardea coromanda","Eastern Cattle Egret"
"4240","2025/9/20","10-11",2,"DGS","Raptor","Tachyspiza soloensis","Chinese Sparrowhawk"
"4241","2025/9/20","10-11",1,"DGS","Raptor","Tachyspiza gularis","Japanese Sparrowhawk"
"4242","2025/9/20","10-11",2,"DGS","Raptor","Falco subbuteo","Eurasian Hobby"
"4243","2025/9/20","10-11",11,"DGS","Swift","Hirundapus caudacutus","White-throated Needletail"
"4244","2025/9/20","10-11",8,"DGS","Swift","Apus pacificus","Pacific Swift"
"4245","2025/9/20","10-11",6,"DGS","Swift","Aerodramus sp.","Swiftlets"
"4246","2025/9/20","10-11",2,"DGS","Else","Delichon dasypus/lagopodum","Asian/Siberian House Martin"
"4247","2025/9/20","10-11",2,"DGS","Else","Ardea cinerea","Grey Heron"
"4248","2025/9/20","10-11",8,"DGS","Else","Cuculus canorus","Common Cuckoo"
"4249","2025/9/20","11-12",6,"DGS","Raptor","Tachyspiza soloensis","Chinese Sparrowhawk"
"4250","2025/9/20","11-12",3,"DGS","Raptor","Falco subbuteo","Eurasian Hobby"
"4251","2025/9/20","11-12",1,"DGS","Raptor","Falco peregrinus","Peregrine Falcon"
"4252","2025/9/20","11-12",1,"DGS","Swift","Apus pacificus","Pacific Swift"
"4253","2025/9/20","11-12",2,"DGS","Swift","Aerodramus sp.","Swiftlets"
"4254","2025/9/20","11-12",10,"DGS","Else","Delichon dasypus/lagopodum","Asian/Siberian House Martin"
"4255","2025/9/20","12-13",3,"DGS","Raptor","Tachyspiza soloensis","Chinese Sparrowhawk"
"4256","2025/9/20","12-13",1,"DGS","Raptor","Tachyspiza gularis","Japanese Sparrowhawk"
"4257","2025/9/20","12-13",4,"DGS","Raptor","Falco tinnunculus","Common Kestrel"
"4258","2025/9/20","12-13",1,"DGS","Raptor","Falco subbuteo","Eurasian Hobby"
"4259","2025/9/20","12-13",2,"DGS","Raptor","Falco sp.","Unidentified Falcons"
"4260","2025/9/20","12-13",24,"DGS","Swift","Hirundapus caudacutus","White-throated Needletail"
"4261","2025/9/20","12-13",1,"DGS","Else","Delichon dasypus/lagopodum","Asian/Siberian House Martin"
"4262","2025/9/20","13-14",1,"DGS","Raptor","Tachyspiza gularis","Japanese Sparrowhawk"
"4263","2025/9/20","13-14",1,"DGS","Raptor","Falco subbuteo","Eurasian Hobby"
"4264","2025/9/20","13-14",4,"DGS","Swift","Hirundapus caudacutus","White-throated Needletail"
"4265","2025/9/20","13-14",2,"DGS","Swift","Aerodramus sp.","Swiftlets"
"4266","2025/9/20","14-15",2,"DGS","Raptor","Falco tinnunculus","Common Kestrel"
"4267","2025/9/20","14-15",5,"DGS","Swift","Aerodramus sp.","Swiftlets"
"4268","2025/9/20","15-16",1,"DGS","Raptor","Pandion haliaetus","Osprey"
"4269","2025/9/20","15-16",1,"DGS","Raptor","Falco tinnunculus","Common Kestrel"
"4270","2025/9/20","15-16",1,"DGS","Raptor","Falco subbuteo","Eurasian Hobby"
"4271","2025/9/20","15-16",10,"DGS","Swift","Hirundapus caudacutus","White-throated Needletail"
"4272","2025/9/20","15-16",1,"DGS","Swift","Aerodramus sp.","Swiftlets"
"4273","2025/9/20","16-17",4,"DGS","Raptor","Falco subbuteo","Eurasian Hobby"
"4274","2025/9/21","6-7",33,"DGS","Raptor","Tachyspiza soloensis","Chinese Sparrowhawk"
"4275","2025/9/21","6-7",1,"DGS","Raptor","Tachyspiza gularis","Japanese Sparrowhawk"
"4276","2025/9/21","6-7",2,"DGS","Raptor","Falco tinnunculus","Common Kestrel"
"4277","2025/9/21","6-7",1,"DGS","Raptor","Falco subbuteo","Eurasian Hobby"
"4278","2025/9/21","6-7",5,"DGS","Swift","Hirundapus caudacutus","White-throated Needletail"
"4279","2025/9/21","6-7",1,"DGS","Swift","Aerodramus sp.","Swiftlets"
"4280","2025/9/21","6-7",2,"DGS","Else","Oriolus chinensis","Black-naped Oriole"
"4281","2025/9/21","6-7",2,"DGS","Else","Dendronanthus indicus","Forest Wagtail"
"4282","2025/9/21","6-7",5,"DGS","Else","Motacilla cinerea","Grey Wagtail"
"4283","2025/9/21","6-7",1,"DGS","Else","Agropsar sturninus","Daurian Starling"
"4284","2025/9/21","6-7",3,"DGS","Else","Spodiopsar cineraceus","White-cheeked Starling"
"4285","2025/9/21","6-7",1,"DGS","Else","Motacilla tschutschensis","Eastern Yellow Wagtail"
"4286","2025/9/21","6-7",4,"DGS","Else","Ardea cinerea","Grey Heron"
"4287","2025/9/21","6-7",2,"DGS","Else","Sturnia sinensis","White-shouldered Starling"
"4288","2025/9/21","6-7",1,"DGS","Else","Spodiopsar sericeus","Red-billed Starling"
"4289","2025/9/21","7-8",1,"DGS","Raptor","Pernis ptilorhynchus","Crested Honey-buzzard"
"4290","2025/9/21","7-8",178,"DGS","Raptor","Tachyspiza soloensis","Chinese Sparrowhawk"
"4291","2025/9/21","7-8",1,"DGS","Raptor","Falco subbuteo","Eurasian Hobby"
"4292","2025/9/21","7-8",1,"DGS","Raptor","Raptors (unidentified)","Unidentified Raptors"
"4293","2025/9/21","7-8",1,"DGS","Swift","Hirundapus caudacutus","White-throated Needletail"
"4294","2025/9/21","7-8",2,"DGS","Swift","Apus pacificus","Pacific Swift"
"4295","2025/9/21","7-8",1,"DGS","Swift","Aerodramus sp.","Swiftlets"
"4296","2025/9/21","7-8",3,"DGS","Else","Spodiopsar cineraceus","White-cheeked Starling"
"4297","2025/9/21","8-9",92,"DGS","Raptor","Tachyspiza soloensis","Chinese Sparrowhawk"
"4298","2025/9/21","8-9",2,"DGS","Raptor","Tachyspiza gularis","Japanese Sparrowhawk"
"4299","2025/9/21","8-9",2,"DGS","Swift","Apus pacificus","Pacific Swift"
"4300","2025/9/21","8-9",1,"DGS","Swift","Aerodramus sp.","Swiftlets"
"4301","2025/9/21","8-9",1,"DGS","Else","Delichon dasypus/lagopodum","Asian/Siberian House Martin"
"4302","2025/9/21","8-9",1,"DGS","Else","Anthus richardi","Richard's Pipit"
"4303","2025/9/21","8-9",4,"DGS","Else","Eophona migratoria","Chinese Grosbeak"
"4304","2025/9/21","9-10",1,"DGS","Raptor","Tachyspiza soloensis","Chinese Sparrowhawk"
"4305","2025/9/21","10-11",2,"DGS","Raptor","Tachyspiza soloensis","Chinese Sparrowhawk"
"4306","2025/9/21","10-11",2,"DGS","Swift","Aerodramus sp.","Swiftlets"
"4307","2025/9/21","11-12",1,"DGS","Raptor","Falco tinnunculus","Common Kestrel"
"4308","2025/9/21","11-12",2,"DGS","Else","Motacilla cinerea","Grey Wagtail"
"4309","2025/9/21","12-13",36,"DGS","Raptor","Tachyspiza soloensis","Chinese Sparrowhawk"
"4310","2025/9/21","13-14",1,"DGS","Swift","Hirundapus caudacutus","White-throated Needletail"
"4311","2025/9/21","14-15",1,"DGS","Raptor","Falco tinnunculus","Common Kestrel"
"4312","2025/9/21","14-15",1,"DGS","Raptor","Falco subbuteo","Eurasian Hobby"
"4313","2025/9/21","14-15",4,"DGS","Else","Ardea coromanda","Eastern Cattle Egret"
"4314","2025/9/21","14-15",1,"DGS","Else","Cuculus canorus","Common Cuckoo"
"4315","2025/9/21","15-16",1,"DGS","Raptor","Tachyspiza soloensis","Chinese Sparrowhawk"
"4316","2025/9/21","15-16",1,"DGS","Raptor","Falco tinnunculus","Common Kestrel"
"4317","2025/9/21","15-16",2,"DGS","Swift","Aerodramus sp.","Swiftlets"
"4318","2025/9/21","15-16",20,"DGS","Else","Ardea coromanda","Eastern Cattle Egret"
"4319","2025/9/22","6-7",3,"DGS","Raptor","Tachyspiza soloensis","Chinese Sparrowhawk"
"4320","2025/9/22","6-7",1,"DGS","Raptor","Butastur indicus","Grey-faced Buzzard"
"4321","2025/9/22","6-7",1,"DGS","Raptor","Falco sp.","Unidentified Falcons"
"4322","2025/9/22","6-7",2,"DGS","Swift","Aerodramus sp.","Swiftlets"
"4323","2025/9/22","6-7",2,"DGS","Else","Muscicapa dauurica","Asian Brown Flycatcher"
"4324","2025/9/22","6-7",3,"DGS","Else","Ardea alba","Great Egret"
"4325","2025/9/22","6-7",2,"DGS","Else","Spodiopsar cineraceus","White-cheeked Starling"
"4326","2025/9/22","6-7",1,"DGS","Else","Dendronanthus indicus","Forest Wagtail"
"4327","2025/9/22","7-8",6,"DGS","Raptor","Pernis ptilorhynchus","Crested Honey-buzzard"
"4328","2025/9/22","7-8",77,"DGS","Raptor","Tachyspiza soloensis","Chinese Sparrowhawk"
"4329","2025/9/22","7-8",1,"DGS","Raptor","Falco tinnunculus","Common Kestrel"
"4330","2025/9/22","7-8",2,"DGS","Raptor","Falco subbuteo","Eurasian Hobby"
"4331","2025/9/22","7-8",8,"DGS","Swift","Hirundapus caudacutus","White-throated Needletail"
"4332","2025/9/22","7-8",2,"DGS","Else","Spodiopsar cineraceus","White-cheeked Starling"
"4333","2025/9/22","7-8",1,"DGS","Else","Dendronanthus indicus","Forest Wagtail"
"4334","2025/9/22","8-9",17,"DGS","Raptor","Pernis ptilorhynchus","Crested Honey-buzzard"
"4335","2025/9/22","8-9",2,"DGS","Raptor","Lophospiza trivirgata","Crested Goshawk"
"4336","2025/9/22","8-9",27,"DGS","Raptor","Tachyspiza soloensis","Chinese Sparrowhawk"
"4337","2025/9/22","8-9",3,"DGS","Raptor","Tachyspiza gularis","Japanese Sparrowhawk"
"4338","2025/9/22","8-9",2,"DGS","Raptor","Falco tinnunculus","Common Kestrel"
"4339","2025/9/22","8-9",1,"DGS","Raptor","Eagles (unidentified)","Unidentified Eagles"
"4340","2025/9/22","8-9",1,"DGS","Swift","Aerodramus sp.","Swiftlets"
"4341","2025/9/22","8-9",1,"DGS","Else","Lanius cristatus","Brown Shrike"
"4342","2025/9/22","9-10",2,"DGS","Raptor","Tachyspiza gularis","Japanese Sparrowhawk"
"4343","2025/9/22","9-10",2,"DGS","Swift","Aerodramus sp.","Swiftlets"
"4344","2025/9/22","9-10",3,"DGS","Else","Ardea alba","Great Egret"
"4345","2025/9/22","9-10",12,"DGS","Else","Ardea coromanda","Eastern Cattle Egret"
"4346","2025/9/22","10-11",2,"DGS","Raptor","Pernis ptilorhynchus","Crested Honey-buzzard"
"4347","2025/9/22","10-11",4,"DGS","Raptor","Tachyspiza soloensis","Chinese Sparrowhawk"
"4348","2025/9/22","10-11",1,"DGS","Raptor","Tachyspiza gularis","Japanese Sparrowhawk"
"4349","2025/9/22","10-11",5,"DGS","Raptor","Falco tinnunculus","Common Kestrel"
"4350","2025/9/22","10-11",1,"DGS","Raptor","Raptors (unidentified)","Unidentified Raptors"
"4351","2025/9/22","11-12",1,"DGS","Raptor","Pernis ptilorhynchus","Crested Honey-buzzard"
"4352","2025/9/22","11-12",2,"DGS","Raptor","Tachyspiza soloensis","Chinese Sparrowhawk"
"4353","2025/9/22","13-14",1,"DGS","Raptor","Falco tinnunculus","Common Kestrel"
"4354","2025/9/22","13-14",1,"DGS","Else","Ardea cinerea","Grey Heron"
"4355","2025/9/22","16-17",1,"DGS","Raptor","Falco peregrinus","Peregrine Falcon"
"4356","2025/9/22","16-17",1,"DGS","Raptor","Eagles (unidentified)","Unidentified Eagles"
"4357","2025/9/22","16-17",2,"DGS","Else","Dicrurus macrocercus","Black Drongo"
"4358","2025/9/23","6-7",1,"DGS","Raptor","Falco subbuteo","Eurasian Hobby"
"4359","2025/9/23","6-7",2,"DGS","Else","Ardea cinerea","Grey Heron"
"4360","2025/9/23","6-7",5,"DGS","Else","Motacilla tschutschensis","Eastern Yellow Wagtail"
"4361","2025/9/23","6-7",2,"DGS","Else","Agropsar sturninus","Daurian Starling"
"4362","2025/9/23","6-7",2,"DGS","Else","Spodiopsar sericeus","Red-billed Starling"
"4363","2025/9/23","6-7",2,"DGS","Else","Dicrurus macrocercus","Black Drongo"
"4364","2025/9/23","6-7",1,"DGS","Else","Lalage melaschistos","Black-winged Cuckooshrike"
"4365","2025/9/23","6-7",9,"DGS","Else","Pericrocotus divaricatus","Ashy Minivet"
"4366","2025/9/23","7-8",2,"DGS","Raptor","Lophospiza trivirgata","Crested Goshawk"
"4367","2025/9/23","7-8",62,"DGS","Raptor","Tachyspiza soloensis","Chinese Sparrowhawk"
"4368","2025/9/23","7-8",1,"DGS","Raptor","Tachyspiza virgata","Besra"
"4369","2025/9/23","7-8",1,"DGS","Raptor","Butastur indicus","Grey-faced Buzzard"
"4370","2025/9/23","7-8",2,"DGS","Raptor","Falco tinnunculus","Common Kestrel"
"4371","2025/9/23","7-8",2,"DGS","Raptor","Falco subbuteo","Eurasian Hobby"
"4372","2025/9/23","7-8",1,"DGS","Swift","Aerodramus sp.","Swiftlets"
"4373","2025/9/23","7-8",4,"DGS","Else","Ardea coromanda","Eastern Cattle Egret"
"4374","2025/9/23","7-8",14,"DGS","Else","Spodiopsar cineraceus","White-cheeked Starling"
"4375","2025/9/23","7-8",8,"DGS","Else","Eophona migratoria","Chinese Grosbeak"
"4376","2025/9/23","8-9",1,"DGS","Raptor","Pandion haliaetus","Osprey"
"4377","2025/9/23","8-9",1,"DGS","Raptor","Pernis ptilorhynchus","Crested Honey-buzzard"
"4378","2025/9/23","8-9",1,"DGS","Raptor","Lophospiza trivirgata","Crested Goshawk"
"4379","2025/9/23","8-9",18,"DGS","Raptor","Tachyspiza soloensis","Chinese Sparrowhawk"
"4380","2025/9/23","8-9",2,"DGS","Raptor","Falco tinnunculus","Common Kestrel"
"4381","2025/9/23","8-9",3,"DGS","Raptor","Falco subbuteo","Eurasian Hobby"
"4382","2025/9/23","8-9",2,"DGS","Swift","Hirundapus caudacutus","White-throated Needletail"
"4383","2025/9/23","8-9",4,"DGS","Swift","Apus pacificus","Pacific Swift"
"4384","2025/9/23","8-9",2,"DGS","Else","Spodiopsar sericeus","Red-billed Starling"
"4385","2025/9/23","9-10",1,"DGS","Raptor","Lophospiza trivirgata","Crested Goshawk"
"4386","2025/9/23","9-10",1,"DGS","Raptor","Tachyspiza soloensis","Chinese Sparrowhawk"
"4387","2025/9/23","9-10",2,"DGS","Raptor","Falco subbuteo","Eurasian Hobby"
"4388","2025/9/23","10-11",2,"DGS","Raptor","Tachyspiza soloensis","Chinese Sparrowhawk"
"4389","2025/9/23","10-11",1,"DGS","Raptor","Falco tinnunculus","Common Kestrel"
"4390","2025/9/23","11-12",1,"DGS","Raptor","Tachyspiza gularis","Japanese Sparrowhawk"
"4391","2025/9/23","11-12",1,"DGS","Raptor","Milvus migrans","Black Kite"
"4392","2025/9/23","11-12",1,"DGS","Raptor","Falco subbuteo","Eurasian Hobby"
"4393","2025/9/23","12-13",1,"DGS","Raptor","Falco subbuteo","Eurasian Hobby"
"4394","2025/9/23","13-14",2,"DGS","Raptor","Falco subbuteo","Eurasian Hobby"
"4395","2025/9/23","13-14",1,"DGS","Swift","Aerodramus sp.","Swiftlets"
"4396","2025/9/23","14-15",4,"DGS","Raptor","Falco subbuteo","Eurasian Hobby"
"4397","2025/9/23","15-16",1,"DGS","Raptor","Butastur indicus","Grey-faced Buzzard"
"4398","2025/9/23","15-16",2,"DGS","Raptor","Falco subbuteo","Eurasian Hobby"
"4399","2025/9/23","15-16",1,"DGS","Raptor","Falco peregrinus","Peregrine Falcon"
"4400","2025/9/24","6-7",2,"DGS","Raptor","Lophospiza trivirgata","Crested Goshawk"
"4401","2025/9/24","6-7",1,"DGS","Swift","Hirundapus caudacutus","White-throated Needletail"
"4402","2025/9/24","6-7",2,"DGS","Swift","Apus pacificus","Pacific Swift"
"4403","2025/9/24","6-7",1,"DGS","Else","Ardea cinerea","Grey Heron"
"4404","2025/9/24","6-7",4,"DGS","Else","Spodiopsar sericeus","Red-billed Starling"
"4405","2025/9/24","6-7",2,"DGS","Else","Spodiopsar cineraceus","White-cheeked Starling"
"4406","2025/9/24","7-8",1,"DGS","Raptor","Butastur indicus","Grey-faced Buzzard"
"4407","2025/9/24","7-8",1,"DGS","Raptor","Falco subbuteo","Eurasian Hobby"
"4408","2025/9/24","7-8",5,"DGS","Swift","Hirundapus caudacutus","White-throated Needletail"
"4409","2025/9/24","7-8",22,"DGS","Swift","Apus pacificus","Pacific Swift"
"4410","2025/9/24","7-8",2,"DGS","Else","Ardea coromanda","Eastern Cattle Egret"
"4411","2025/9/24","7-8",4,"DGS","Else","Chloris sinica","Grey-capped Greenfinch"
"4412","2025/9/24","8-9",25,"DGS","Raptor","Tachyspiza soloensis","Chinese Sparrowhawk"
"4413","2025/9/24","8-9",2,"DGS","Raptor","Tachyspiza gularis","Japanese Sparrowhawk"
"4414","2025/9/24","8-9",1,"DGS","Raptor","Falco subbuteo","Eurasian Hobby"
"4415","2025/9/24","8-9",72,"DGS","Swift","Hirundapus caudacutus","White-throated Needletail"
"4416","2025/9/24","8-9",119,"DGS","Swift","Apus pacificus","Pacific Swift"
"4417","2025/9/24","8-9",2,"DGS","Else","Muscicapa griseisticta","Grey-streaked Flycatcher"
"4418","2025/9/24","9-10",7,"DGS","Raptor","Tachyspiza soloensis","Chinese Sparrowhawk"
"4419","2025/9/24","9-10",1,"DGS","Raptor","Tachyspiza gularis","Japanese Sparrowhawk"
"4420","2025/9/24","9-10",48,"DGS","Swift","Hirundapus caudacutus","White-throated Needletail"
"4421","2025/9/24","9-10",40,"DGS","Swift","Apus pacificus","Pacific Swift"
"4422","2025/9/24","9-10",7,"DGS","Else","Pericrocotus divaricatus","Ashy Minivet"
"4423","2025/9/24","10-11",1,"DGS","Raptor","Tachyspiza soloensis","Chinese Sparrowhawk"
"4424","2025/9/24","10-11",1,"DGS","Raptor","Butastur indicus","Grey-faced Buzzard"
"4425","2025/9/24","10-11",3,"DGS","Raptor","Falco subbuteo","Eurasian Hobby"
"4426","2025/9/24","10-11",11,"DGS","Swift","Hirundapus caudacutus","White-throated Needletail"
"4427","2025/9/24","10-11",1,"DGS","Swift","Aerodramus sp.","Swiftlets"
"4428","2025/9/24","10-11",11,"DGS","Else","Pericrocotus divaricatus","Ashy Minivet"
"4429","2025/9/24","10-11",1,"DGS","Swift","Apus nipalensis","House Swift"
"4430","2025/9/24","11-12",2,"DGS","Raptor","Tachyspiza gularis","Japanese Sparrowhawk"
"4431","2025/9/24","12-13",10,"DGS","Swift","Hirundapus caudacutus","White-throated Needletail"
"4432","2025/9/24","13-14",1,"DGS","Raptor","Butastur indicus","Grey-faced Buzzard"
"4433","2025/9/24","13-14",1,"DGS","Raptor","Falco tinnunculus","Common Kestrel"
"4434","2025/9/24","13-14",1,"DGS","Raptor","Falco subbuteo","Eurasian Hobby"
"4435","2025/9/24","14-15",1,"DGS","Raptor","Falco tinnunculus","Common Kestrel"
"4436","2025/9/24","14-15",2,"DGS","Raptor","Falco subbuteo","Eurasian Hobby"
"4437","2025/9/24","15-16",2,"DGS","Raptor","Tachyspiza soloensis","Chinese Sparrowhawk"
"4438","2025/9/24","15-16",1,"DGS","Raptor","Falco tinnunculus","Common Kestrel"
"4439","2025/9/24","15-16",1,"DGS","Raptor","Falco amurensis","Amur Falcon"
"4440","2025/9/24","15-16",4,"DGS","Raptor","Falco subbuteo","Eurasian Hobby"
"4441","2025/9/24","16-17",4,"DGS","Raptor","Falco subbuteo","Eurasian Hobby"
"4442","2025/9/25","6-7",3,"DGS","Raptor","Tachyspiza soloensis","Chinese Sparrowhawk"
"4443","2025/9/25","6-7",1,"DGS","Raptor","Tachyspiza gularis","Japanese Sparrowhawk"
"4444","2025/9/25","6-7",3,"DGS","Raptor","Butastur indicus","Grey-faced Buzzard"
"4445","2025/9/25","6-7",3,"DGS","Swift","Hirundapus caudacutus","White-throated Needletail"
"4446","2025/9/25","6-7",29,"DGS","Else","Spodiopsar sericeus","Red-billed Starling"
"4447","2025/9/25","6-7",4,"DGS","Else","Spodiopsar cineraceus","White-cheeked Starling"
"4448","2025/9/25","6-7",5,"DGS","Else","Pericrocotus cantonensis","Swinhoe's Minivet"
"4449","2025/9/25","6-7",8,"DGS","Else","Cisticola juncidis","Zitting Cisticola"
"4450","2025/9/25","7-8",34,"DGS","Raptor","Tachyspiza soloensis","Chinese Sparrowhawk"
"4451","2025/9/25","7-8",1,"DGS","Raptor","Tachyspiza gularis","Japanese Sparrowhawk"
"4452","2025/9/25","7-8",1,"DGS","Raptor","Falco tinnunculus","Common Kestrel"
"4453","2025/9/25","7-8",1,"DGS","Raptor","Falco subbuteo","Eurasian Hobby"
"4454","2025/9/25","7-8",4,"DGS","Swift","Hirundapus caudacutus","White-throated Needletail"
"4455","2025/9/25","8-9",15,"DGS","Raptor","Tachyspiza soloensis","Chinese Sparrowhawk"
"4456","2025/9/25","8-9",2,"DGS","Raptor","Tachyspiza gularis","Japanese Sparrowhawk"
"4457","2025/9/25","8-9",1,"DGS","Raptor","Circus spilonotus","Eastern Marsh Harrier"
"4458","2025/9/25","8-9",1,"DGS","Raptor","Falco tinnunculus","Common Kestrel"
"4459","2025/9/25","8-9",1,"DGS","Raptor","Falco subbuteo","Eurasian Hobby"
"4460","2025/9/25","8-9",36,"DGS","Swift","Hirundapus caudacutus","White-throated Needletail"
"4461","2025/9/25","8-9",1,"DGS","Else","Ardea cinerea","Grey Heron"
"4462","2025/9/25","8-9",4,"DGS","Else","Motacilla tschutschensis","Eastern Yellow Wagtail"
"4463","2025/9/25","9-10",2,"DGS","Raptor","Lophospiza trivirgata","Crested Goshawk"
"4464","2025/9/25","9-10",3,"DGS","Raptor","Tachyspiza soloensis","Chinese Sparrowhawk"
"4465","2025/9/25","9-10",1,"DGS","Raptor","Falco tinnunculus","Common Kestrel"
"4466","2025/9/25","9-10",1,"DGS","Raptor","Falco subbuteo","Eurasian Hobby"
"4467","2025/9/25","9-10",17,"DGS","Swift","Hirundapus caudacutus","White-throated Needletail"
"4468","2025/9/25","10-11",1,"DGS","Raptor","Pernis ptilorhynchus","Crested Honey-buzzard"
"4469","2025/9/25","10-11",2,"DGS","Raptor","Lophospiza trivirgata","Crested Goshawk"
"4470","2025/9/25","10-11",5,"DGS","Raptor","Tachyspiza soloensis","Chinese Sparrowhawk"
"4471","2025/9/25","10-11",2,"DGS","Raptor","Falco subbuteo","Eurasian Hobby"
"4472","2025/9/25","10-11",8,"DGS","Swift","Hirundapus caudacutus","White-throated Needletail"
"4473","2025/9/25","10-11",1,"DGS","Swift","Aerodramus sp.","Swiftlets"
"4474","2025/9/25","10-11",1,"DGS","Else","Aethopyga christinae","Fork-tailed Sunbird"
"4475","2025/9/25","11-12",1,"DGS","Raptor","Tachyspiza soloensis","Chinese Sparrowhawk"
"4476","2025/9/25","11-12",2,"DGS","Raptor","Falco tinnunculus","Common Kestrel"
"4477","2025/9/25","11-12",1,"DGS","Raptor","Falco amurensis","Amur Falcon"
"4478","2025/9/25","11-12",4,"DGS","Raptor","Falco subbuteo","Eurasian Hobby"
"4479","2025/9/25","11-12",1,"DGS","Swift","Hirundapus caudacutus","White-throated Needletail"
"4480","2025/9/25","12-13",1,"DGS","Raptor","Tachyspiza soloensis","Chinese Sparrowhawk"
"4481","2025/9/25","13-14",2,"DGS","Raptor","Tachyspiza soloensis","Chinese Sparrowhawk"
"4482","2025/9/25","13-14",1,"DGS","Else","Delichon dasypus/lagopodum","Asian/Siberian House Martin"
"4483","2025/9/25","14-15",1,"DGS","Raptor","Falco tinnunculus","Common Kestrel"
"4484","2025/9/25","15-16",9,"DGS","Raptor","Tachyspiza soloensis","Chinese Sparrowhawk"
"4485","2025/9/25","15-16",1,"DGS","Raptor","Falco subbuteo","Eurasian Hobby"
"4486","2025/9/25","16-17",1,"DGS","Raptor","Falco subbuteo","Eurasian Hobby"
"4487","2025/9/26","Before 6",30,"DGS","Else","Pericrocotus divaricatus","Ashy Minivet"
"4488","2025/9/26","6-7",1,"DGS","Raptor","Falco tinnunculus","Common Kestrel"
"4489","2025/9/26","6-7",9,"DGS","Else","Ardea coromanda","Eastern Cattle Egret"
"4490","2025/9/26","6-7",1,"DGS","Else","Spodiopsar sericeus","Red-billed Starling"
"4491","2025/9/26","7-8",1,"DGS","Raptor","Lophospiza trivirgata","Crested Goshawk"
"4492","2025/9/26","7-8",16,"DGS","Raptor","Tachyspiza soloensis","Chinese Sparrowhawk"
"4493","2025/9/26","7-8",3,"DGS","Raptor","Tachyspiza gularis","Japanese Sparrowhawk"
"4494","2025/9/26","7-8",1,"DGS","Swift","Hirundapus caudacutus","White-throated Needletail"
"4495","2025/9/26","7-8",2,"DGS","Swift","Apus pacificus","Pacific Swift"
"4496","2025/9/26","7-8",10,"DGS","Else","Pericrocotus divaricatus","Ashy Minivet"
"4497","2025/9/26","8-9",1,"DGS","Raptor","Lophospiza trivirgata","Crested Goshawk"
"4498","2025/9/26","8-9",10,"DGS","Raptor","Tachyspiza soloensis","Chinese Sparrowhawk"
"4499","2025/9/26","8-9",1,"DGS","Raptor","Tachyspiza gularis","Japanese Sparrowhawk"
"4500","2025/9/26","8-9",3,"DGS","Raptor","Butastur indicus","Grey-faced Buzzard"
"4501","2025/9/26","8-9",4,"DGS","Raptor","Falco subbuteo","Eurasian Hobby"
"4502","2025/9/26","8-9",1,"DGS","Raptor","Raptors (unidentified)","Unidentified Raptors"
"4503","2025/9/26","8-9",17,"DGS","Swift","Hirundapus caudacutus","White-throated Needletail"
"4504","2025/9/26","8-9",9,"DGS","Swift","Apus pacificus","Pacific Swift"
"4505","2025/9/26","8-9",2,"DGS","Else","Motacilla tschutschensis","Eastern Yellow Wagtail"
"4506","2025/9/26","8-9",1,"DGS","Else","Saxicola stejnegeri","Stejneger's Stonechat"
"4507","2025/9/26","9-10",2,"DGS","Raptor","Lophospiza trivirgata","Crested Goshawk"
"4508","2025/9/26","9-10",2,"DGS","Raptor","Tachyspiza soloensis","Chinese Sparrowhawk"
"4509","2025/9/26","9-10",1,"DGS","Raptor","Tachyspiza gularis","Japanese Sparrowhawk"
"4510","2025/9/26","9-10",2,"DGS","Raptor","Falco tinnunculus","Common Kestrel"
"4511","2025/9/26","9-10",1,"DGS","Raptor","Falco subbuteo","Eurasian Hobby"
"4512","2025/9/26","9-10",1,"DGS","Swift","Aerodramus sp.","Swiftlets"
"4513","2025/9/26","9-10",1,"DGS","Else","Motacilla cinerea","Grey Wagtail"
"4514","2025/9/26","10-11",2,"DGS","Raptor","Tachyspiza soloensis","Chinese Sparrowhawk"
"4515","2025/9/26","10-11",1,"DGS","Raptor","Falco subbuteo","Eurasian Hobby"
"4516","2025/9/26","10-11",4,"DGS","Swift","Hirundapus caudacutus","White-throated Needletail"
"4517","2025/9/26","10-11",1,"DGS","Swift","Apus pacificus","Pacific Swift"
"4518","2025/9/26","11-12",5,"DGS","Raptor","Tachyspiza soloensis","Chinese Sparrowhawk"
"4519","2025/9/26","11-12",2,"DGS","Raptor","Tachyspiza gularis","Japanese Sparrowhawk"
"4520","2025/9/26","11-12",1,"DGS","Raptor","Butastur indicus","Grey-faced Buzzard"
"4521","2025/9/26","11-12",2,"DGS","Raptor","Falco tinnunculus","Common Kestrel"
"4522","2025/9/26","11-12",1,"DGS","Raptor","Falco subbuteo","Eurasian Hobby"
"4523","2025/9/26","11-12",19,"DGS","Swift","Hirundapus caudacutus","White-throated Needletail"
"4524","2025/9/26","12-13",1,"DGS","Raptor","Tachyspiza soloensis","Chinese Sparrowhawk"
"4525","2025/9/26","12-13",1,"DGS","Raptor","Falco subbuteo","Eurasian Hobby"
"4526","2025/9/26","12-13",1,"DGS","Swift","Aerodramus sp.","Swiftlets"
"4527","2025/9/26","12-13",1,"DGS","Else","Lanius cristatus","Brown Shrike"
"4528","2025/9/26","13-14",2,"DGS","Raptor","Tachyspiza soloensis","Chinese Sparrowhawk"
"4529","2025/9/26","13-14",1,"DGS","Raptor","Tachyspiza gularis","Japanese Sparrowhawk"
"4530","2025/9/26","13-14",2,"DGS","Raptor","Falco tinnunculus","Common Kestrel"
"4531","2025/9/26","14-15",1,"DGS","Raptor","Falco subbuteo","Eurasian Hobby"
"4532","2025/9/26","14-15",3,"DGS","Swift","Hirundapus caudacutus","White-throated Needletail"
"4533","2025/9/26","15-16",1,"DGS","Raptor","Tachyspiza soloensis","Chinese Sparrowhawk"
"4534","2025/9/27","Before 6",1,"DGS","Raptor","Pernis ptilorhynchus","Crested Honey-buzzard"
"4535","2025/9/27","6-7",3,"DGS","Raptor","Tachyspiza gularis","Japanese Sparrowhawk"
"4536","2025/9/27","6-7",6,"DGS","Swift","Hirundapus caudacutus","White-throated Needletail"
"4537","2025/9/27","6-7",1,"DGS","Swift","Aerodramus sp.","Swiftlets"
"4538","2025/9/27","6-7",1,"DGS","Else","Delichon dasypus/lagopodum","Asian/Siberian House Martin"
"4539","2025/9/27","6-7",50,"DGS","Else","Spodiopsar sericeus","Red-billed Starling"
"4540","2025/9/27","6-7",2,"DGS","Else","Motacilla cinerea","Grey Wagtail"
"4541","2025/9/27","6-7",33,"DGS","Else","Pericrocotus divaricatus","Ashy Minivet"
"4542","2025/9/27","7-8",1,"DGS","Raptor","Lophospiza trivirgata","Crested Goshawk"
"4543","2025/9/27","7-8",6,"DGS","Raptor","Tachyspiza soloensis","Chinese Sparrowhawk"
"4544","2025/9/27","7-8",1,"DGS","Raptor","Tachyspiza gularis","Japanese Sparrowhawk"
"4545","2025/9/27","7-8",1,"DGS","Raptor","Falco subbuteo","Eurasian Hobby"
"4546","2025/9/27","7-8",1,"DGS","Raptor","Eagles (unidentified)","Unidentified Eagles"
"4547","2025/9/27","7-8",1,"DGS","Swift","Hirundapus caudacutus","White-throated Needletail"
"4548","2025/9/27","7-8",1,"DGS","Swift","Apus pacificus","Pacific Swift"
"4549","2025/9/27","7-8",2,"DGS","Else","Delichon dasypus/lagopodum","Asian/Siberian House Martin"
"4550","2025/9/27","7-8",2,"DGS","Else","Pericrocotus cantonensis","Swinhoe's Minivet"
"4551","2025/9/27","8-9",1,"DGS","Raptor","Lophospiza trivirgata","Crested Goshawk"
"4552","2025/9/27","8-9",9,"DGS","Raptor","Tachyspiza soloensis","Chinese Sparrowhawk"
"4553","2025/9/27","8-9",4,"DGS","Raptor","Tachyspiza gularis","Japanese Sparrowhawk"
"4554","2025/9/27","8-9",1,"DGS","Raptor","Falco tinnunculus","Common Kestrel"
"4555","2025/9/27","8-9",1,"DGS","Raptor","Falco subbuteo","Eurasian Hobby"
"4556","2025/9/27","8-9",3,"DGS","Raptor","Eagles (unidentified)","Unidentified Eagles"
"4557","2025/9/27","8-9",31,"DGS","Swift","Hirundapus caudacutus","White-throated Needletail"
"4558","2025/9/27","8-9",3,"DGS","Swift","Apus pacificus","Pacific Swift"
"4559","2025/9/27","8-9",1,"DGS","Swift","Aerodramus sp.","Swiftlets"
"4560","2025/9/27","8-9",1,"DGS","Else","Muscicapa griseisticta","Grey-streaked Flycatcher"
"4561","2025/9/27","8-9",1,"DGS","Else","Motacilla cinerea","Grey Wagtail"
"4562","2025/9/27","8-9",4,"DGS","Else","Spodiopsar cineraceus","White-cheeked Starling"
"4563","2025/9/27","8-9",1,"DGS","Else","Muscicapa dauurica","Asian Brown Flycatcher"
"4564","2025/9/27","8-9",1,"DGS","Else","Ardea alba","Great Egret"
"4565","2025/9/27","9-10",1,"DGS","Raptor","Pandion haliaetus","Osprey"
"4566","2025/9/27","9-10",3,"DGS","Raptor","Lophospiza trivirgata","Crested Goshawk"
"4567","2025/9/27","9-10",5,"DGS","Raptor","Tachyspiza soloensis","Chinese Sparrowhawk"
"4568","2025/9/27","9-10",3,"DGS","Raptor","Tachyspiza gularis","Japanese Sparrowhawk"
"4569","2025/9/27","9-10",3,"DGS","Raptor","Falco subbuteo","Eurasian Hobby"
"4570","2025/9/27","9-10",2,"DGS","Raptor","Eagles (unidentified)","Unidentified Eagles"
"4571","2025/9/27","9-10",1,"DGS","Raptor","Falco sp.","Unidentified Falcons"
"4572","2025/9/27","9-10",9,"DGS","Swift","Hirundapus caudacutus","White-throated Needletail"
"4573","2025/9/27","9-10",2,"DGS","Swift","Aerodramus sp.","Swiftlets"
"4574","2025/9/27","10-11",2,"DGS","Raptor","Lophospiza trivirgata","Crested Goshawk"
"4575","2025/9/27","10-11",4,"DGS","Raptor","Tachyspiza soloensis","Chinese Sparrowhawk"
"4576","2025/9/27","10-11",4,"DGS","Raptor","Tachyspiza gularis","Japanese Sparrowhawk"
"4577","2025/9/27","10-11",1,"DGS","Raptor","Circus melanoleucos","Pied Harrier"
"4578","2025/9/27","10-11",2,"DGS","Raptor","Falco subbuteo","Eurasian Hobby"
"4579","2025/9/27","10-11",1,"DGS","Raptor","Spilornis cheela","Crested Serpent Eagle"
"4580","2025/9/27","10-11",4,"DGS","Raptor","Eagles (unidentified)","Unidentified Eagles"
"4581","2025/9/27","10-11",18,"DGS","Swift","Hirundapus caudacutus","White-throated Needletail"
"4582","2025/9/27","10-11",1,"DGS","Swift","Apus pacificus","Pacific Swift"
"4583","2025/9/27","10-11",1,"DGS","Swift","Aerodramus sp.","Swiftlets"
"4584","2025/9/27","11-12",2,"DGS","Raptor","Tachyspiza soloensis","Chinese Sparrowhawk"
"4585","2025/9/27","11-12",3,"DGS","Raptor","Tachyspiza gularis","Japanese Sparrowhawk"
"4586","2025/9/27","11-12",1,"DGS","Raptor","Falco tinnunculus","Common Kestrel"
"4587","2025/9/27","11-12",2,"DGS","Raptor","Falco subbuteo","Eurasian Hobby"
"4588","2025/9/27","11-12",2,"DGS","Raptor","Eagles (unidentified)","Unidentified Eagles"
"4589","2025/9/27","11-12",1,"DGS","Swift","Hirundapus caudacutus","White-throated Needletail"
"4590","2025/9/27","11-12",2,"DGS","Else","Eophona migratoria","Chinese Grosbeak"
"4591","2025/9/27","12-13",1,"DGS","Raptor","Tachyspiza soloensis","Chinese Sparrowhawk"
"4592","2025/9/27","12-13",2,"DGS","Raptor","Tachyspiza gularis","Japanese Sparrowhawk"
"4593","2025/9/27","12-13",1,"DGS","Swift","Apus pacificus","Pacific Swift"
"4594","2025/9/27","13-14",1,"DGS","Raptor","Pandion haliaetus","Osprey"
"4595","2025/9/27","13-14",2,"DGS","Raptor","Tachyspiza gularis","Japanese Sparrowhawk"
"4596","2025/9/27","13-14",1,"DGS","Raptor","Falco tinnunculus","Common Kestrel"
"4597","2025/9/27","13-14",1,"DGS","Raptor","Eagles (unidentified)","Unidentified Eagles"
"4598","2025/9/27","13-14",5,"DGS","Else","Anthus cervinus","Red-throated Pipit"
"4599","2025/9/27","14-15",1,"DGS","Raptor","Falco peregrinus","Peregrine Falcon"
"4600","2025/9/27","14-15",3,"DGS","Swift","Hirundapus caudacutus","White-throated Needletail"
"4601","2025/9/27","14-15",1,"DGS","Swift","Apus pacificus","Pacific Swift"
"4602","2025/9/27","14-15",1,"DGS","Else","Delichon dasypus/lagopodum","Asian/Siberian House Martin"
"4603","2025/9/27","14-15",4,"DGS","Else","Pericrocotus cantonensis","Swinhoe's Minivet"
"4604","2025/9/27","15-16",1,"DGS","Raptor","Falco tinnunculus","Common Kestrel"
"4605","2025/9/27","15-16",1,"DGS","Raptor","Falco subbuteo","Eurasian Hobby"
"4606","2025/9/27","15-16",4,"DGS","Raptor","Falco sp.","Unidentified Falcons"
"4607","2025/9/27","15-16",2,"DGS","Else","Motacilla cinerea","Grey Wagtail"
"4608","2025/9/27","15-16",1,"DGS","Else","Oriolus chinensis","Black-naped Oriole"
"4609","2025/9/27","15-16",33,"DGS","Else","Ardea coromanda","Eastern Cattle Egret"
"4610","2025/9/27","15-16",1,"DGS","Else","Anthus gustavi","Pechora Pipit"
"4611","2025/9/27","16-17",1,"DGS","Raptor","Pernis ptilorhynchus","Crested Honey-buzzard"
"4612","2025/9/27","16-17",1,"DGS","Raptor","Butastur indicus","Grey-faced Buzzard"
"4613","2025/9/27","16-17",14,"DGS","Swift","Hirundapus caudacutus","White-throated Needletail"
"4614","2025/9/27","16-17",17,"DGS","Swift","Apus pacificus","Pacific Swift"
"4615","2025/9/28","Before 6",3,"DGS","Swift","Hirundapus caudacutus","White-throated Needletail"
"4616","2025/9/28","Before 6",80,"DGS","Else","Pericrocotus divaricatus","Ashy Minivet"
"4617","2025/9/28","6-7",2,"DGS","Swift","Aerodramus sp.","Swiftlets"
"4618","2025/9/28","6-7",42,"DGS","Else","Pericrocotus divaricatus","Ashy Minivet"
"4619","2025/9/28","6-7",2,"DGS","Else","Ardea cinerea","Grey Heron"
"4620","2025/9/28","6-7",3,"DGS","Else","Motacilla cinerea","Grey Wagtail"
"4621","2025/9/28","7-8",2,"DGS","Raptor","Pernis ptilorhynchus","Crested Honey-buzzard"
"4622","2025/9/28","7-8",9,"DGS","Raptor","Tachyspiza soloensis","Chinese Sparrowhawk"
"4623","2025/9/28","7-8",3,"DGS","Raptor","Falco tinnunculus","Common Kestrel"
"4624","2025/9/28","7-8",3,"DGS","Raptor","Eagles (unidentified)","Unidentified Eagles"
"4625","2025/9/28","7-8",27,"DGS","Swift","Hirundapus caudacutus","White-throated Needletail"
"4626","2025/9/28","7-8",8,"DGS","Swift","Aerodramus sp.","Swiftlets"
"4627","2025/9/28","7-8",2,"DGS","Else","Delichon dasypus/lagopodum","Asian/Siberian House Martin"
"4628","2025/9/28","7-8",7,"DGS","Else","Pericrocotus cantonensis","Swinhoe's Minivet"
"4629","2025/9/28","7-8",17,"DGS","Else","Tringa glareola","Wood Sandpiper"
"4630","2025/9/28","7-8",10,"DGS","Else","Spodiopsar sericeus","Red-billed Starling"
"4631","2025/9/28","7-8",4,"DGS","Else","Spodiopsar cineraceus","White-cheeked Starling"
"4632","2025/9/28","7-8",3,"DGS","Else","Oriolus chinensis","Black-naped Oriole"
"4633","2025/9/28","7-8",1,"DGS","Else","Lalage melaschistos","Black-winged Cuckooshrike"
"4634","2025/9/28","7-8",2,"DGS","Else","Anthus richardi","Richard's Pipit"
"4635","2025/9/28","7-8",26,"DGS","Else","Pericrocotus divaricatus","Ashy Minivet"
"4636","2025/9/28","7-8",2,"DGS","Else","Motacilla cinerea","Grey Wagtail"
"4637","2025/9/28","8-9",3,"DGS","Raptor","Pernis ptilorhynchus","Crested Honey-buzzard"
"4638","2025/9/28","8-9",6,"DGS","Raptor","Tachyspiza soloensis","Chinese Sparrowhawk"
"4639","2025/9/28","8-9",11,"DGS","Raptor","Tachyspiza gularis","Japanese Sparrowhawk"
"4640","2025/9/28","8-9",6,"DGS","Raptor","Falco subbuteo","Eurasian Hobby"
"4641","2025/9/28","8-9",34,"DGS","Swift","Hirundapus caudacutus","White-throated Needletail"
"4642","2025/9/28","8-9",8,"DGS","Swift","Aerodramus sp.","Swiftlets"
"4643","2025/9/28","8-9",26,"DGS","Else","Delichon dasypus/lagopodum","Asian/Siberian House Martin"
"4644","2025/9/28","8-9",3,"DGS","Else","Anthus richardi","Richard's Pipit"
"4645","2025/9/28","8-9",3,"DGS","Else","Anthus hodgsoni","Olive-backed Pipit"
"4646","2025/9/28","8-9",6,"DGS","Else","Spodiopsar cineraceus","White-cheeked Starling"
"4647","2025/9/28","9-10",2,"DGS","Raptor","Lophospiza trivirgata","Crested Goshawk"
"4648","2025/9/28","9-10",4,"DGS","Raptor","Tachyspiza soloensis","Chinese Sparrowhawk"
"4649","2025/9/28","9-10",4,"DGS","Raptor","Tachyspiza gularis","Japanese Sparrowhawk"
"4650","2025/9/28","9-10",24,"DGS","Swift","Hirundapus caudacutus","White-throated Needletail"
"4651","2025/9/28","9-10",5,"DGS","Else","Delichon dasypus/lagopodum","Asian/Siberian House Martin"
"4652","2025/9/28","10-11",2,"DGS","Raptor","Pernis ptilorhynchus","Crested Honey-buzzard"
"4653","2025/9/28","10-11",3,"DGS","Raptor","Tachyspiza soloensis","Chinese Sparrowhawk"
"4654","2025/9/28","10-11",5,"DGS","Raptor","Tachyspiza gularis","Japanese Sparrowhawk"
"4655","2025/9/28","10-11",2,"DGS","Raptor","Falco subbuteo","Eurasian Hobby"
"4656","2025/9/28","10-11",47,"DGS","Swift","Hirundapus caudacutus","White-throated Needletail"
"4657","2025/9/28","10-11",1,"DGS","Swift","Aerodramus sp.","Swiftlets"
"4658","2025/9/28","11-12",1,"DGS","Raptor","Pernis ptilorhynchus","Crested Honey-buzzard"
"4659","2025/9/28","11-12",1,"DGS","Raptor","Tachyspiza soloensis","Chinese Sparrowhawk"
"4660","2025/9/28","11-12",5,"DGS","Raptor","Falco subbuteo","Eurasian Hobby"
"4661","2025/9/28","11-12",34,"DGS","Swift","Hirundapus caudacutus","White-throated Needletail"
"4662","2025/9/28","12-13",12,"DGS","Raptor","Falco subbuteo","Eurasian Hobby"
"4663","2025/9/28","12-13",1,"DGS","Raptor","Elanus caeruleus","Black-winged Kite"
"4664","2025/9/28","12-13",32,"DGS","Swift","Hirundapus caudacutus","White-throated Needletail"
"4665","2025/9/28","12-13",2,"DGS","Swift","Apus pacificus","Pacific Swift"
"4666","2025/9/28","12-13",2,"DGS","Swift","Aerodramus sp.","Swiftlets"
"4667","2025/9/28","12-13",2,"DGS","Else","Anthus cervinus","Red-throated Pipit"
"4668","2025/9/28","13-14",1,"DGS","Raptor","Pandion haliaetus","Osprey"
"4669","2025/9/28","13-14",2,"DGS","Raptor","Pernis ptilorhynchus","Crested Honey-buzzard"
"4670","2025/9/28","13-14",4,"DGS","Raptor","Tachyspiza soloensis","Chinese Sparrowhawk"
"4671","2025/9/28","13-14",5,"DGS","Raptor","Falco subbuteo","Eurasian Hobby"
"4672","2025/9/28","13-14",16,"DGS","Swift","Hirundapus caudacutus","White-throated Needletail"
"4673","2025/9/28","13-14",1,"DGS","Else","Saxicola stejnegeri","Stejneger's Stonechat"
"4674","2025/9/28","14-15",6,"DGS","Raptor","Falco subbuteo","Eurasian Hobby"
"4675","2025/9/28","14-15",1,"DGS","Raptor","Falco peregrinus","Peregrine Falcon"
"4676","2025/9/28","14-15",8,"DGS","Swift","Hirundapus caudacutus","White-throated Needletail"
"4677","2025/9/28","14-15",7,"DGS","Else","Motacilla cinerea","Grey Wagtail"
"4678","2025/9/28","14-15",1,"DGS","Else","Egretta garzetta","Little Egret"
"4679","2025/9/28","15-16",3,"DGS","Raptor","Falco subbuteo","Eurasian Hobby"
"4680","2025/9/28","15-16",2,"DGS","Raptor","Falco peregrinus","Peregrine Falcon"
"4681","2025/9/28","16-17",1,"DGS","Raptor","Falco subbuteo","Eurasian Hobby"
"4682","2025/9/28","16-17",3,"DGS","Raptor","Eagles (unidentified)","Unidentified Eagles"
"4683","2025/9/28","16-17",26,"DGS","Swift","Hirundapus caudacutus","White-throated Needletail"
"4684","2025/9/28","16-17",1,"DGS","Else","Ardea cinerea","Grey Heron"
"4685","2025/9/28","16-17",2,"DGS","Else","Spodiopsar cineraceus","White-cheeked Starling"
"4686","2025/9/29","6-7",1,"DGS","Raptor","Falco tinnunculus","Common Kestrel"
"4687","2025/9/29","6-7",1,"DGS","Raptor","Falco subbuteo","Eurasian Hobby"
"4688","2025/9/29","6-7",2,"DGS","Else","Oriolus chinensis","Black-naped Oriole"
"4689","2025/9/29","6-7",1,"DGS","Else","Pericrocotus cantonensis","Swinhoe's Minivet"
"4690","2025/9/29","6-7",7,"DGS","Else","Spodiopsar cineraceus","White-cheeked Starling"
"4691","2025/9/29","7-8",2,"DGS","Raptor","Falco tinnunculus","Common Kestrel"
"4692","2025/9/29","7-8",1,"DGS","Swift","Hirundapus caudacutus","White-throated Needletail"
"4693","2025/9/29","7-8",1,"DGS","Else","Oriolus chinensis","Black-naped Oriole"
"4694","2025/9/29","7-8",1,"DGS","Else","Eurystomus orientalis","Oriental Dollarbird"
"4695","2025/9/29","7-8",4,"DGS","Else","Spodiopsar cineraceus","White-cheeked Starling"
"4696","2025/9/29","7-8",15,"DGS","Else","Spodiopsar sericeus","Red-billed Starling"
"4697","2025/9/29","7-8",1,"DGS","Else","Sturnia sinensis","White-shouldered Starling"
"4698","2025/9/29","7-8",2,"DGS","Else","Egretta garzetta","Little Egret"
"4699","2025/9/29","7-8",1,"DGS","Else","Ardea coromanda","Eastern Cattle Egret"
"4700","2025/9/29","7-8",3,"DGS","Else","Dicrurus macrocercus","Black Drongo"
"4701","2025/9/29","7-8",1,"DGS","Else","Motacilla alba","White Wagtail"
"4702","2025/9/29","7-8",1,"DGS","Else","Pericrocotus cantonensis","Swinhoe's Minivet"
"4703","2025/9/29","7-8",15,"DGS","Else","Chloris sinica","Grey-capped Greenfinch"
"4704","2025/9/29","8-9",1,"DGS","Raptor","Tachyspiza soloensis","Chinese Sparrowhawk"
"4705","2025/9/29","8-9",2,"DGS","Raptor","Tachyspiza gularis","Japanese Sparrowhawk"
"4706","2025/9/29","8-9",1,"DGS","Raptor","Falco tinnunculus","Common Kestrel"
"4707","2025/9/29","8-9",1,"DGS","Raptor","Falco subbuteo","Eurasian Hobby"
"4708","2025/9/29","8-9",6,"DGS","Swift","Aerodramus sp.","Swiftlets"
"4709","2025/9/29","8-9",8,"DGS","Else","Spodiopsar cineraceus","White-cheeked Starling"
"4710","2025/9/29","8-9",2,"DGS","Else","Eophona migratoria","Chinese Grosbeak"
"4711","2025/9/29","8-9",6,"DGS","Else","Motacilla tschutschensis","Eastern Yellow Wagtail"
"4712","2025/9/29","8-9",4,"DGS","Else","Dicrurus macrocercus","Black Drongo"
"4713","2025/9/29","9-10",1,"DGS","Raptor","Lophospiza trivirgata","Crested Goshawk"
"4714","2025/9/29","9-10",1,"DGS","Raptor","Tachyspiza gularis","Japanese Sparrowhawk"
"4715","2025/9/29","9-10",1,"DGS","Raptor","Falco peregrinus","Peregrine Falcon"
"4716","2025/9/29","9-10",1,"DGS","Raptor","Raptors (unidentified)","Unidentified Raptors"
"4717","2025/9/29","9-10",12,"DGS","Swift","Hirundapus caudacutus","White-throated Needletail"
"4718","2025/9/29","9-10",1,"DGS","Else","Egretta garzetta","Little Egret"
"4719","2025/9/29","10-11",2,"DGS","Raptor","Pernis ptilorhynchus","Crested Honey-buzzard"
"4720","2025/9/29","10-11",1,"DGS","Raptor","Tachyspiza soloensis","Chinese Sparrowhawk"
"4721","2025/9/29","10-11",1,"DGS","Raptor","Falco subbuteo","Eurasian Hobby"
"4722","2025/9/29","10-11",1,"DGS","Raptor","Falco peregrinus","Peregrine Falcon"
"4723","2025/9/29","10-11",5,"DGS","Raptor","Eagles (unidentified)","Unidentified Eagles"
"4724","2025/9/29","10-11",2,"DGS","Else","Delichon dasypus/lagopodum","Asian/Siberian House Martin"
"4725","2025/9/29","10-11",2,"DGS","Else","Dicrurus macrocercus","Black Drongo"
"4726","2025/9/29","10-11",1,"DGS","Else","Muscicapa griseisticta","Grey-streaked Flycatcher"
"4727","2025/9/29","10-11",2,"DGS","Else","Anthus rufulus","Paddyfield Pipit"
"4728","2025/9/29","11-12",1,"DGS","Raptor","Pernis ptilorhynchus","Crested Honey-buzzard"
"4729","2025/9/29","11-12",2,"DGS","Raptor","Tachyspiza soloensis","Chinese Sparrowhawk"
"4730","2025/9/29","11-12",4,"DGS","Raptor","Falco subbuteo","Eurasian Hobby"
"4731","2025/9/29","11-12",45,"DGS","Swift","Hirundapus caudacutus","White-throated Needletail"
"4732","2025/9/29","11-12",1,"DGS","Swift","Apus pacificus","Pacific Swift"
"4733","2025/9/29","11-12",7,"DGS","Swift","Aerodramus sp.","Swiftlets"
"4734","2025/9/29","11-12",21,"DGS","Else","Delichon dasypus/lagopodum","Asian/Siberian House Martin"
"4735","2025/9/29","11-12",1,"DGS","Else","Oriolus chinensis","Black-naped Oriole"
"4736","2025/9/29","12-13",4,"DGS","Raptor","Tachyspiza gularis","Japanese Sparrowhawk"
"4737","2025/9/29","12-13",2,"DGS","Raptor","Falco subbuteo","Eurasian Hobby"
"4738","2025/9/29","12-13",1,"DGS","Else","Ardea alba","Great Egret"
"4739","2025/9/29","12-13",2,"DGS","Else","Eophona migratoria","Chinese Grosbeak"
"4740","2025/9/29","12-13",1,"DGS","Else","Pericrocotus cantonensis","Swinhoe's Minivet"
"4741","2025/9/29","13-14",1,"DGS","Raptor","Lophospiza trivirgata","Crested Goshawk"
"4742","2025/9/29","13-14",1,"DGS","Raptor","Tachyspiza gularis","Japanese Sparrowhawk"
"4743","2025/9/29","13-14",3,"DGS","Raptor","Falco subbuteo","Eurasian Hobby"
"4744","2025/9/29","14-15",2,"DGS","Raptor","Falco subbuteo","Eurasian Hobby"
"4745","2025/9/29","14-15",6,"DGS","Swift","Hirundapus caudacutus","White-throated Needletail"
"4746","2025/9/29","14-15",1,"DGS","Else","Delichon dasypus/lagopodum","Asian/Siberian House Martin"
"4747","2025/9/29","14-15",17,"DGS","Else","Ardea coromanda","Eastern Cattle Egret"
"4748","2025/9/29","15-16",1,"DGS","Raptor","Falco subbuteo","Eurasian Hobby"
"4749","2025/9/29","15-16",4,"DGS","Swift","Hirundapus caudacutus","White-throated Needletail"
"4750","2025/9/29","15-16",2,"DGS","Else","Ardea cinerea","Grey Heron"
"4751","2025/9/29","15-16",1,"DGS","Else","Oriolus chinensis","Black-naped Oriole"
"4752","2025/9/29","16-17",1,"DGS","Raptor","Pandion haliaetus","Osprey"
"4753","2025/9/29","16-17",1,"DGS","Raptor","Pernis ptilorhynchus","Crested Honey-buzzard"
"4754","2025/9/29","16-17",3,"DGS","Raptor","Falco subbuteo","Eurasian Hobby"
"4755","2025/9/29","16-17",1,"DGS","Raptor","Eagles (unidentified)","Unidentified Eagles"
"4756","2025/9/29","16-17",17,"DGS","Swift","Hirundapus caudacutus","White-throated Needletail"
"4757","2025/9/29","16-17",28,"DGS","Else","Ardea coromanda","Eastern Cattle Egret"
"4758","2025/9/29","After 17",1,"DGS","Swift","Hirundapus caudacutus","White-throated Needletail"
"4759","2025/9/29","After 17",1,"DGS","Swift","Apus pacificus","Pacific Swift"
"4760","2025/9/30","6-7",1,"DGS","Raptor","Lophospiza trivirgata","Crested Goshawk"
"4761","2025/9/30","6-7",5,"DGS","Swift","Aerodramus sp.","Swiftlets"
"4762","2025/9/30","6-7",3,"DGS","Else","Spodiopsar sericeus","Red-billed Starling"
"4763","2025/9/30","6-7",1,"DGS","Else","Motacilla tschutschensis","Eastern Yellow Wagtail"
"4764","2025/9/30","6-7",2,"DGS","Else","Spodiopsar cineraceus","White-cheeked Starling"
"4765","2025/9/30","6-7",1,"DGS","Else","Phylloscopus borealis","Arctic Warbler"
"4766","2025/9/30","6-7",1,"DGS","Else","Dicrurus macrocercus","Black Drongo"
"4767","2025/9/30","7-8",1,"DGS","Raptor","Pernis ptilorhynchus","Crested Honey-buzzard"
"4768","2025/9/30","7-8",1,"DGS","Raptor","Falco subbuteo","Eurasian Hobby"
"4769","2025/9/30","7-8",3,"DGS","Raptor","Pandion haliaetus","Osprey"
"4770","2025/9/30","7-8",1,"DGS","Else","Dicrurus leucophaeus","Ashy Drongo"
"4771","2025/9/30","7-8",1,"DGS","Else","Oriolus chinensis","Black-naped Oriole"
"4772","2025/9/30","7-8",1,"DGS","Else","Dicrurus hottentottus","Hair-crested Drongo"
"4773","2025/9/30","7-8",12,"DGS","Else","Pericrocotus divaricatus","Ashy Minivet"
"4774","2025/9/30","7-8",2,"DGS","Else","Ardea cinerea","Grey Heron"
"4775","2025/9/30","7-8",2,"DGS","Else","Eurystomus orientalis","Oriental Dollarbird"
"4776","2025/9/30","8-9",1,"DGS","Raptor","Pernis ptilorhynchus","Crested Honey-buzzard"
"4777","2025/9/30","8-9",1,"DGS","Raptor","Butastur indicus","Grey-faced Buzzard"
"4778","2025/9/30","8-9",1,"DGS","Raptor","Falco subbuteo","Eurasian Hobby"
"4779","2025/9/30","8-9",1,"DGS","Raptor","Eagles (unidentified)","Unidentified Eagles"
"4780","2025/9/30","8-9",56,"DGS","Swift","Hirundapus caudacutus","White-throated Needletail"
"4781","2025/9/30","8-9",5,"DGS","Swift","Apus pacificus","Pacific Swift"
"4782","2025/9/30","8-9",8,"DGS","Swift","Aerodramus sp.","Swiftlets"
"4783","2025/9/30","8-9",2,"DGS","Else","Delichon dasypus/lagopodum","Asian/Siberian House Martin"
"4784","2025/9/30","8-9",5,"DGS","Else","Eophona migratoria","Chinese Grosbeak"
"4785","2025/9/30","8-9",2,"DGS","Else","Eurystomus orientalis","Oriental Dollarbird"
"4786","2025/9/30","8-9",1,"DGS","Else","Tringa nebularia","Common Greenshank"
"4787","2025/9/30","8-9",2,"DGS","Else","Pericrocotus divaricatus","Ashy Minivet"
"4788","2025/9/30","8-9",1,"DGS","Else","Anthus japonicus","Siberian Pipit"
"4789","2025/9/30","8-9",4,"DGS","Else","Oriolus chinensis","Black-naped Oriole"
"4790","2025/9/30","8-9",1,"DGS","Else","Dicrurus leucophaeus","Ashy Drongo"
"4791","2025/9/30","9-10",1,"DGS","Raptor","Falco tinnunculus","Common Kestrel"
"4792","2025/9/30","9-10",1,"DGS","Raptor","Falco peregrinus","Peregrine Falcon"
"4793","2025/9/30","9-10",2,"DGS","Raptor","Falco sp.","Unidentified Falcons"
"4794","2025/9/30","9-10",19,"DGS","Swift","Hirundapus caudacutus","White-throated Needletail"
"4795","2025/9/30","9-10",1,"DGS","Else","Dicrurus leucophaeus","Ashy Drongo"
"4796","2025/9/30","9-10",2,"DGS","Else","Pericrocotus divaricatus","Ashy Minivet"
"4797","2025/9/30","9-10",1,"DGS","Swift","Hirundapus cochinchinensis","Silver-backed Needletail"
"4798","2025/9/30","10-11",1,"DGS","Raptor","Tachyspiza soloensis","Chinese Sparrowhawk"
"4799","2025/9/30","10-11",1,"DGS","Raptor","Falco subbuteo","Eurasian Hobby"
"4800","2025/9/30","11-12",1,"DGS","Raptor","Pernis ptilorhynchus","Crested Honey-buzzard"
"4801","2025/9/30","11-12",1,"DGS","Raptor","Lophospiza trivirgata","Crested Goshawk"
"4802","2025/9/30","11-12",4,"DGS","Raptor","Tachyspiza soloensis","Chinese Sparrowhawk"
"4803","2025/9/30","11-12",1,"DGS","Raptor","Tachyspiza gularis","Japanese Sparrowhawk"
"4804","2025/9/30","11-12",5,"DGS","Raptor","Falco subbuteo","Eurasian Hobby"
"4805","2025/9/30","11-12",35,"DGS","Swift","Hirundapus caudacutus","White-throated Needletail"
"4806","2025/9/30","12-13",5,"DGS","Raptor","Pernis ptilorhynchus","Crested Honey-buzzard"
"4807","2025/9/30","12-13",1,"DGS","Raptor","Tachyspiza soloensis","Chinese Sparrowhawk"
"4808","2025/9/30","12-13",1,"DGS","Raptor","Tachyspiza gularis","Japanese Sparrowhawk"
"4809","2025/9/30","12-13",6,"DGS","Raptor","Falco subbuteo","Eurasian Hobby"
"4810","2025/9/30","12-13",1,"DGS","Raptor","Falco peregrinus","Peregrine Falcon"
"4811","2025/9/30","12-13",53,"DGS","Swift","Hirundapus caudacutus","White-throated Needletail"
"4812","2025/9/30","12-13",1,"DGS","Swift","Aerodramus sp.","Swiftlets"
"4813","2025/9/30","12-13",55,"DGS","Else","Larus crassirostris","Black-tailed Gull"
"4814","2025/9/30","12-13",3,"DGS","Else","Muscicapa sibirica","Dark-sided Flycatcher"
"4815","2025/9/30","12-13",1,"DGS","Else","Anthus hodgsoni","Olive-backed Pipit"
"4816","2025/9/30","12-13",2,"DGS","Else","Pericrocotus divaricatus","Ashy Minivet"
"4817","2025/9/30","12-13",5,"DGS","Raptor","Pernis ptilorhynchus","Crested Honey-buzzard"
"4818","2025/9/30","13-14",1,"DGS","Raptor","Tachyspiza soloensis","Chinese Sparrowhawk"
"4819","2025/9/30","13-14",3,"DGS","Raptor","Tachyspiza gularis","Japanese Sparrowhawk"
"4820","2025/9/30","13-14",6,"DGS","Raptor","Falco subbuteo","Eurasian Hobby"
"4821","2025/9/30","13-14",1,"DGS","Swift","Aerodramus sp.","Swiftlets"
"4822","2025/9/30","13-14",1,"DGS","Else","Delichon dasypus/lagopodum","Asian/Siberian House Martin"
"4823","2025/9/30","13-14",2,"DGS","Else","Motacilla cinerea","Grey Wagtail"
"4824","2025/9/30","14-15",2,"DGS","Raptor","Pernis ptilorhynchus","Crested Honey-buzzard"
"4825","2025/9/30","14-15",2,"DGS","Raptor","Tachyspiza soloensis","Chinese Sparrowhawk"
"4826","2025/9/30","14-15",1,"DGS","Raptor","Falco subbuteo","Eurasian Hobby"
"4827","2025/9/30","14-15",1,"DGS","Raptor","Raptors (unidentified)","Unidentified Raptors"
"4828","2025/9/30","14-15",1,"DGS","Swift","Apus nipalensis","House Swift"
"4829","2025/9/30","15-16",2,"DGS","Raptor","Pernis ptilorhynchus","Crested Honey-buzzard"
"4830","2025/9/30","15-16",1,"DGS","Raptor","Tachyspiza soloensis","Chinese Sparrowhawk"
"4831","2025/9/30","15-16",1,"DGS","Raptor","Tachyspiza gularis","Japanese Sparrowhawk"
"4832","2025/9/30","15-16",1,"DGS","Raptor","Butastur indicus","Grey-faced Buzzard"
"4833","2025/9/30","15-16",1,"DGS","Raptor","Falco tinnunculus","Common Kestrel"
"4834","2025/9/30","15-16",9,"DGS","Raptor","Falco subbuteo","Eurasian Hobby"
"4835","2025/9/30","15-16",1,"DGS","Raptor","Raptors (unidentified)","Unidentified Raptors"
"4836","2025/9/30","15-16",1,"DGS","Swift","Hirundapus caudacutus","White-throated Needletail"
"4837","2025/9/30","15-16",2,"DGS","Else","Pericrocotus divaricatus","Ashy Minivet"
"4838","2025/9/30","15-16",6,"DGS","Else","Ardea alba","Great Egret"
"4839","2025/9/30","15-16",2,"DGS","Else","Ardea coromanda","Eastern Cattle Egret"
"4840","2025/9/30","16-17",4,"DGS","Raptor","Pernis ptilorhynchus","Crested Honey-buzzard"
"4841","2025/9/30","16-17",1,"DGS","Raptor","Tachyspiza gularis","Japanese Sparrowhawk"
"4842","2025/9/30","16-17",1,"DGS","Raptor","Falco tinnunculus","Common Kestrel"
"4843","2025/9/30","16-17",2,"DGS","Raptor","Falco subbuteo","Eurasian Hobby"
"4844","2025/9/30","16-17",7,"DGS","Raptor","Raptors (unidentified)","Unidentified Raptors"
"4845","2025/9/30","16-17",8,"DGS","Else","Delichon dasypus/lagopodum","Asian/Siberian House Martin"
"4846","2025/9/30","16-17",6,"DGS","Else","Motacilla tschutschensis","Eastern Yellow Wagtail"
"4847","2025/10/1","Before 6",1,"DGS","Raptor","Pernis ptilorhynchus","Crested Honey-buzzard"
"4848","2025/10/1","6-7",4,"DGS","Raptor","Pernis ptilorhynchus","Crested Honey-buzzard"
"4849","2025/10/1","6-7",14,"DGS","Else","Pericrocotus divaricatus","Ashy Minivet"
"4850","2025/10/1","6-7",1,"DGS","Else","Saxicola stejnegeri","Stejneger's Stonechat"
"4851","2025/10/1","6-7",1,"DGS","Else","Phylloscopus borealis","Arctic Warbler"
"4852","2025/10/1","7-8",8,"DGS","Raptor","Pernis ptilorhynchus","Crested Honey-buzzard"
"4853","2025/10/1","7-8",6,"DGS","Raptor","Tachyspiza soloensis","Chinese Sparrowhawk"
"4854","2025/10/1","7-8",1,"DGS","Raptor","Falco tinnunculus","Common Kestrel"
"4855","2025/10/1","7-8",1,"DGS","Raptor","Falco subbuteo","Eurasian Hobby"
"4856","2025/10/1","7-8",1,"DGS","Else","Muscicapa dauurica","Asian Brown Flycatcher"
"4857","2025/10/1","7-8",1,"DGS","Else","Motacilla tschutschensis","Eastern Yellow Wagtail"
"4858","2025/10/1","8-9",8,"DGS","Raptor","Pernis ptilorhynchus","Crested Honey-buzzard"
"4859","2025/10/1","8-9",22,"DGS","Raptor","Tachyspiza soloensis","Chinese Sparrowhawk"
"4860","2025/10/1","8-9",10,"DGS","Raptor","Tachyspiza gularis","Japanese Sparrowhawk"
"4861","2025/10/1","8-9",3,"DGS","Raptor","Falco subbuteo","Eurasian Hobby"
"4862","2025/10/1","8-9",1,"DGS","Raptor","Eagles (unidentified)","Unidentified Eagles"
"4863","2025/10/1","8-9",1,"DGS","Swift","Hirundapus caudacutus","White-throated Needletail"
"4864","2025/10/1","8-9",1,"DGS","Else","Delichon dasypus/lagopodum","Asian/Siberian House Martin"
"4865","2025/10/1","8-9",1,"DGS","Else","Eurystomus orientalis","Oriental Dollarbird"
"4866","2025/10/1","8-9",1,"DGS","Raptor","Otus sunia","Oriental Scops Owl"
"4867","2025/10/1","8-9",1,"DGS","Raptor","Ninox japonica","Northern Boobook"
"4868","2025/10/1","9-10",1,"DGS","Raptor","Pandion haliaetus","Osprey"
"4869","2025/10/1","9-10",8,"DGS","Raptor","Pernis ptilorhynchus","Crested Honey-buzzard"
"4870","2025/10/1","9-10",4,"DGS","Raptor","Tachyspiza gularis","Japanese Sparrowhawk"
"4871","2025/10/1","9-10",1,"DGS","Raptor","Falco subbuteo","Eurasian Hobby"
"4872","2025/10/1","9-10",5,"DGS","Else","Oriolus chinensis","Black-naped Oriole"
"4873","2025/10/1","9-10",1,"DGS","Else","Anthus rufulus","Paddyfield Pipit"
"4874","2025/10/1","10-11",2,"DGS","Raptor","Lophospiza trivirgata","Crested Goshawk"
"4875","2025/10/1","10-11",9,"DGS","Raptor","Tachyspiza soloensis","Chinese Sparrowhawk"
"4876","2025/10/1","10-11",2,"DGS","Raptor","Tachyspiza gularis","Japanese Sparrowhawk"
"4877","2025/10/1","10-11",2,"DGS","Raptor","Eagles (unidentified)","Unidentified Eagles"
"4878","2025/10/1","10-11",1,"DGS","Raptor","Falco sp.","Unidentified Falcons"
"4879","2025/10/1","11-12",1,"DGS","Raptor","Tachyspiza gularis","Japanese Sparrowhawk"
"4880","2025/10/1","11-12",3,"DGS","Else","Pericrocotus divaricatus","Ashy Minivet"
"4881","2025/10/1","12-13",1,"DGS","Raptor","Pernis ptilorhynchus","Crested Honey-buzzard"
"4882","2025/10/1","12-13",1,"DGS","Raptor","Falco tinnunculus","Common Kestrel"
"4883","2025/10/1","12-13",2,"DGS","Raptor","Falco subbuteo","Eurasian Hobby"
"4884","2025/10/1","12-13",1,"DGS","Raptor","Raptors (unidentified)","Unidentified Raptors"
"4885","2025/10/1","12-13",1,"DGS","Swift","Hirundapus caudacutus","White-throated Needletail"
"4886","2025/10/1","12-13",1,"DGS","Else","Terpsiphone atrocaudata","Japanese Paradise-flycatcher"
"4887","2025/10/1","13-14",1,"DGS","Raptor","Pernis ptilorhynchus","Crested Honey-buzzard"
"4888","2025/10/1","13-14",1,"DGS","Raptor","Falco tinnunculus","Common Kestrel"
"4889","2025/10/1","13-14",3,"DGS","Raptor","Falco subbuteo","Eurasian Hobby"
"4890","2025/10/1","13-14",1,"DGS","Else","Lanius cristatus","Brown Shrike"
"4891","2025/10/1","13-14",1,"DGS","Else","Anthus cervinus","Red-throated Pipit"
"4892","2025/10/1","13-14",8,"DGS","Else","Motacilla tschutschensis","Eastern Yellow Wagtail"
"4893","2025/10/1","14-15",1,"DGS","Raptor","Falco tinnunculus","Common Kestrel"
"4894","2025/10/1","14-15",2,"DGS","Swift","Aerodramus sp.","Swiftlets"
"4895","2025/10/1","14-15",1,"DGS","Else","Delichon dasypus/lagopodum","Asian/Siberian House Martin"
"4896","2025/10/1","14-15",1,"DGS","Else","Motacilla tschutschensis","Eastern Yellow Wagtail"
"4897","2025/10/1","15-16",2,"DGS","Raptor","Pernis ptilorhynchus","Crested Honey-buzzard"
"4898","2025/10/1","15-16",1,"DGS","Raptor","Circus spilonotus","Eastern Marsh Harrier"
"4899","2025/10/1","15-16",6,"DGS","Else","Ardea cinerea","Grey Heron"
"4900","2025/10/1","15-16",2,"DGS","Else","Oriolus chinensis","Black-naped Oriole"
"4901","2025/10/1","16-17",2,"DGS","Raptor","Falco tinnunculus","Common Kestrel"
"4902","2025/10/1","16-17",1,"DGS","Raptor","Falco subbuteo","Eurasian Hobby"
"4903","2025/10/1","16-17",3,"DGS","Swift","Hirundapus caudacutus","White-throated Needletail"
"4904","2025/10/1","16-17",4,"DGS","Swift","Aerodramus sp.","Swiftlets"
"4905","2025/10/1","16-17",3,"DGS","Else","Oriolus chinensis","Black-naped Oriole"
"4906","2025/10/1","After 17",3,"DGS","Swift","Hirundapus caudacutus","White-throated Needletail"
"4907","2025/10/1","6-7",1,"DCS","Raptor","Ictinaetus malaiensis","Black Eagle"
"4908","2025/10/1","6-7",1,"DCS","Else","Anthus hodgsoni","Olive-backed Pipit"
"4909","2025/10/1","7-8",3,"DCS","Raptor","Pernis ptilorhynchus","Crested Honey-buzzard"
"4910","2025/10/1","7-8",1,"DCS","Raptor","Butastur indicus","Grey-faced Buzzard"
"4911","2025/10/1","7-8",2,"DCS","Raptor","Raptors (unidentified)","Unidentified Raptors"
"4912","2025/10/1","7-8",11,"DCS","Else","Egretta garzetta","Little Egret"
"4913","2025/10/1","7-8",2,"DCS","Else","Oriolus chinensis","Black-naped Oriole"
"4914","2025/10/1","8-9",3,"DCS","Raptor","Pernis ptilorhynchus","Crested Honey-buzzard"
"4915","2025/10/1","8-9",1,"DCS","Else","Oriolus chinensis","Black-naped Oriole"
"4916","2025/10/1","8-9",1,"DCS","Else","Tringa ochropus","Green Sandpiper"
"4917","2025/10/1","8-9",2,"DCS","Else","Egretta garzetta","Little Egret"
"4918","2025/10/1","9-10",10,"DCS","Raptor","Pernis ptilorhynchus","Crested Honey-buzzard"
"4919","2025/10/1","9-10",2,"DCS","Raptor","Lophospiza trivirgata","Crested Goshawk"
"4920","2025/10/1","9-10",1,"DCS","Raptor","Falco subbuteo","Eurasian Hobby"
"4921","2025/10/1","9-10",1,"DCS","Raptor","Eagles (unidentified)","Unidentified Eagles"
"4922","2025/10/1","9-10",6,"DCS","Else","Ardea coromanda","Eastern Cattle Egret"
"4923","2025/10/1","9-10",1,"DCS","Else","Saxicola stejnegeri","Stejneger's Stonechat"
"4924","2025/10/1","10-11",1,"DCS","Raptor","Tachyspiza gularis","Japanese Sparrowhawk"
"4925","2025/10/1","10-11",1,"DCS","Raptor","Elanus caeruleus","Black-winged Kite"
"4926","2025/10/1","10-11",3,"DCS","Else","Oriolus chinensis","Black-naped Oriole"
"4927","2025/10/1","11-12",1,"DCS","Raptor","Lophospiza trivirgata","Crested Goshawk"
"4928","2025/10/1","12-13",3,"DCS","Raptor","Falco tinnunculus","Common Kestrel"
"4929","2025/10/1","12-13",2,"DCS","Else","Anas zonorhyncha","Chinese Spot-billed Duck"
"4930","2025/10/1","13-14",1,"DCS","Raptor","Falco subbuteo","Eurasian Hobby"
"4931","2025/10/1","15-16",1,"DCS","Raptor","Pernis ptilorhynchus","Crested Honey-buzzard"
"4932","2025/10/2","6-7",1,"DGS","Raptor","Tachyspiza soloensis","Chinese Sparrowhawk"
"4933","2025/10/2","6-7",1,"DGS","Raptor","Falco subbuteo","Eurasian Hobby"
"4934","2025/10/2","6-7",2,"DGS","Raptor","Falco sp.","Unidentified Falcons"
"4935","2025/10/2","6-7",1,"DGS","Swift","Hirundapus caudacutus","White-throated Needletail"
"4936","2025/10/2","6-7",1,"DGS","Else","Dicrurus leucophaeus","Ashy Drongo"
"4937","2025/10/2","6-7",3,"DGS","Else","Pericrocotus divaricatus","Ashy Minivet"
"4938","2025/10/2","6-7",3,"DGS","Else","Oriolus chinensis","Black-naped Oriole"
"4939","2025/10/2","7-8",1,"DGS","Raptor","Pandion haliaetus","Osprey"
"4940","2025/10/2","7-8",1,"DGS","Raptor","Tachyspiza soloensis","Chinese Sparrowhawk"
"4941","2025/10/2","7-8",3,"DGS","Raptor","Falco tinnunculus","Common Kestrel"
"4942","2025/10/2","7-8",2,"DGS","Raptor","Falco subbuteo","Eurasian Hobby"
"4943","2025/10/2","7-8",1,"DGS","Else","Oriolus chinensis","Black-naped Oriole"
"4944","2025/10/2","8-9",2,"DGS","Raptor","Pernis ptilorhynchus","Crested Honey-buzzard"
"4945","2025/10/2","8-9",4,"DGS","Raptor","Tachyspiza soloensis","Chinese Sparrowhawk"
"4946","2025/10/2","8-9",2,"DGS","Raptor","Tachyspiza gularis","Japanese Sparrowhawk"
"4947","2025/10/2","8-9",1,"DGS","Raptor","Falco subbuteo","Eurasian Hobby"
"4948","2025/10/2","8-9",3,"DGS","Raptor","Raptors (unidentified)","Unidentified Raptors"
"4949","2025/10/2","9-10",2,"DGS","Raptor","Tachyspiza soloensis","Chinese Sparrowhawk"
"4950","2025/10/2","9-10",2,"DGS","Raptor","Tachyspiza gularis","Japanese Sparrowhawk"
"4951","2025/10/2","9-10",1,"DGS","Raptor","Eagles (unidentified)","Unidentified Eagles"
"4952","2025/10/2","9-10",1,"DGS","Raptor","Raptors (unidentified)","Unidentified Raptors"
"4953","2025/10/2","9-10",9,"DGS","Swift","Hirundapus caudacutus","White-throated Needletail"
"4954","2025/10/2","10-11",1,"DGS","Raptor","Lophospiza trivirgata","Crested Goshawk"
"4955","2025/10/2","10-11",1,"DGS","Raptor","Tachyspiza soloensis","Chinese Sparrowhawk"
"4956","2025/10/2","10-11",3,"DGS","Raptor","Tachyspiza gularis","Japanese Sparrowhawk"
"4957","2025/10/2","10-11",2,"DGS","Raptor","Falco subbuteo","Eurasian Hobby"
"4958","2025/10/2","10-11",2,"DGS","Swift","Hirundapus caudacutus","White-throated Needletail"
"4959","2025/10/2","10-11",1,"DGS","Else","Oriolus chinensis","Black-naped Oriole"
"4960","2025/10/2","11-12",1,"DGS","Raptor","Tachyspiza soloensis","Chinese Sparrowhawk"
"4961","2025/10/2","11-12",2,"DGS","Swift","Hirundapus caudacutus","White-throated Needletail"
"4962","2025/10/2","12-13",1,"DGS","Raptor","Milvus migrans","Black Kite"
"4963","2025/10/2","12-13",1,"DGS","Raptor","Falco subbuteo","Eurasian Hobby"
"4964","2025/10/2","12-13",1,"DGS","Raptor","Falco peregrinus","Peregrine Falcon"
"4965","2025/10/2","13-14",1,"DGS","Else","Oriolus chinensis","Black-naped Oriole"
"4966","2025/10/2","14-15",1,"DGS","Raptor","Falco subbuteo","Eurasian Hobby"
"4967","2025/10/2","15-16",1,"DGS","Raptor","Falco subbuteo","Eurasian Hobby"
"4968","2025/10/2","15-16",6,"DGS","Else","Ardea cinerea","Grey Heron"
"4969","2025/10/2","16-17",1,"DGS","Raptor","Butastur indicus","Grey-faced Buzzard"
"4970","2025/10/2","After 17",2,"DGS","Raptor","Falco subbuteo","Eurasian Hobby"
"4971","2025/10/2","After 17",2,"DGS","Swift","Hirundapus caudacutus","White-throated Needletail"
"4972","2025/10/2","7-8",3,"DCS","Raptor","Pernis ptilorhynchus","Crested Honey-buzzard"
"4973","2025/10/2","7-8",1,"DCS","Raptor","Lophospiza trivirgata","Crested Goshawk"
"4974","2025/10/2","7-8",2,"DCS","Raptor","Falco tinnunculus","Common Kestrel"
"4975","2025/10/2","7-8",1,"DCS","Raptor","Falco subbuteo","Eurasian Hobby"
"4976","2025/10/2","7-8",1,"DCS","Swift","Apus pacificus","Pacific Swift"
"4977","2025/10/2","8-9",2,"DCS","Raptor","Lophospiza trivirgata","Crested Goshawk"
"4978","2025/10/2","8-9",2,"DCS","Raptor","Tachyspiza gularis","Japanese Sparrowhawk"
"4979","2025/10/2","8-9",2,"DCS","Raptor","Butastur indicus","Grey-faced Buzzard"
"4980","2025/10/2","8-9",1,"DCS","Raptor","Falco tinnunculus","Common Kestrel"
"4981","2025/10/2","8-9",8,"DCS","Raptor","Eagles (unidentified)","Unidentified Eagles"
"4982","2025/10/2","8-9",1,"DCS","Raptor","Raptors (unidentified)","Unidentified Raptors"
"4983","2025/10/2","8-9",19,"DCS","Swift","Hirundapus caudacutus","White-throated Needletail"
"4984","2025/10/2","8-9",1,"DCS","Else","Cuculus canorus","Common Cuckoo"
"4985","2025/10/2","9-10",1,"DCS","Raptor","Tachyspiza gularis","Japanese Sparrowhawk"
"4986","2025/10/2","9-10",2,"DCS","Raptor","Falco tinnunculus","Common Kestrel"
"4987","2025/10/2","9-10",1,"DCS","Raptor","Circus sp.","Unidentified Harriers"
"4988","2025/10/2","9-10",1,"DCS","Raptor","Raptors (unidentified)","Unidentified Raptors"
"4989","2025/10/2","10-11",2,"DCS","Raptor","Tachyspiza gularis","Japanese Sparrowhawk"
"4990","2025/10/2","10-11",1,"DCS","Raptor","Butastur indicus","Grey-faced Buzzard"
"4991","2025/10/2","10-11",6,"DCS","Swift","Hirundapus caudacutus","White-throated Needletail"
"4992","2025/10/2","11-12",1,"DCS","Raptor","Tachyspiza soloensis","Chinese Sparrowhawk"
"4993","2025/10/2","11-12",1,"DCS","Raptor","Falco subbuteo","Eurasian Hobby"
"4994","2025/10/2","12-13",1,"DCS","Raptor","Falco subbuteo","Eurasian Hobby"
"4995","2025/10/2","13-14",1,"DCS","Raptor","Falco tinnunculus","Common Kestrel"
"4996","2025/10/2","15-16",1,"DCS","Raptor","Falco tinnunculus","Common Kestrel"
"4997","2025/10/3","Before 6",1,"DGS","Raptor","Pandion haliaetus","Osprey"
"4998","2025/10/3","6-7",3,"DGS","Raptor","Falco tinnunculus","Common Kestrel"
"4999","2025/10/3","6-7",1,"DGS","Raptor","Falco subbuteo","Eurasian Hobby"
"5000","2025/10/3","6-7",4,"DGS","Swift","Hirundapus caudacutus","White-throated Needletail"
"5001","2025/10/3","6-7",2,"DGS","Else","Emberiza pusilla","Little Bunting"
"5002","2025/10/3","6-7",2,"DGS","Else","Oriolus chinensis","Black-naped Oriole"
"5003","2025/10/3","7-8",1,"DGS","Raptor","Tachyspiza soloensis","Chinese Sparrowhawk"
"5004","2025/10/3","7-8",2,"DGS","Raptor","Tachyspiza gularis","Japanese Sparrowhawk"
"5005","2025/10/3","7-8",1,"DGS","Raptor","Falco subbuteo","Eurasian Hobby"
"5006","2025/10/3","7-8",32,"DGS","Swift","Hirundapus caudacutus","White-throated Needletail"
"5007","2025/10/3","7-8",1,"DGS","Else","Eophona migratoria","Chinese Grosbeak"
"5008","2025/10/3","8-9",1,"DGS","Raptor","Tachyspiza soloensis","Chinese Sparrowhawk"
"5009","2025/10/3","8-9",4,"DGS","Raptor","Tachyspiza gularis","Japanese Sparrowhawk"
"5010","2025/10/3","8-9",1,"DGS","Raptor","Falco subbuteo","Eurasian Hobby"
"5011","2025/10/3","8-9",204,"DGS","Swift","Hirundapus caudacutus","White-throated Needletail"
"5012","2025/10/3","8-9",1,"DGS","Else","Oriolus chinensis","Black-naped Oriole"
"5013","2025/10/3","9-10",2,"DGS","Raptor","Tachyspiza soloensis","Chinese Sparrowhawk"
"5014","2025/10/3","9-10",2,"DGS","Raptor","Falco subbuteo","Eurasian Hobby"
"5015","2025/10/3","9-10",36,"DGS","Swift","Hirundapus caudacutus","White-throated Needletail"
"5016","2025/10/3","9-10",2,"DGS","Else","Eurystomus orientalis","Oriental Dollarbird"
"5017","2025/10/3","9-10",1,"DGS","Else","Anthus gustavi","Pechora Pipit"
"5018","2025/10/3","10-11",1,"DGS","Raptor","Pernis ptilorhynchus","Crested Honey-buzzard"
"5019","2025/10/3","10-11",3,"DGS","Raptor","Tachyspiza gularis","Japanese Sparrowhawk"
"5020","2025/10/3","10-11",1,"DGS","Raptor","Falco tinnunculus","Common Kestrel"
"5021","2025/10/3","10-11",3,"DGS","Raptor","Falco subbuteo","Eurasian Hobby"
"5022","2025/10/3","10-11",14,"DGS","Swift","Hirundapus caudacutus","White-throated Needletail"
"5023","2025/10/3","11-12",1,"DGS","Raptor","Pernis ptilorhynchus","Crested Honey-buzzard"
"5024","2025/10/3","11-12",1,"DGS","Raptor","Tachyspiza gularis","Japanese Sparrowhawk"
"5025","2025/10/3","11-12",1,"DGS","Raptor","Falco amurensis","Amur Falcon"
"5026","2025/10/3","11-12",3,"DGS","Raptor","Falco subbuteo","Eurasian Hobby"
"5027","2025/10/3","11-12",3,"DGS","Raptor","Raptors (unidentified)","Unidentified Raptors"
"5028","2025/10/3","11-12",27,"DGS","Swift","Hirundapus caudacutus","White-throated Needletail"
"5029","2025/10/3","12-13",1,"DGS","Raptor","Tachyspiza gularis","Japanese Sparrowhawk"
"5030","2025/10/3","12-13",1,"DGS","Raptor","Falco subbuteo","Eurasian Hobby"
"5031","2025/10/3","12-13",3,"DGS","Swift","Hirundapus caudacutus","White-throated Needletail"
"5032","2025/10/3","12-13",1,"DGS","Else","Pericrocotus divaricatus","Ashy Minivet"
"5033","2025/10/3","13-14",1,"DGS","Raptor","Pernis ptilorhynchus","Crested Honey-buzzard"
"5034","2025/10/3","13-14",2,"DGS","Raptor","Tachyspiza soloensis","Chinese Sparrowhawk"
"5035","2025/10/3","13-14",1,"DGS","Raptor","Tachyspiza gularis","Japanese Sparrowhawk"
"5036","2025/10/3","13-14",4,"DGS","Raptor","Falco subbuteo","Eurasian Hobby"
"5037","2025/10/3","14-15",2,"DGS","Raptor","Tachyspiza gularis","Japanese Sparrowhawk"
"5038","2025/10/3","14-15",5,"DGS","Raptor","Butastur indicus","Grey-faced Buzzard"
"5039","2025/10/3","14-15",6,"DGS","Raptor","Falco subbuteo","Eurasian Hobby"
"5040","2025/10/3","14-15",4,"DGS","Swift","Hirundapus caudacutus","White-throated Needletail"
"5041","2025/10/3","15-16",6,"DGS","Raptor","Butastur indicus","Grey-faced Buzzard"
"5042","2025/10/3","15-16",1,"DGS","Raptor","Falco tinnunculus","Common Kestrel"
"5043","2025/10/3","15-16",6,"DGS","Raptor","Falco subbuteo","Eurasian Hobby"
"5044","2025/10/3","15-16",30,"DGS","Swift","Hirundapus caudacutus","White-throated Needletail"
"5045","2025/10/3","16-17",1,"DGS","Raptor","Accipiter nisus","Eurasian Sparrowhawk"
"5046","2025/10/3","16-17",12,"DGS","Raptor","Butastur indicus","Grey-faced Buzzard"
"5047","2025/10/3","16-17",1,"DGS","Raptor","Falco subbuteo","Eurasian Hobby"
"5048","2025/10/3","16-17",2,"DGS","Swift","Hirundapus caudacutus","White-throated Needletail"
"5049","2025/10/3","6-7",1,"DCS","Raptor","Tachyspiza gularis","Japanese Sparrowhawk"
"5050","2025/10/3","6-7",1,"DCS","Raptor","Raptors (unidentified)","Unidentified Raptors"
"5051","2025/10/3","6-7",6,"DCS","Else","Ardea cinerea","Grey Heron"
"5052","2025/10/3","6-7",1,"DCS","Else","Muscicapa sibirica","Dark-sided Flycatcher"
"5053","2025/10/3","7-8",1,"DCS","Raptor","Tachyspiza gularis","Japanese Sparrowhawk"
"5054","2025/10/3","7-8",1,"DCS","Raptor","Falco subbuteo","Eurasian Hobby"
"5055","2025/10/3","7-8",23,"DCS","Swift","Hirundapus caudacutus","White-throated Needletail"
"5056","2025/10/3","7-8",1,"DCS","Else","Ardea cinerea","Grey Heron"
"5057","2025/10/3","7-8",1,"DCS","Else","Anthus hodgsoni","Olive-backed Pipit"
"5058","2025/10/3","7-8",1,"DCS","Else","Anthus rufulus","Paddyfield Pipit"
"5059","2025/10/3","8-9",1,"DCS","Raptor","Lophospiza trivirgata","Crested Goshawk"
"5060","2025/10/3","8-9",1,"DCS","Raptor","Butastur indicus","Grey-faced Buzzard"
"5061","2025/10/3","8-9",1,"DCS","Raptor","Falco subbuteo","Eurasian Hobby"
"5062","2025/10/3","8-9",110,"DCS","Swift","Hirundapus caudacutus","White-throated Needletail"
"5063","2025/10/3","8-9",1,"DCS","Else","Ardea coromanda","Eastern Cattle Egret"
"5064","2025/10/3","8-9",1,"DCS","Else","Anthus hodgsoni","Olive-backed Pipit"
"5065","2025/10/3","8-9",2,"DCS","Else","Egretta garzetta","Little Egret"
"5066","2025/10/3","8-9",3,"DCS","Else","Ardea alba","Great Egret"
"5067","2025/10/3","9-10",1,"DCS","Raptor","Pernis ptilorhynchus","Crested Honey-buzzard"
"5068","2025/10/3","9-10",1,"DCS","Raptor","Tachyspiza gularis","Japanese Sparrowhawk"
"5069","2025/10/3","9-10",2,"DCS","Raptor","Falco tinnunculus","Common Kestrel"
"5070","2025/10/3","9-10",1,"DCS","Raptor","Falco subbuteo","Eurasian Hobby"
"5071","2025/10/3","9-10",1,"DCS","Raptor","Raptors (unidentified)","Unidentified Raptors"
"5072","2025/10/3","9-10",49,"DCS","Swift","Hirundapus caudacutus","White-throated Needletail"
"5073","2025/10/3","9-10",1,"DCS","Else","Anas platyrhynchos","Mallard"
"5074","2025/10/3","9-10",1,"DCS","Else","Anas zonorhyncha","Chinese Spot-billed Duck"
"5075","2025/10/3","10-11",3,"DCS","Raptor","Tachyspiza gularis","Japanese Sparrowhawk"
"5076","2025/10/3","10-11",9,"DCS","Raptor","Falco subbuteo","Eurasian Hobby"
"5077","2025/10/3","10-11",9,"DCS","Swift","Hirundapus caudacutus","White-throated Needletail"
"5078","2025/10/3","10-11",1,"DCS","Else","Muscicapa dauurica","Asian Brown Flycatcher"
"5079","2025/10/3","11-12",1,"DCS","Raptor","Tachyspiza virgata","Besra"
"5080","2025/10/3","11-12",2,"DCS","Raptor","Raptors (unidentified)","Unidentified Raptors"
"5081","2025/10/3","12-13",1,"DCS","Raptor","Falco subbuteo","Eurasian Hobby"
"5082","2025/10/3","13-14",1,"DCS","Raptor","Tachyspiza gularis","Japanese Sparrowhawk"
"5083","2025/10/3","13-14",9,"DCS","Raptor","Falco subbuteo","Eurasian Hobby"
"5084","2025/10/3","15-16",3,"DCS","Raptor","Falco subbuteo","Eurasian Hobby"
"5085","2025/10/3","16-17",5,"DCS","Raptor","Falco subbuteo","Eurasian Hobby"
"5086","2025/10/4","Before 6",7,"DGS","Raptor","Butastur indicus","Grey-faced Buzzard"
"5087","2025/10/4","Before 6",1,"DGS","Raptor","Falco subbuteo","Eurasian Hobby"
"5088","2025/10/4","Before 6",2,"DGS","Swift","Hirundapus caudacutus","White-throated Needletail"
"5089","2025/10/4","6-7",1,"DGS","Swift","Hirundapus caudacutus","White-throated Needletail"
"5090","2025/10/4","6-7",2,"DGS","Else","Ardea cinerea","Grey Heron"
"5091","2025/10/4","7-8",4,"DGS","Raptor","Tachyspiza soloensis","Chinese Sparrowhawk"
"5092","2025/10/4","7-8",3,"DGS","Raptor","Tachyspiza gularis","Japanese Sparrowhawk"
"5093","2025/10/4","7-8",1,"DGS","Raptor","Accipiter nisus","Eurasian Sparrowhawk"
"5094","2025/10/4","7-8",1,"DGS","Else","Pericrocotus divaricatus","Ashy Minivet"
"5095","2025/10/4","7-8",2,"DGS","Else","Ardea alba","Great Egret"
"5096","2025/10/4","7-8",2,"DGS","Else","Eophona migratoria","Chinese Grosbeak"
"5097","2025/10/4","7-8",32,"DGS","Else","Ardea coromanda","Eastern Cattle Egret"
"5098","2025/10/4","7-8",1,"DGS","Else","Dicrurus leucophaeus","Ashy Drongo"
"5099","2025/10/4","7-8",1,"DGS","Else","Oriolus chinensis","Black-naped Oriole"
"5100","2025/10/4","7-8",2,"DGS","Else","Dicrurus macrocercus","Black Drongo"
"5101","2025/10/4","8-9",1,"DGS","Raptor","Pandion haliaetus","Osprey"
"5102","2025/10/4","8-9",2,"DGS","Raptor","Pernis ptilorhynchus","Crested Honey-buzzard"
"5103","2025/10/4","8-9",1,"DGS","Raptor","Lophospiza trivirgata","Crested Goshawk"
"5104","2025/10/4","8-9",15,"DGS","Raptor","Tachyspiza soloensis","Chinese Sparrowhawk"
"5105","2025/10/4","8-9",3,"DGS","Raptor","Tachyspiza gularis","Japanese Sparrowhawk"
"5106","2025/10/4","8-9",8,"DGS","Raptor","Butastur indicus","Grey-faced Buzzard"
"5107","2025/10/4","8-9",1,"DGS","Raptor","Falco subbuteo","Eurasian Hobby"
"5108","2025/10/4","8-9",1,"DGS","Swift","Aerodramus sp.","Swiftlets"
"5109","2025/10/4","8-9",2,"DGS","Else","Eurystomus orientalis","Oriental Dollarbird"
"5110","2025/10/4","8-9",1,"DGS","Else","Muscicapa griseisticta","Grey-streaked Flycatcher"
"5111","2025/10/4","9-10",1,"DGS","Raptor","Tachyspiza soloensis","Chinese Sparrowhawk"
"5112","2025/10/4","9-10",1,"DGS","Raptor","Tachyspiza gularis","Japanese Sparrowhawk"
"5113","2025/10/4","9-10",1,"DGS","Raptor","Falco tinnunculus","Common Kestrel"
"5114","2025/10/4","9-10",7,"DGS","Swift","Hirundapus caudacutus","White-throated Needletail"
"5115","2025/10/4","10-11",1,"DGS","Raptor","Pernis ptilorhynchus","Crested Honey-buzzard"
"5116","2025/10/4","10-11",7,"DGS","Raptor","Tachyspiza gularis","Japanese Sparrowhawk"
"5117","2025/10/4","10-11",2,"DGS","Raptor","Butastur indicus","Grey-faced Buzzard"
"5118","2025/10/4","10-11",1,"DGS","Raptor","Falco tinnunculus","Common Kestrel"
"5119","2025/10/4","10-11",3,"DGS","Raptor","Falco subbuteo","Eurasian Hobby"
"5120","2025/10/4","10-11",1,"DGS","Raptor","Falco peregrinus","Peregrine Falcon"
"5121","2025/10/4","10-11",5,"DGS","Swift","Hirundapus caudacutus","White-throated Needletail"
"5122","2025/10/4","10-11",5,"DGS","Swift","Apus pacificus","Pacific Swift"
"5123","2025/10/4","10-11",18,"DGS","Else","Delichon dasypus/lagopodum","Asian/Siberian House Martin"
"5124","2025/10/4","10-11",7,"DGS","Else","Anas acuta","Northern Pintail"
"5125","2025/10/4","10-11",2,"DGS","Else","Phalacrocorax carbo","Great Cormorant"
"5126","2025/10/4","11-12",1,"DGS","Raptor","Lophospiza trivirgata","Crested Goshawk"
"5127","2025/10/4","11-12",1,"DGS","Raptor","Falco sp.","Unidentified Falcons"
"5128","2025/10/4","11-12",2,"DGS","Else","Delichon dasypus/lagopodum","Asian/Siberian House Martin"
"5129","2025/10/4","13-14",1,"DGS","Raptor","Lophospiza trivirgata","Crested Goshawk"
"5130","2025/10/4","14-15",1,"DGS","Raptor","Falco tinnunculus","Common Kestrel"
"5131","2025/10/4","14-15",1,"DGS","Raptor","Spilornis cheela","Crested Serpent Eagle"
"5132","2025/10/4","14-15",2,"DGS","Raptor","Raptors (unidentified)","Unidentified Raptors"
"5133","2025/10/4","15-16",4,"DGS","Raptor","Butastur indicus","Grey-faced Buzzard"
"5134","2025/10/4","15-16",1,"DGS","Raptor","Falco subbuteo","Eurasian Hobby"
"5135","2025/10/4","15-16",1,"DGS","Else","Oriolus chinensis","Black-naped Oriole"
"5136","2025/10/4","16-17",4,"DGS","Raptor","Falco subbuteo","Eurasian Hobby"
"5137","2025/10/4","After 17",1,"DGS","Raptor","Tachyspiza gularis","Japanese Sparrowhawk"
"5138","2025/10/4","After 17",2,"DGS","Raptor","Falco subbuteo","Eurasian Hobby"
"5139","2025/10/4","7-8",1,"DCS","Raptor","Raptors (unidentified)","Unidentified Raptors"
"5140","2025/10/4","8-9",1,"DCS","Raptor","Tachyspiza gularis","Japanese Sparrowhawk"
"5141","2025/10/4","8-9",1,"DCS","Raptor","Butastur indicus","Grey-faced Buzzard"
"5142","2025/10/4","8-9",1,"DCS","Raptor","Falco tinnunculus","Common Kestrel"
"5143","2025/10/4","8-9",1,"DCS","Raptor","Falco subbuteo","Eurasian Hobby"
"5144","2025/10/4","9-10",2,"DCS","Raptor","Lophospiza trivirgata","Crested Goshawk"
"5145","2025/10/4","9-10",1,"DCS","Raptor","Butastur indicus","Grey-faced Buzzard"
"5146","2025/10/4","10-11",1,"DCS","Raptor","Lophospiza trivirgata","Crested Goshawk"
"5147","2025/10/4","10-11",1,"DCS","Raptor","Butastur indicus","Grey-faced Buzzard"
"5148","2025/10/4","11-12",1,"DCS","Raptor","Butastur indicus","Grey-faced Buzzard"
"5149","2025/10/4","13-14",1,"DCS","Raptor","Falco subbuteo","Eurasian Hobby"
"5150","2025/10/4","15-16",1,"DCS","Raptor","Pandion haliaetus","Osprey"
"5151","2025/10/4","16-17",3,"DCS","Raptor","Falco subbuteo","Eurasian Hobby"
"5152","2025/10/4","16-17",1,"DCS","Raptor","Elanus caeruleus","Black-winged Kite"
"5153","2025/10/5","Before 6",1,"DGS","Raptor","Falco subbuteo","Eurasian Hobby"
"5154","2025/10/5","Before 6",1,"DGS","Raptor","Elanus caeruleus","Black-winged Kite"
"5155","2025/10/5","Before 6",2,"DGS","Else","Pericrocotus divaricatus","Ashy Minivet"
"5156","2025/10/5","Before 6",2,"DGS","Else","Anthus hodgsoni","Olive-backed Pipit"
"5157","2025/10/5","6-7",3,"DGS","Raptor","Tachyspiza gularis","Japanese Sparrowhawk"
"5158","2025/10/5","6-7",2,"DGS","Raptor","Butastur indicus","Grey-faced Buzzard"
"5159","2025/10/5","6-7",6,"DGS","Raptor","Raptors (unidentified)","Unidentified Raptors"
"5160","2025/10/5","6-7",2,"DGS","Swift","Hirundapus caudacutus","White-throated Needletail"
"5161","2025/10/5","6-7",2,"DGS","Swift","Aerodramus sp.","Swiftlets"
"5162","2025/10/5","6-7",2,"DGS","Else","Ardea intermedia","Intermediate Egret"
"5163","2025/10/5","6-7",13,"DGS","Else","Spodiopsar sericeus","Red-billed Starling"
"5164","2025/10/5","6-7",1,"DGS","Else","Saxicola stejnegeri","Stejneger's Stonechat"
"5165","2025/10/5","7-8",1,"DGS","Raptor","Butastur indicus","Grey-faced Buzzard"
"5166","2025/10/5","7-8",1,"DGS","Raptor","Falco subbuteo","Eurasian Hobby"
"5167","2025/10/5","7-8",5,"DGS","Raptor","Raptors (unidentified)","Unidentified Raptors"
"5168","2025/10/5","7-8",4,"DGS","Swift","Hirundapus caudacutus","White-throated Needletail"
"5169","2025/10/5","7-8",7,"DGS","Else","Anthus hodgsoni","Olive-backed Pipit"
"5170","2025/10/5","7-8",1,"DGS","Else","Phylloscopus inornatus","Yellow-browed Warbler"
"5171","2025/10/5","7-8",1,"DGS","Else","Ardea cinerea","Grey Heron"
"5172","2025/10/5","7-8",2,"DGS","Else","Motacilla tschutschensis","Eastern Yellow Wagtail"
"5173","2025/10/5","8-9",1,"DGS","Raptor","Pandion haliaetus","Osprey"
"5174","2025/10/5","8-9",3,"DGS","Raptor","Tachyspiza soloensis","Chinese Sparrowhawk"
"5175","2025/10/5","8-9",2,"DGS","Raptor","Tachyspiza gularis","Japanese Sparrowhawk"
"5176","2025/10/5","8-9",3,"DGS","Raptor","Butastur indicus","Grey-faced Buzzard"
"5177","2025/10/5","8-9",2,"DGS","Raptor","Falco subbuteo","Eurasian Hobby"
"5178","2025/10/5","8-9",18,"DGS","Swift","Hirundapus caudacutus","White-throated Needletail"
"5179","2025/10/5","8-9",1,"DGS","Swift","Aerodramus sp.","Swiftlets"
"5180","2025/10/5","8-9",1,"DGS","Else","Delichon dasypus/lagopodum","Asian/Siberian House Martin"
"5181","2025/10/5","8-9",1,"DGS","Else","Eurystomus orientalis","Oriental Dollarbird"
"5182","2025/10/5","8-9",2,"DGS","Else","Eophona migratoria","Chinese Grosbeak"
"5183","2025/10/5","9-10",3,"DGS","Raptor","Lophospiza trivirgata","Crested Goshawk"
"5184","2025/10/5","9-10",3,"DGS","Raptor","Tachyspiza gularis","Japanese Sparrowhawk"
"5185","2025/10/5","9-10",1,"DGS","Raptor","Butastur indicus","Grey-faced Buzzard"
"5186","2025/10/5","9-10",2,"DGS","Raptor","Falco tinnunculus","Common Kestrel"
"5187","2025/10/5","9-10",1,"DGS","Raptor","Eagles (unidentified)","Unidentified Eagles"
"5188","2025/10/5","9-10",4,"DGS","Swift","Hirundapus caudacutus","White-throated Needletail"
"5189","2025/10/5","9-10",1,"DGS","Else","Delichon dasypus/lagopodum","Asian/Siberian House Martin"
"5190","2025/10/5","9-10",2,"DGS","Else","Emberiza pusilla","Little Bunting"
"5191","2025/10/5","10-11",1,"DGS","Raptor","Pernis ptilorhynchus","Crested Honey-buzzard"
"5192","2025/10/5","10-11",3,"DGS","Raptor","Tachyspiza gularis","Japanese Sparrowhawk"
"5193","2025/10/5","10-11",1,"DGS","Raptor","Butastur indicus","Grey-faced Buzzard"
"5194","2025/10/5","10-11",1,"DGS","Raptor","Falco tinnunculus","Common Kestrel"
"5195","2025/10/5","10-11",1,"DGS","Raptor","Falco subbuteo","Eurasian Hobby"
"5196","2025/10/5","10-11",1,"DGS","Else","Delichon dasypus/lagopodum","Asian/Siberian House Martin"
"5197","2025/10/5","11-12",1,"DGS","Raptor","Pandion haliaetus","Osprey"
"5198","2025/10/5","11-12",2,"DGS","Raptor","Tachyspiza gularis","Japanese Sparrowhawk"
"5199","2025/10/5","11-12",1,"DGS","Raptor","Falco subbuteo","Eurasian Hobby"
"5200","2025/10/5","11-12",1,"DGS","Else","Columba janthina","Japanese Wood Pigeon"
"5201","2025/10/5","12-13",1,"DGS","Raptor","Falco subbuteo","Eurasian Hobby"
"5202","2025/10/5","12-13",1,"DGS","Swift","Hirundapus caudacutus","White-throated Needletail"
"5203","2025/10/5","13-14",1,"DGS","Raptor","Raptors (unidentified)","Unidentified Raptors"
"5204","2025/10/5","13-14",4,"DGS","Swift","Hirundapus caudacutus","White-throated Needletail"
"5205","2025/10/5","15-16",1,"DGS","Raptor","Tachyspiza gularis","Japanese Sparrowhawk"
"5206","2025/10/5","15-16",1,"DGS","Raptor","Falco subbuteo","Eurasian Hobby"
"5207","2025/10/5","7-8",1,"DCS","Raptor","Raptors (unidentified)","Unidentified Raptors"
"5208","2025/10/5","7-8",1,"DCS","Else","Oriolus chinensis","Black-naped Oriole"
"5209","2025/10/5","8-9",1,"DCS","Raptor","Butastur indicus","Grey-faced Buzzard"
"5210","2025/10/5","9-10",2,"DCS","Raptor","Lophospiza trivirgata","Crested Goshawk"
"5211","2025/10/5","9-10",1,"DCS","Raptor","Circus spilonotus","Eastern Marsh Harrier"
"5212","2025/10/5","9-10",1,"DCS","Raptor","Eagles (unidentified)","Unidentified Eagles"
"5213","2025/10/5","10-11",1,"DCS","Raptor","Falco tinnunculus","Common Kestrel"
"5214","2025/10/5","13-14",2,"DCS","Swift","Hirundapus caudacutus","White-throated Needletail"
"5215","2025/10/5","14-15",2,"DCS","Raptor","Falco tinnunculus","Common Kestrel"
"5216","2025/10/5","14-15",1,"DCS","Raptor","Falco subbuteo","Eurasian Hobby"
"5217","2025/10/5","14-15",5,"DCS","Swift","Hirundapus caudacutus","White-throated Needletail"
"5218","2025/10/5","15-16",1,"DCS","Raptor","Tachyspiza gularis","Japanese Sparrowhawk"
"5219","2025/10/5","15-16",1,"DCS","Raptor","Falco tinnunculus","Common Kestrel"
"5220","2025/10/5","16-17",1,"DCS","Raptor","Falco subbuteo","Eurasian Hobby"
"5221","2025/10/5","16-17",2,"DCS","Raptor","Elanus caeruleus","Black-winged Kite"
"5222","2025/10/6","Before 6",1,"DGS","Raptor","Raptors (unidentified)","Unidentified Raptors"
"5223","2025/10/6","6-7",1,"DGS","Raptor","Falco tinnunculus","Common Kestrel"
"5224","2025/10/6","6-7",1,"DGS","Raptor","Falco subbuteo","Eurasian Hobby"
"5225","2025/10/6","7-8",1,"DGS","Raptor","Tachyspiza gularis","Japanese Sparrowhawk"
"5226","2025/10/6","7-8",1,"DGS","Swift","Apus pacificus","Pacific Swift"
"5227","2025/10/6","7-8",1,"DGS","Swift","Aerodramus sp.","Swiftlets"
"5228","2025/10/6","8-9",1,"DGS","Raptor","Pernis ptilorhynchus","Crested Honey-buzzard"
"5229","2025/10/6","8-9",1,"DGS","Raptor","Lophospiza trivirgata","Crested Goshawk"
"5230","2025/10/6","8-9",2,"DGS","Raptor","Tachyspiza soloensis","Chinese Sparrowhawk"
"5231","2025/10/6","8-9",2,"DGS","Raptor","Tachyspiza gularis","Japanese Sparrowhawk"
"5232","2025/10/6","8-9",2,"DGS","Raptor","Falco tinnunculus","Common Kestrel"
"5233","2025/10/6","8-9",2,"DGS","Raptor","Falco subbuteo","Eurasian Hobby"
"5234","2025/10/6","8-9",1,"DGS","Raptor","Raptors (unidentified)","Unidentified Raptors"
"5235","2025/10/6","8-9",6,"DGS","Swift","Hirundapus caudacutus","White-throated Needletail"
"5236","2025/10/6","8-9",2,"DGS","Swift","Apus pacificus","Pacific Swift"
"5237","2025/10/6","8-9",8,"DGS","Swift","Aerodramus sp.","Swiftlets"
"5238","2025/10/6","8-9",3,"DGS","Else","Delichon dasypus/lagopodum","Asian/Siberian House Martin"
"5239","2025/10/6","9-10",1,"DGS","Raptor","Pandion haliaetus","Osprey"
"5240","2025/10/6","9-10",1,"DGS","Raptor","Pernis ptilorhynchus","Crested Honey-buzzard"
"5241","2025/10/6","9-10",1,"DGS","Raptor","Lophospiza trivirgata","Crested Goshawk"
"5242","2025/10/6","9-10",4,"DGS","Raptor","Tachyspiza gularis","Japanese Sparrowhawk"
"5243","2025/10/6","9-10",2,"DGS","Raptor","Eagles (unidentified)","Unidentified Eagles"
"5244","2025/10/6","9-10",1,"DGS","Raptor","Falco sp.","Unidentified Falcons"
"5245","2025/10/6","9-10",1,"DGS","Swift","Hirundapus caudacutus","White-throated Needletail"
"5246","2025/10/6","10-11",1,"DGS","Raptor","Tachyspiza soloensis","Chinese Sparrowhawk"
"5247","2025/10/6","10-11",4,"DGS","Raptor","Tachyspiza gularis","Japanese Sparrowhawk"
"5248","2025/10/6","10-11",1,"DGS","Raptor","Falco subbuteo","Eurasian Hobby"
"5249","2025/10/6","10-11",1,"DGS","Raptor","Falco peregrinus","Peregrine Falcon"
"5250","2025/10/6","10-11",4,"DGS","Swift","Hirundapus caudacutus","White-throated Needletail"
"5251","2025/10/6","10-11",1,"DGS","Swift","Aerodramus sp.","Swiftlets"
"5252","2025/10/6","11-12",1,"DGS","Raptor","Lophospiza trivirgata","Crested Goshawk"
"5253","2025/10/6","11-12",1,"DGS","Raptor","Circus spilonotus","Eastern Marsh Harrier"
"5254","2025/10/6","11-12",6,"DGS","Raptor","Butastur indicus","Grey-faced Buzzard"
"5255","2025/10/6","11-12",2,"DGS","Raptor","Falco subbuteo","Eurasian Hobby"
"5256","2025/10/6","11-12",3,"DGS","Swift","Hirundapus caudacutus","White-throated Needletail"
"5257","2025/10/6","11-12",6,"DGS","Swift","Aerodramus sp.","Swiftlets"
"5258","2025/10/6","12-13",2,"DGS","Raptor","Falco subbuteo","Eurasian Hobby"
"5259","2025/10/6","12-13",3,"DGS","Swift","Hirundapus caudacutus","White-throated Needletail"
"5260","2025/10/6","12-13",3,"DGS","Swift","Apus pacificus","Pacific Swift"
"5261","2025/10/6","12-13",3,"DGS","Swift","Aerodramus sp.","Swiftlets"
"5262","2025/10/6","13-14",2,"DGS","Raptor","Butastur indicus","Grey-faced Buzzard"
"5263","2025/10/6","13-14",1,"DGS","Raptor","Falco subbuteo","Eurasian Hobby"
"5264","2025/10/6","13-14",1,"DGS","Swift","Hirundapus caudacutus","White-throated Needletail"
"5265","2025/10/6","14-15",1,"DGS","Raptor","Tachyspiza gularis","Japanese Sparrowhawk"
"5266","2025/10/6","14-15",1,"DGS","Raptor","Butastur indicus","Grey-faced Buzzard"
"5267","2025/10/6","15-16",11,"DGS","Raptor","Butastur indicus","Grey-faced Buzzard"
"5268","2025/10/6","15-16",1,"DGS","Raptor","Falco tinnunculus","Common Kestrel"
"5269","2025/10/6","16-17",1,"DGS","Raptor","Pandion haliaetus","Osprey"
"5270","2025/10/6","16-17",3,"DGS","Raptor","Falco subbuteo","Eurasian Hobby"
"5271","2025/10/6","16-17",1,"DGS","Raptor","Eagles (unidentified)","Unidentified Eagles"
"5272","2025/10/6","6-7",1,"DCS","Raptor","Butastur indicus","Grey-faced Buzzard"
"5273","2025/10/6","6-7",1,"DCS","Raptor","Eagles (unidentified)","Unidentified Eagles"
"5274","2025/10/6","8-9",2,"DCS","Raptor","Lophospiza trivirgata","Crested Goshawk"
"5275","2025/10/6","8-9",1,"DCS","Raptor","Tachyspiza gularis","Japanese Sparrowhawk"
"5276","2025/10/6","8-9",3,"DCS","Raptor","Falco subbuteo","Eurasian Hobby"
"5277","2025/10/6","9-10",1,"DCS","Raptor","Tachyspiza gularis","Japanese Sparrowhawk"
"5278","2025/10/6","9-10",1,"DCS","Raptor","Butastur indicus","Grey-faced Buzzard"
"5279","2025/10/6","10-11",8,"DCS","Raptor","Butastur indicus","Grey-faced Buzzard"
"5280","2025/10/6","10-11",1,"DCS","Raptor","Eagles (unidentified)","Unidentified Eagles"
"5281","2025/10/6","13-14",2,"DCS","Raptor","Falco tinnunculus","Common Kestrel"
"5282","2025/10/6","15-16",1,"DCS","Raptor","Pandion haliaetus","Osprey"
"5283","2025/10/6","16-17",1,"DCS","Raptor","Pandion haliaetus","Osprey"
"5284","2025/10/6","16-17",1,"DCS","Raptor","Elanus caeruleus","Black-winged Kite"
"5285","2025/10/6","16-17",1,"DCS","Swift","Aerodramus sp.","Swiftlets"
"5286","2025/10/7","Before 6",1,"DGS","Raptor","Eagles (unidentified)","Unidentified Eagles"
"5287","2025/10/7","Before 6",1,"DGS","Raptor","Falco sp.","Unidentified Falcons"
"5288","2025/10/7","6-7",4,"DGS","Raptor","Butastur indicus","Grey-faced Buzzard"
"5289","2025/10/7","6-7",1,"DGS","Raptor","Eagles (unidentified)","Unidentified Eagles"
"5290","2025/10/7","7-8",4,"DGS","Raptor","Tachyspiza gularis","Japanese Sparrowhawk"
"5291","2025/10/7","7-8",1,"DGS","Raptor","Falco amurensis","Amur Falcon"
"5292","2025/10/7","7-8",1,"DGS","Raptor","Falco subbuteo","Eurasian Hobby"
"5293","2025/10/7","7-8",2,"DGS","Swift","Apus pacificus","Pacific Swift"
"5294","2025/10/7","8-9",6,"DGS","Raptor","Tachyspiza soloensis","Chinese Sparrowhawk"
"5295","2025/10/7","8-9",9,"DGS","Raptor","Tachyspiza gularis","Japanese Sparrowhawk"
"5296","2025/10/7","8-9",1,"DGS","Raptor","Falco tinnunculus","Common Kestrel"
"5297","2025/10/7","8-9",3,"DGS","Raptor","Falco subbuteo","Eurasian Hobby"
"5298","2025/10/7","8-9",7,"DGS","Swift","Hirundapus caudacutus","White-throated Needletail"
"5299","2025/10/7","9-10",1,"DGS","Raptor","Lophospiza trivirgata","Crested Goshawk"
"5300","2025/10/7","9-10",3,"DGS","Raptor","Tachyspiza soloensis","Chinese Sparrowhawk"
"5301","2025/10/7","9-10",2,"DGS","Raptor","Tachyspiza gularis","Japanese Sparrowhawk"
"5302","2025/10/7","9-10",1,"DGS","Raptor","Falco tinnunculus","Common Kestrel"
"5303","2025/10/7","9-10",7,"DGS","Raptor","Falco subbuteo","Eurasian Hobby"
"5304","2025/10/7","9-10",1,"DGS","Swift","Aerodramus sp.","Swiftlets"
"5305","2025/10/7","10-11",1,"DGS","Raptor","Pandion haliaetus","Osprey"
"5306","2025/10/7","10-11",8,"DGS","Raptor","Butastur indicus","Grey-faced Buzzard"
"5307","2025/10/7","10-11",2,"DGS","Raptor","Falco subbuteo","Eurasian Hobby"
"5308","2025/10/7","10-11",1,"DGS","Raptor","Eagles (unidentified)","Unidentified Eagles"
"5309","2025/10/7","10-11",1,"DGS","Else","Scolopax rusticola","Eurasian Woodcock"
"5310","2025/10/7","11-12",1,"DGS","Raptor","Lophospiza trivirgata","Crested Goshawk"
"5311","2025/10/7","11-12",1,"DGS","Raptor","Circus spilonotus","Eastern Marsh Harrier"
"5312","2025/10/7","11-12",9,"DGS","Raptor","Butastur indicus","Grey-faced Buzzard"
"5313","2025/10/7","11-12",8,"DGS","Raptor","Falco subbuteo","Eurasian Hobby"
"5314","2025/10/7","11-12",2,"DGS","Raptor","Falco peregrinus","Peregrine Falcon"
"5315","2025/10/7","11-12",1,"DGS","Raptor","Falco sp.","Unidentified Falcons"
"5316","2025/10/7","12-13",1,"DGS","Raptor","Pandion haliaetus","Osprey"
"5317","2025/10/7","12-13",1,"DGS","Raptor","Tachyspiza gularis","Japanese Sparrowhawk"
"5318","2025/10/7","12-13",5,"DGS","Raptor","Butastur indicus","Grey-faced Buzzard"
"5319","2025/10/7","12-13",2,"DGS","Raptor","Falco subbuteo","Eurasian Hobby"
"5320","2025/10/7","12-13",1,"DGS","Raptor","Raptors (unidentified)","Unidentified Raptors"
"5321","2025/10/7","13-14",1,"DGS","Raptor","Pernis ptilorhynchus","Crested Honey-buzzard"
"5322","2025/10/7","13-14",1,"DGS","Raptor","Falco tinnunculus","Common Kestrel"
"5323","2025/10/7","14-15",1,"DGS","Raptor","Falco subbuteo","Eurasian Hobby"
"5324","2025/10/7","14-15",1,"DGS","Swift","Aerodramus sp.","Swiftlets"
"5325","2025/10/7","16-17",1,"DGS","Raptor","Falco sp.","Unidentified Falcons"
"5326","2025/10/7","16-17",1,"DGS","Swift","Hirundapus caudacutus","White-throated Needletail"
"5327","2025/10/7","16-17",2,"DGS","Swift","Apus pacificus","Pacific Swift"
"5328","2025/10/7","16-17",1,"DGS","Swift","Aerodramus sp.","Swiftlets"
"5329","2025/10/7","16-17",1,"DGS","Else","Delichon dasypus/lagopodum","Asian/Siberian House Martin"
"5330","2025/10/7","16-17",1,"DGS","Else","Riparia riparia","Sand Martin"
"5331","2025/10/7","6-7",1,"DCS","Raptor","Butastur indicus","Grey-faced Buzzard"
"5332","2025/10/7","6-7",1,"DCS","Raptor","Falco tinnunculus","Common Kestrel"
"5333","2025/10/7","7-8",1,"DCS","Raptor","Eagles (unidentified)","Unidentified Eagles"
"5334","2025/10/7","8-9",1,"DCS","Raptor","Lophospiza trivirgata","Crested Goshawk"
"5335","2025/10/7","8-9",3,"DCS","Raptor","Tachyspiza gularis","Japanese Sparrowhawk"
"5336","2025/10/7","9-10",1,"DCS","Raptor","Pernis ptilorhynchus","Crested Honey-buzzard"
"5337","2025/10/7","9-10",4,"DCS","Raptor","Tachyspiza gularis","Japanese Sparrowhawk"
"5338","2025/10/7","9-10",10,"DCS","Raptor","Butastur indicus","Grey-faced Buzzard"
"5339","2025/10/7","9-10",2,"DCS","Raptor","Falco tinnunculus","Common Kestrel"
"5340","2025/10/7","9-10",2,"DCS","Raptor","Eagles (unidentified)","Unidentified Eagles"
"5341","2025/10/7","11-12",6,"DCS","Raptor","Butastur indicus","Grey-faced Buzzard"
"5342","2025/10/7","12-13",1,"DCS","Raptor","Lophospiza trivirgata","Crested Goshawk"
"5343","2025/10/7","13-14",1,"DCS","Raptor","Pernis ptilorhynchus","Crested Honey-buzzard"
"5344","2025/10/7","13-14",1,"DCS","Raptor","Butastur indicus","Grey-faced Buzzard"
"5345","2025/10/7","13-14",1,"DCS","Raptor","Raptors (unidentified)","Unidentified Raptors"
"5346","2025/10/7","14-15",1,"DCS","Raptor","Pernis ptilorhynchus","Crested Honey-buzzard"
"5347","2025/10/7","15-16",1,"DCS","Raptor","Pandion haliaetus","Osprey"
"5348","2025/10/7","15-16",1,"DCS","Raptor","Pernis ptilorhynchus","Crested Honey-buzzard"
"5349","2025/10/7","15-16",1,"DCS","Raptor","Butastur indicus","Grey-faced Buzzard"
"5350","2025/10/7","15-16",1,"DCS","Else","Delichon dasypus/lagopodum","Asian/Siberian House Martin"
"5351","2025/10/7","16-17",1,"DCS","Raptor","Falco tinnunculus","Common Kestrel"
"5352","2025/10/7","16-17",1,"DCS","Raptor","Elanus caeruleus","Black-winged Kite"
"5353","2025/10/7","16-17",3,"DCS","Swift","Aerodramus sp.","Swiftlets"
"5354","2025/10/7","16-17",1,"DCS","Else","Delichon dasypus/lagopodum","Asian/Siberian House Martin"
"5355","2025/10/8","6-7",44,"DGS","Raptor","Butastur indicus","Grey-faced Buzzard"
"5356","2025/10/8","6-7",1,"DGS","Raptor","Eagles (unidentified)","Unidentified Eagles"
"5357","2025/10/8","6-7",1,"DGS","Raptor","Raptors (unidentified)","Unidentified Raptors"
"5358","2025/10/8","7-8",3,"DGS","Raptor","Pernis ptilorhynchus","Crested Honey-buzzard"
"5359","2025/10/8","7-8",1,"DGS","Raptor","Lophospiza trivirgata","Crested Goshawk"
"5360","2025/10/8","7-8",1,"DGS","Raptor","Tachyspiza gularis","Japanese Sparrowhawk"
"5361","2025/10/8","7-8",15,"DGS","Raptor","Butastur indicus","Grey-faced Buzzard"
"5362","2025/10/8","7-8",1,"DGS","Raptor","Falco tinnunculus","Common Kestrel"
"5363","2025/10/8","7-8",1,"DGS","Raptor","Spilornis cheela","Crested Serpent Eagle"
"5364","2025/10/8","7-8",1,"DGS","Raptor","Falco sp.","Unidentified Falcons"
"5365","2025/10/8","7-8",2,"DGS","Raptor","Raptors (unidentified)","Unidentified Raptors"
"5366","2025/10/8","8-9",5,"DGS","Raptor","Pernis ptilorhynchus","Crested Honey-buzzard"
"5367","2025/10/8","8-9",1,"DGS","Raptor","Lophospiza trivirgata","Crested Goshawk"
"5368","2025/10/8","8-9",2,"DGS","Raptor","Butastur indicus","Grey-faced Buzzard"
"5369","2025/10/8","8-9",5,"DGS","Raptor","Eagles (unidentified)","Unidentified Eagles"
"5370","2025/10/8","8-9",3,"DGS","Raptor","Raptors (unidentified)","Unidentified Raptors"
"5371","2025/10/8","9-10",1,"DGS","Raptor","Pandion haliaetus","Osprey"
"5372","2025/10/8","9-10",8,"DGS","Raptor","Pernis ptilorhynchus","Crested Honey-buzzard"
"5373","2025/10/8","9-10",3,"DGS","Raptor","Lophospiza trivirgata","Crested Goshawk"
"5374","2025/10/8","9-10",63,"DGS","Raptor","Butastur indicus","Grey-faced Buzzard"
"5375","2025/10/8","9-10",1,"DGS","Raptor","Falco tinnunculus","Common Kestrel"
"5376","2025/10/8","9-10",3,"DGS","Raptor","Falco subbuteo","Eurasian Hobby"
"5377","2025/10/8","9-10",1,"DGS","Raptor","Eagles (unidentified)","Unidentified Eagles"
"5378","2025/10/8","9-10",1,"DGS","Raptor","Falco sp.","Unidentified Falcons"
"5379","2025/10/8","9-10",1,"DGS","Swift","Aerodramus sp.","Swiftlets"
"5380","2025/10/8","9-10",1,"DGS","Else","Delichon dasypus/lagopodum","Asian/Siberian House Martin"
"5381","2025/10/8","10-11",1,"DGS","Raptor","Pernis ptilorhynchus","Crested Honey-buzzard"
"5382","2025/10/8","10-11",2,"DGS","Raptor","Tachyspiza gularis","Japanese Sparrowhawk"
"5383","2025/10/8","10-11",4,"DGS","Raptor","Butastur indicus","Grey-faced Buzzard"
"5384","2025/10/8","10-11",2,"DGS","Raptor","Falco subbuteo","Eurasian Hobby"
"5385","2025/10/8","10-11",1,"DGS","Raptor","Falco peregrinus","Peregrine Falcon"
"5386","2025/10/8","10-11",1,"DGS","Raptor","Circus sp.","Unidentified Harriers"
"5387","2025/10/8","10-11",3,"DGS","Swift","Hirundapus caudacutus","White-throated Needletail"
"5388","2025/10/8","10-11",1,"DGS","Else","Riparia riparia","Sand Martin"
"5389","2025/10/8","11-12",1,"DGS","Raptor","Pandion haliaetus","Osprey"
"5390","2025/10/8","11-12",1,"DGS","Raptor","Falco tinnunculus","Common Kestrel"
"5391","2025/10/8","11-12",2,"DGS","Raptor","Eagles (unidentified)","Unidentified Eagles"
"5392","2025/10/8","11-12",2,"DGS","Swift","Hirundapus caudacutus","White-throated Needletail"
"5393","2025/10/8","11-12",1,"DGS","Swift","Aerodramus sp.","Swiftlets"
"5394","2025/10/8","12-13",1,"DGS","Raptor","Pernis ptilorhynchus","Crested Honey-buzzard"
"5395","2025/10/8","12-13",1,"DGS","Raptor","Tachyspiza soloensis","Chinese Sparrowhawk"
"5396","2025/10/8","12-13",1,"DGS","Raptor","Falco amurensis","Amur Falcon"
"5397","2025/10/8","12-13",1,"DGS","Raptor","Raptors (unidentified)","Unidentified Raptors"
"5398","2025/10/8","12-13",2,"DGS","Swift","Aerodramus sp.","Swiftlets"
"5399","2025/10/8","13-14",1,"DGS","Raptor","Pandion haliaetus","Osprey"
"5400","2025/10/8","13-14",2,"DGS","Raptor","Pernis ptilorhynchus","Crested Honey-buzzard"
"5401","2025/10/8","13-14",12,"DGS","Raptor","Butastur indicus","Grey-faced Buzzard"
"5402","2025/10/8","13-14",1,"DGS","Raptor","Falco tinnunculus","Common Kestrel"
"5403","2025/10/8","15-16",1,"DGS","Raptor","Raptors (unidentified)","Unidentified Raptors"
"5404","2025/10/9","7-8",1,"DGS","Raptor","Pernis ptilorhynchus","Crested Honey-buzzard"
"5405","2025/10/9","7-8",4,"DGS","Raptor","Tachyspiza soloensis","Chinese Sparrowhawk"
"5406","2025/10/9","7-8",2,"DGS","Raptor","Tachyspiza gularis","Japanese Sparrowhawk"
"5407","2025/10/9","7-8",6,"DGS","Raptor","Butastur indicus","Grey-faced Buzzard"
"5408","2025/10/9","7-8",1,"DGS","Raptor","Falco tinnunculus","Common Kestrel"
"5409","2025/10/9","8-9",1,"DGS","Raptor","Lophospiza trivirgata","Crested Goshawk"
"5410","2025/10/9","8-9",1,"DGS","Raptor","Tachyspiza gularis","Japanese Sparrowhawk"
"5411","2025/10/9","8-9",1,"DGS","Raptor","Circus spilonotus","Eastern Marsh Harrier"
"5412","2025/10/9","8-9",2,"DGS","Raptor","Spilornis cheela","Crested Serpent Eagle"
"5413","2025/10/9","9-10",1,"DGS","Raptor","Lophospiza trivirgata","Crested Goshawk"
"5414","2025/10/9","9-10",1,"DGS","Raptor","Raptors (unidentified)","Unidentified Raptors"
"5415","2025/10/9","9-10",1,"DGS","Else","Delichon dasypus/lagopodum","Asian/Siberian House Martin"
"5416","2025/10/9","10-11",2,"DGS","Raptor","Lophospiza trivirgata","Crested Goshawk"
"5417","2025/10/9","10-11",1,"DGS","Raptor","Tachyspiza gularis","Japanese Sparrowhawk"
"5418","2025/10/9","10-11",2,"DGS","Swift","Aerodramus sp.","Swiftlets"
"5419","2025/10/9","11-12",1,"DGS","Raptor","Falco sp.","Unidentified Falcons"
"5420","2025/10/9","11-12",2,"DGS","Swift","Aerodramus sp.","Swiftlets"
"5421","2025/10/9","12-13",1,"DGS","Raptor","Falco tinnunculus","Common Kestrel"
"5422","2025/10/9","13-14",2,"DGS","Raptor","Butastur indicus","Grey-faced Buzzard"
"5423","2025/10/9","13-14",1,"DGS","Raptor","Falco tinnunculus","Common Kestrel"
"5424","2025/10/9","14-15",1,"DGS","Raptor","Raptors (unidentified)","Unidentified Raptors"
"5425","2025/10/9","15-16",1,"DGS","Raptor","Pandion haliaetus","Osprey"
"5426","2025/10/9","15-16",1,"DGS","Raptor","Falco tinnunculus","Common Kestrel"
"5427","2025/10/9","16-17",2,"DGS","Raptor","Falco tinnunculus","Common Kestrel"
"5428","2025/10/9","16-17",1,"DGS","Raptor","Falco subbuteo","Eurasian Hobby"
"5429","2025/10/10","6-7",1,"DGS","Raptor","Astur gentilis","Eurasian Goshawk"
"5430","2025/10/10","6-7",1,"DGS","Raptor","Falco tinnunculus","Common Kestrel"
"5431","2025/10/10","6-7",1,"DGS","Raptor","Raptors (unidentified)","Unidentified Raptors"
"5432","2025/10/10","7-8",1,"DGS","Raptor","Tachyspiza gularis","Japanese Sparrowhawk"
"5433","2025/10/10","7-8",2,"DGS","Raptor","Falco tinnunculus","Common Kestrel"
"5434","2025/10/10","7-8",1,"DGS","Raptor","Falco subbuteo","Eurasian Hobby"
"5435","2025/10/10","8-9",1,"DGS","Raptor","Tachyspiza virgata","Besra"
"5436","2025/10/10","8-9",1,"DGS","Else","Delichon dasypus/lagopodum","Asian/Siberian House Martin"
"5437","2025/10/10","9-10",1,"DGS","Raptor","Tachyspiza gularis","Japanese Sparrowhawk"
"5438","2025/10/10","9-10",40,"DGS","Raptor","Butastur indicus","Grey-faced Buzzard"
"5439","2025/10/10","9-10",1,"DGS","Raptor","Spilornis cheela","Crested Serpent Eagle"
"5440","2025/10/10","9-10",3,"DGS","Raptor","Eagles (unidentified)","Unidentified Eagles"
"5441","2025/10/10","10-11",1,"DGS","Raptor","Circus sp.","Unidentified Harriers"
"5442","2025/10/10","11-12",1,"DGS","Raptor","Lophospiza trivirgata","Crested Goshawk"
"5443","2025/10/10","11-12",1,"DGS","Raptor","Eagles (unidentified)","Unidentified Eagles"
"5444","2025/10/10","11-12",1,"DGS","Raptor","Raptors (unidentified)","Unidentified Raptors"
"5445","2025/10/10","12-13",1,"DGS","Raptor","Pernis ptilorhynchus","Crested Honey-buzzard"
"5446","2025/10/10","12-13",4,"DGS","Raptor","Butastur indicus","Grey-faced Buzzard"
"5447","2025/10/10","12-13",1,"DGS","Raptor","Falco sp.","Unidentified Falcons"
"5448","2025/10/10","14-15",1,"DGS","Raptor","Tachyspiza gularis","Japanese Sparrowhawk"
"5449","2025/10/10","14-15",1,"DGS","Raptor","Falco subbuteo","Eurasian Hobby"
"5450","2025/10/10","14-15",1,"DGS","Raptor","Eagles (unidentified)","Unidentified Eagles"
"5451","2025/10/10","15-16",4,"DGS","Raptor","Butastur indicus","Grey-faced Buzzard"
"5452","2025/10/10","15-16",1,"DGS","Raptor","Falco tinnunculus","Common Kestrel"
"5453","2025/10/10","15-16",1,"DGS","Raptor","Falco subbuteo","Eurasian Hobby"
"5454","2025/10/10","16-17",1,"DGS","Raptor","Falco subbuteo","Eurasian Hobby"
"5455","2025/10/10","16-17",1,"DGS","Raptor","Falco sp.","Unidentified Falcons"
"5456","2025/10/10","After 17",1,"DGS","Raptor","Pandion haliaetus","Osprey"
"5457","2025/10/10","After 17",1,"DGS","Raptor","Falco subbuteo","Eurasian Hobby"
"5458","2025/10/11","6-7",3,"DGS","Raptor","Eagles (unidentified)","Unidentified Eagles"
"5459","2025/10/11","7-8",6,"DGS","Raptor","Butastur indicus","Grey-faced Buzzard"
"5460","2025/10/11","7-8",1,"DGS","Raptor","Falco peregrinus","Peregrine Falcon"
"5461","2025/10/11","7-8",2,"DGS","Raptor","Eagles (unidentified)","Unidentified Eagles"
"5462","2025/10/11","7-8",1,"DGS","Raptor","Raptors (unidentified)","Unidentified Raptors"
"5463","2025/10/11","7-8",1,"DGS","Swift","Aerodramus sp.","Swiftlets"
"5464","2025/10/11","8-9",3,"DGS","Raptor","Pernis ptilorhynchus","Crested Honey-buzzard"
"5465","2025/10/11","8-9",3,"DGS","Raptor","Tachyspiza gularis","Japanese Sparrowhawk"
"5466","2025/10/11","8-9",14,"DGS","Raptor","Butastur indicus","Grey-faced Buzzard"
"5467","2025/10/11","8-9",1,"DGS","Raptor","Falco sp.","Unidentified Falcons"
"5468","2025/10/11","8-9",1,"DGS","Swift","Aerodramus sp.","Swiftlets"
"5469","2025/10/11","9-10",1,"DGS","Raptor","Lophospiza trivirgata","Crested Goshawk"
"5470","2025/10/11","9-10",1,"DGS","Raptor","Falco subbuteo","Eurasian Hobby"
"5471","2025/10/11","9-10",1,"DGS","Raptor","Eagles (unidentified)","Unidentified Eagles"
"5472","2025/10/11","10-11",1,"DGS","Raptor","Lophospiza trivirgata","Crested Goshawk"
"5473","2025/10/11","10-11",3,"DGS","Raptor","Tachyspiza gularis","Japanese Sparrowhawk"
"5474","2025/10/11","10-11",2,"DGS","Raptor","Butastur indicus","Grey-faced Buzzard"
"5475","2025/10/11","10-11",4,"DGS","Raptor","Falco subbuteo","Eurasian Hobby"
"5476","2025/10/11","10-11",2,"DGS","Raptor","Eagles (unidentified)","Unidentified Eagles"
"5477","2025/10/11","10-11",1,"DGS","Swift","Aerodramus sp.","Swiftlets"
"5478","2025/10/11","11-12",1,"DGS","Raptor","Pandion haliaetus","Osprey"
"5479","2025/10/11","11-12",1,"DGS","Raptor","Pernis ptilorhynchus","Crested Honey-buzzard"
"5480","2025/10/11","11-12",1,"DGS","Raptor","Falco tinnunculus","Common Kestrel"
"5481","2025/10/11","11-12",2,"DGS","Raptor","Falco subbuteo","Eurasian Hobby"
"5482","2025/10/11","12-13",1,"DGS","Raptor","Lophospiza trivirgata","Crested Goshawk"
"5483","2025/10/11","12-13",1,"DGS","Raptor","Tachyspiza soloensis","Chinese Sparrowhawk"
"5484","2025/10/11","12-13",2,"DGS","Raptor","Tachyspiza gularis","Japanese Sparrowhawk"
"5485","2025/10/11","12-13",1,"DGS","Raptor","Falco subbuteo","Eurasian Hobby"
"5486","2025/10/11","12-13",2,"DGS","Raptor","Eagles (unidentified)","Unidentified Eagles"
"5487","2025/10/11","13-14",1,"DGS","Raptor","Pandion haliaetus","Osprey"
"5488","2025/10/11","13-14",1,"DGS","Raptor","Falco subbuteo","Eurasian Hobby"
"5489","2025/10/11","14-15",2,"DGS","Raptor","Falco tinnunculus","Common Kestrel"
"5490","2025/10/11","14-15",3,"DGS","Raptor","Falco subbuteo","Eurasian Hobby"
"5491","2025/10/11","14-15",1,"DGS","Raptor","Eagles (unidentified)","Unidentified Eagles"
"5492","2025/10/11","14-15",1,"DGS","Raptor","Falco sp.","Unidentified Falcons"
"5493","2025/10/11","15-16",1,"DGS","Raptor","Butastur indicus","Grey-faced Buzzard"
"5494","2025/10/11","15-16",1,"DGS","Raptor","Falco tinnunculus","Common Kestrel"
"5495","2025/10/11","15-16",1,"DGS","Raptor","Falco subbuteo","Eurasian Hobby"
"5496","2025/10/11","16-17",7,"DGS","Raptor","Butastur indicus","Grey-faced Buzzard"
"5497","2025/10/11","16-17",4,"DGS","Raptor","Falco subbuteo","Eurasian Hobby"
"5498","2025/10/12","6-7",1,"DGS","Raptor","Tachyspiza gularis","Japanese Sparrowhawk"
"5499","2025/10/12","6-7",1,"DGS","Raptor","Falco tinnunculus","Common Kestrel"
"5500","2025/10/12","7-8",2,"DGS","Raptor","Pernis ptilorhynchus","Crested Honey-buzzard"
"5501","2025/10/12","7-8",7,"DGS","Raptor","Tachyspiza gularis","Japanese Sparrowhawk"
"5502","2025/10/12","7-8",1,"DGS","Raptor","Butastur indicus","Grey-faced Buzzard"
"5503","2025/10/12","8-9",4,"DGS","Raptor","Pernis ptilorhynchus","Crested Honey-buzzard"
"5504","2025/10/12","8-9",2,"DGS","Raptor","Lophospiza trivirgata","Crested Goshawk"
"5505","2025/10/12","8-9",3,"DGS","Raptor","Tachyspiza soloensis","Chinese Sparrowhawk"
"5506","2025/10/12","8-9",6,"DGS","Raptor","Tachyspiza gularis","Japanese Sparrowhawk"
"5507","2025/10/12","8-9",1,"DGS","Raptor","Butastur indicus","Grey-faced Buzzard"
"5508","2025/10/12","8-9",3,"DGS","Raptor","Falco tinnunculus","Common Kestrel"
"5509","2025/10/12","8-9",1,"DGS","Raptor","Falco subbuteo","Eurasian Hobby"
"5510","2025/10/12","8-9",2,"DGS","Raptor","Eagles (unidentified)","Unidentified Eagles"
"5511","2025/10/12","8-9",1,"DGS","Raptor","Falco sp.","Unidentified Falcons"
"5512","2025/10/12","8-9",1,"DGS","Else","Eumyias thalassinus","Verditer Flycatcher"
"5513","2025/10/12","9-10",1,"DGS","Raptor","Pandion haliaetus","Osprey"
"5514","2025/10/12","9-10",2,"DGS","Raptor","Pernis ptilorhynchus","Crested Honey-buzzard"
"5515","2025/10/12","9-10",5,"DGS","Raptor","Butastur indicus","Grey-faced Buzzard"
"5516","2025/10/12","9-10",2,"DGS","Raptor","Falco subbuteo","Eurasian Hobby"
"5517","2025/10/12","9-10",3,"DGS","Raptor","Eagles (unidentified)","Unidentified Eagles"
"5518","2025/10/12","10-11",2,"DGS","Raptor","Lophospiza trivirgata","Crested Goshawk"
"5519","2025/10/12","10-11",1,"DGS","Raptor","Tachyspiza gularis","Japanese Sparrowhawk"
"5520","2025/10/12","10-11",1,"DGS","Raptor","Accipiter nisus","Eurasian Sparrowhawk"
"5521","2025/10/12","10-11",2,"DGS","Raptor","Butastur indicus","Grey-faced Buzzard"
"5522","2025/10/12","10-11",2,"DGS","Raptor","Falco tinnunculus","Common Kestrel"
"5523","2025/10/12","10-11",1,"DGS","Raptor","Falco subbuteo","Eurasian Hobby"
"5524","2025/10/12","10-11",1,"DGS","Raptor","Eagles (unidentified)","Unidentified Eagles"
"5525","2025/10/12","10-11",1,"DGS","Raptor","Dendrocitta formosae","Grey Treepie"
"5526","2025/10/12","11-12",2,"DGS","Raptor","Falco tinnunculus","Common Kestrel"
"5527","2025/10/12","11-12",1,"DGS","Raptor","Falco subbuteo","Eurasian Hobby"
"5528","2025/10/12","12-13",1,"DGS","Raptor","Falco subbuteo","Eurasian Hobby"
"5529","2025/10/12","13-14",1,"DGS","Raptor","Pandion haliaetus","Osprey"
"5530","2025/10/12","13-14",2,"DGS","Raptor","Butastur indicus","Grey-faced Buzzard"
"5531","2025/10/12","14-15",2,"DGS","Raptor","Falco tinnunculus","Common Kestrel"
"5532","2025/10/12","14-15",2,"DGS","Raptor","Falco subbuteo","Eurasian Hobby"
"5533","2025/10/12","15-16",1,"DGS","Raptor","Pernis ptilorhynchus","Crested Honey-buzzard"
"5534","2025/10/12","15-16",1,"DGS","Raptor","Tachyspiza gularis","Japanese Sparrowhawk"
"5535","2025/10/12","15-16",70,"DGS","Raptor","Butastur indicus","Grey-faced Buzzard"
"5536","2025/10/12","15-16",1,"DGS","Raptor","Falco tinnunculus","Common Kestrel"
"5537","2025/10/12","15-16",1,"DGS","Raptor","Falco subbuteo","Eurasian Hobby"
"5538","2025/10/12","16-17",6,"DGS","Raptor","Butastur indicus","Grey-faced Buzzard"
"5539","2025/10/12","16-17",3,"DGS","Raptor","Falco subbuteo","Eurasian Hobby"
"5540","2025/10/13","6-7",26,"DGS","Raptor","Butastur indicus","Grey-faced Buzzard"
"5541","2025/10/13","7-8",1,"DGS","Raptor","Accipiter nisus","Eurasian Sparrowhawk"
"5542","2025/10/13","7-8",22,"DGS","Raptor","Butastur indicus","Grey-faced Buzzard"
"5543","2025/10/13","7-8",1,"DGS","Raptor","Eagles (unidentified)","Unidentified Eagles"
"5544","2025/10/13","8-9",1,"DGS","Raptor","Lophospiza trivirgata","Crested Goshawk"
"5545","2025/10/13","8-9",1,"DGS","Raptor","Tachyspiza soloensis","Chinese Sparrowhawk"
"5546","2025/10/13","8-9",2,"DGS","Raptor","Tachyspiza gularis","Japanese Sparrowhawk"
"5547","2025/10/13","8-9",4,"DGS","Raptor","Butastur indicus","Grey-faced Buzzard"
"5548","2025/10/13","8-9",1,"DGS","Raptor","Falco tinnunculus","Common Kestrel"
"5549","2025/10/13","8-9",1,"DGS","Raptor","Falco subbuteo","Eurasian Hobby"
"5550","2025/10/13","8-9",2,"DGS","Raptor","Eagles (unidentified)","Unidentified Eagles"
"5551","2025/10/13","9-10",1,"DGS","Raptor","Lophospiza trivirgata","Crested Goshawk"
"5552","2025/10/13","9-10",2,"DGS","Raptor","Falco subbuteo","Eurasian Hobby"
"5553","2025/10/13","9-10",1,"DGS","Raptor","Spilornis cheela","Crested Serpent Eagle"
"5554","2025/10/13","9-10",1,"DGS","Raptor","Eagles (unidentified)","Unidentified Eagles"
"5555","2025/10/13","10-11",3,"DGS","Raptor","Tachyspiza gularis","Japanese Sparrowhawk"
"5556","2025/10/13","10-11",1,"DGS","Raptor","Falco tinnunculus","Common Kestrel"
"5557","2025/10/13","10-11",2,"DGS","Raptor","Falco subbuteo","Eurasian Hobby"
"5558","2025/10/13","10-11",1,"DGS","Raptor","Eagles (unidentified)","Unidentified Eagles"
"5559","2025/10/13","11-12",1,"DGS","Raptor","Pernis ptilorhynchus","Crested Honey-buzzard"
"5560","2025/10/13","11-12",2,"DGS","Raptor","Butastur indicus","Grey-faced Buzzard"
"5561","2025/10/13","11-12",1,"DGS","Raptor","Falco amurensis","Amur Falcon"
"5562","2025/10/13","11-12",2,"DGS","Raptor","Falco subbuteo","Eurasian Hobby"
"5563","2025/10/13","12-13",1,"DGS","Raptor","Pandion haliaetus","Osprey"
"5564","2025/10/13","12-13",1,"DGS","Raptor","Tachyspiza gularis","Japanese Sparrowhawk"
"5565","2025/10/13","12-13",1,"DGS","Raptor","Butastur indicus","Grey-faced Buzzard"
"5566","2025/10/13","12-13",1,"DGS","Raptor","Falco tinnunculus","Common Kestrel"
"5567","2025/10/13","12-13",1,"DGS","Raptor","Falco amurensis","Amur Falcon"
"5568","2025/10/13","12-13",5,"DGS","Raptor","Falco subbuteo","Eurasian Hobby"
"5569","2025/10/13","12-13",1,"DGS","Raptor","Eagles (unidentified)","Unidentified Eagles"
"5570","2025/10/13","13-14",1,"DGS","Raptor","Butastur indicus","Grey-faced Buzzard"
"5571","2025/10/13","13-14",1,"DGS","Raptor","Falco peregrinus","Peregrine Falcon"
"5572","2025/10/13","13-14",1,"DGS","Raptor","Falco sp.","Unidentified Falcons"
"5573","2025/10/13","13-14",2,"DGS","Raptor","Raptors (unidentified)","Unidentified Raptors"
"5574","2025/10/13","14-15",9,"DGS","Raptor","Pernis ptilorhynchus","Crested Honey-buzzard"
"5575","2025/10/13","14-15",75,"DGS","Raptor","Butastur indicus","Grey-faced Buzzard"
"5576","2025/10/13","14-15",1,"DGS","Raptor","Falco amurensis","Amur Falcon"
"5577","2025/10/13","14-15",4,"DGS","Raptor","Falco subbuteo","Eurasian Hobby"
"5578","2025/10/13","14-15",2,"DGS","Else","Delichon dasypus/lagopodum","Asian/Siberian House Martin"
"5579","2025/10/13","15-16",4,"DGS","Raptor","Pernis ptilorhynchus","Crested Honey-buzzard"
"5580","2025/10/13","15-16",1,"DGS","Raptor","Milvus migrans","Black Kite"
"5581","2025/10/13","15-16",128,"DGS","Raptor","Butastur indicus","Grey-faced Buzzard"
"5582","2025/10/13","15-16",24,"DGS","Raptor","Falco subbuteo","Eurasian Hobby"
"5583","2025/10/13","15-16",2,"DGS","Else","Anser fabalis","Taiga Bean Goose"
"5584","2025/10/13","16-17",63,"DGS","Raptor","Butastur indicus","Grey-faced Buzzard"
"5585","2025/10/13","16-17",6,"DGS","Raptor","Falco amurensis","Amur Falcon"
"5586","2025/10/13","16-17",10,"DGS","Raptor","Falco subbuteo","Eurasian Hobby"
"5587","2025/10/13","16-17",1,"DGS","Raptor","Raptors (unidentified)","Unidentified Raptors"
"5588","2025/10/13","After 17",1,"DGS","Raptor","Falco subbuteo","Eurasian Hobby"
"5589","2025/10/14","Before 6",5,"DGS","Raptor","Butastur indicus","Grey-faced Buzzard"
"5590","2025/10/14","6-7",2,"DGS","Raptor","Pernis ptilorhynchus","Crested Honey-buzzard"
"5591","2025/10/14","6-7",37,"DGS","Raptor","Butastur indicus","Grey-faced Buzzard"
"5592","2025/10/14","6-7",1,"DGS","Raptor","Falco amurensis","Amur Falcon"
"5593","2025/10/14","6-7",1,"DGS","Swift","Hirundapus caudacutus","White-throated Needletail"
"5594","2025/10/14","6-7",1,"DGS","Else","Zosterops erythropleurus","Chestnut-flanked White-eye"
"5595","2025/10/14","6-7",1,"DGS","Else","Eophona personata","Japanese Grosbeak"
"5596","2025/10/14","6-7",12,"DGS","Else","Anthus cervinus","Red-throated Pipit"
"5597","2025/10/14","7-8",2,"DGS","Raptor","Pernis ptilorhynchus","Crested Honey-buzzard"
"5598","2025/10/14","7-8",1,"DGS","Raptor","Tachyspiza gularis","Japanese Sparrowhawk"
"5599","2025/10/14","7-8",15,"DGS","Raptor","Butastur indicus","Grey-faced Buzzard"
"5600","2025/10/14","7-8",2,"DGS","Else","Turdus obscurus","Eyebrowed Thrush"
"5601","2025/10/14","7-8",3,"DGS","Else","Fringilla montifringilla","Brambling"
"5602","2025/10/14","7-8",1,"DGS","Else","Corvus frugilegus","Rook"
"5603","2025/10/14","8-9",1,"DGS","Raptor","Pernis ptilorhynchus","Crested Honey-buzzard"
"5604","2025/10/14","8-9",1,"DGS","Raptor","Butastur indicus","Grey-faced Buzzard"
"5605","2025/10/14","8-9",1,"DGS","Raptor","Falco sp.","Unidentified Falcons"
"5606","2025/10/14","8-9",1,"DGS","Else","Zosterops erythropleurus","Chestnut-flanked White-eye"
"5607","2025/10/14","8-9",8,"DGS","Else","Anser albifrons","Greater White-fronted Goose"
"5608","2025/10/14","8-9",3,"DGS","Else","Emberiza pusilla","Little Bunting"
"5609","2025/10/14","9-10",31,"DGS","Raptor","Butastur indicus","Grey-faced Buzzard"
"5610","2025/10/14","9-10",1,"DGS","Raptor","Eagles (unidentified)","Unidentified Eagles"
"5611","2025/10/14","9-10",1,"DGS","Raptor","Falco sp.","Unidentified Falcons"
"5612","2025/10/14","10-11",1,"DGS","Raptor","Tachyspiza gularis","Japanese Sparrowhawk"
"5613","2025/10/14","10-11",24,"DGS","Raptor","Butastur indicus","Grey-faced Buzzard"
"5614","2025/10/14","10-11",1,"DGS","Raptor","Falco subbuteo","Eurasian Hobby"
"5615","2025/10/14","10-11",1,"DGS","Raptor","Raptors (unidentified)","Unidentified Raptors"
"5616","2025/10/14","11-12",1,"DGS","Raptor","Tachyspiza soloensis","Chinese Sparrowhawk"
"5617","2025/10/14","11-12",1,"DGS","Raptor","Tachyspiza gularis","Japanese Sparrowhawk"
"5618","2025/10/14","11-12",3,"DGS","Raptor","Butastur indicus","Grey-faced Buzzard"
"5619","2025/10/14","11-12",2,"DGS","Raptor","Falco subbuteo","Eurasian Hobby"
"5620","2025/10/14","11-12",1,"DGS","Raptor","Raptors (unidentified)","Unidentified Raptors"
"5621","2025/10/14","12-13",1,"DGS","Raptor","Tachyspiza gularis","Japanese Sparrowhawk"
"5622","2025/10/14","12-13",1,"DGS","Raptor","Milvus migrans","Black Kite"
"5623","2025/10/14","12-13",14,"DGS","Raptor","Butastur indicus","Grey-faced Buzzard"
"5624","2025/10/14","12-13",2,"DGS","Raptor","Falco subbuteo","Eurasian Hobby"
"5625","2025/10/14","12-13",2,"DGS","Raptor","Falco peregrinus","Peregrine Falcon"
"5626","2025/10/14","12-13",2,"DGS","Raptor","Eagles (unidentified)","Unidentified Eagles"
"5627","2025/10/14","12-13",2,"DGS","Raptor","Falco sp.","Unidentified Falcons"
"5628","2025/10/14","12-13",1,"DGS","Else","Corvus macrorhynchos","Large-billed Crow"
"5629","2025/10/14","13-14",1,"DGS","Raptor","Pandion haliaetus","Osprey"
"5630","2025/10/14","13-14",1,"DGS","Raptor","Pernis ptilorhynchus","Crested Honey-buzzard"
"5631","2025/10/14","13-14",3,"DGS","Raptor","Tachyspiza gularis","Japanese Sparrowhawk"
"5632","2025/10/14","13-14",1,"DGS","Raptor","Milvus migrans","Black Kite"
"5633","2025/10/14","13-14",26,"DGS","Raptor","Butastur indicus","Grey-faced Buzzard"
"5634","2025/10/14","13-14",1,"DGS","Raptor","Falco tinnunculus","Common Kestrel"
"5635","2025/10/14","13-14",1,"DGS","Raptor","Falco amurensis","Amur Falcon"
"5636","2025/10/14","13-14",2,"DGS","Raptor","Falco subbuteo","Eurasian Hobby"
"5637","2025/10/14","13-14",1,"DGS","Raptor","Falco sp.","Unidentified Falcons"
"5638","2025/10/14","13-14",1,"DGS","Else","Delichon dasypus/lagopodum","Asian/Siberian House Martin"
"5639","2025/10/14","13-14",1,"DGS","Else","Eophona personata","Japanese Grosbeak"
"5640","2025/10/14","13-14",1,"DGS","Else","Ficedula mugimaki","Mugimaki Flycatcher"
"5641","2025/10/14","14-15",1,"DGS","Raptor","Pandion haliaetus","Osprey"
"5642","2025/10/14","14-15",1,"DGS","Raptor","Pernis ptilorhynchus","Crested Honey-buzzard"
"5643","2025/10/14","14-15",1,"DGS","Raptor","Tachyspiza gularis","Japanese Sparrowhawk"
"5644","2025/10/14","14-15",8,"DGS","Raptor","Falco subbuteo","Eurasian Hobby"
"5645","2025/10/14","15-16",1,"DGS","Raptor","Milvus migrans","Black Kite"
"5646","2025/10/14","15-16",7,"DGS","Raptor","Falco subbuteo","Eurasian Hobby"
"5647","2025/10/14","15-16",4,"DGS","Raptor","Raptors (unidentified)","Unidentified Raptors"
"5648","2025/10/14","16-17",4,"DGS","Raptor","Butastur indicus","Grey-faced Buzzard"
"5649","2025/10/14","16-17",4,"DGS","Raptor","Falco subbuteo","Eurasian Hobby"
"5650","2025/10/15","6-7",1,"DGS","Else","Eophona personata","Japanese Grosbeak"
"5651","2025/10/15","7-8",1,"DGS","Raptor","Falco peregrinus","Peregrine Falcon"
"5652","2025/10/15","7-8",7,"DGS","Else","Eophona personata","Japanese Grosbeak"
"5653","2025/10/15","8-9",1,"DGS","Raptor","Lophospiza trivirgata","Crested Goshawk"
"5654","2025/10/15","8-9",2,"DGS","Raptor","Tachyspiza gularis","Japanese Sparrowhawk"
"5655","2025/10/15","8-9",7,"DGS","Raptor","Butastur indicus","Grey-faced Buzzard"
"5656","2025/10/15","9-10",1,"DGS","Raptor","Pernis ptilorhynchus","Crested Honey-buzzard"
"5657","2025/10/15","9-10",1,"DGS","Raptor","Circus spilonotus","Eastern Marsh Harrier"
"5658","2025/10/15","9-10",8,"DGS","Raptor","Butastur indicus","Grey-faced Buzzard"
"5659","2025/10/15","9-10",1,"DGS","Raptor","Falco subbuteo","Eurasian Hobby"
"5660","2025/10/15","9-10",1,"DGS","Raptor","Falco peregrinus","Peregrine Falcon"
"5661","2025/10/15","10-11",1,"DGS","Raptor","Pandion haliaetus","Osprey"
"5662","2025/10/15","10-11",1,"DGS","Raptor","Butastur indicus","Grey-faced Buzzard"
"5663","2025/10/15","10-11",1,"DGS","Raptor","Falco tinnunculus","Common Kestrel"
"5664","2025/10/15","10-11",2,"DGS","Raptor","Spilornis cheela","Crested Serpent Eagle"
"5665","2025/10/15","11-12",1,"DGS","Raptor","Pandion haliaetus","Osprey"
"5666","2025/10/15","11-12",1,"DGS","Raptor","Pernis ptilorhynchus","Crested Honey-buzzard"
"5667","2025/10/15","11-12",1,"DGS","Raptor","Falco subbuteo","Eurasian Hobby"
"5668","2025/10/15","11-12",1,"DGS","Raptor","Eagles (unidentified)","Unidentified Eagles"
"5669","2025/10/15","11-12",1,"DGS","Raptor","Falco sp.","Unidentified Falcons"
"5670","2025/10/15","11-12",2,"DGS","Raptor","Raptors (unidentified)","Unidentified Raptors"
"5671","2025/10/15","11-12",1,"DGS","Swift","Hirundapus caudacutus","White-throated Needletail"
"5672","2025/10/15","12-13",1,"DGS","Raptor","Pernis ptilorhynchus","Crested Honey-buzzard"
"5673","2025/10/15","12-13",1,"DGS","Raptor","Tachyspiza gularis","Japanese Sparrowhawk"
"5674","2025/10/15","12-13",2,"DGS","Raptor","Butastur indicus","Grey-faced Buzzard"
"5675","2025/10/15","12-13",1,"DGS","Raptor","Falco tinnunculus","Common Kestrel"
"5676","2025/10/15","12-13",1,"DGS","Raptor","Falco subbuteo","Eurasian Hobby"
"5677","2025/10/15","13-14",1,"DGS","Raptor","Falco subbuteo","Eurasian Hobby"
"5678","2025/10/15","13-14",1,"DGS","Swift","Hirundapus caudacutus","White-throated Needletail"
"5679","2025/10/15","14-15",1,"DGS","Raptor","Pandion haliaetus","Osprey"
"5680","2025/10/15","15-16",1,"DGS","Raptor","Tachyspiza gularis","Japanese Sparrowhawk"
"5681","2025/10/15","15-16",1,"DGS","Raptor","Butastur indicus","Grey-faced Buzzard"
"5682","2025/10/15","16-17",2,"DGS","Raptor","Pandion haliaetus","Osprey"
"5683","2025/10/15","16-17",2,"DGS","Raptor","Butastur indicus","Grey-faced Buzzard"
"5684","2025/10/15","16-17",1,"DGS","Raptor","Falco amurensis","Amur Falcon"
"5685","2025/10/15","16-17",3,"DGS","Raptor","Falco subbuteo","Eurasian Hobby"
"5686","2025/10/16","6-7",1,"DGS","Raptor","Tachyspiza gularis","Japanese Sparrowhawk"
"5687","2025/10/16","6-7",1,"DGS","Raptor","Eagles (unidentified)","Unidentified Eagles"
"5688","2025/10/16","7-8",1,"DGS","Raptor","Butastur indicus","Grey-faced Buzzard"
"5689","2025/10/16","7-8",2,"DGS","Raptor","Falco tinnunculus","Common Kestrel"
"5690","2025/10/16","8-9",1,"DGS","Raptor","Tachyspiza gularis","Japanese Sparrowhawk"
"5691","2025/10/16","8-9",1,"DGS","Raptor","Butastur indicus","Grey-faced Buzzard"
"5692","2025/10/16","8-9",1,"DGS","Raptor","Falco tinnunculus","Common Kestrel"
"5693","2025/10/16","8-9",1,"DGS","Raptor","Falco subbuteo","Eurasian Hobby"
"5694","2025/10/16","8-9",1,"DGS","Raptor","Falco peregrinus","Peregrine Falcon"
"5695","2025/10/16","8-9",1,"DGS","Raptor","Raptors (unidentified)","Unidentified Raptors"
"5696","2025/10/16","8-9",2,"DGS","Swift","Aerodramus sp.","Swiftlets"
"5697","2025/10/16","9-10",1,"DGS","Raptor","Tachyspiza soloensis","Chinese Sparrowhawk"
"5698","2025/10/16","9-10",1,"DGS","Raptor","Tachyspiza gularis","Japanese Sparrowhawk"
"5699","2025/10/16","9-10",2,"DGS","Raptor","Butastur indicus","Grey-faced Buzzard"
"5700","2025/10/16","9-10",1,"DGS","Raptor","Falco peregrinus","Peregrine Falcon"
"5701","2025/10/16","9-10",2,"DGS","Raptor","Raptors (unidentified)","Unidentified Raptors"
"5702","2025/10/16","10-11",3,"DGS","Raptor","Lophospiza trivirgata","Crested Goshawk"
"5703","2025/10/16","10-11",1,"DGS","Raptor","Tachyspiza gularis","Japanese Sparrowhawk"
"5704","2025/10/16","10-11",2,"DGS","Raptor","Butastur indicus","Grey-faced Buzzard"
"5705","2025/10/16","10-11",1,"DGS","Raptor","Falco tinnunculus","Common Kestrel"
"5706","2025/10/16","10-11",1,"DGS","Raptor","Falco subbuteo","Eurasian Hobby"
"5707","2025/10/16","10-11",1,"DGS","Raptor","Raptors (unidentified)","Unidentified Raptors"
"5708","2025/10/16","11-12",2,"DGS","Raptor","Milvus migrans","Black Kite"
"5709","2025/10/16","11-12",1,"DGS","Raptor","Falco sp.","Unidentified Falcons"
"5710","2025/10/16","12-13",1,"DGS","Raptor","Milvus migrans","Black Kite"
"5711","2025/10/16","12-13",30,"DGS","Raptor","Butastur indicus","Grey-faced Buzzard"
"5712","2025/10/16","12-13",1,"DGS","Raptor","Falco peregrinus","Peregrine Falcon"
"5713","2025/10/16","13-14",1,"DGS","Raptor","Pandion haliaetus","Osprey"
"5714","2025/10/16","13-14",1,"DGS","Raptor","Circus spilonotus","Eastern Marsh Harrier"
"5715","2025/10/16","13-14",393,"DGS","Raptor","Butastur indicus","Grey-faced Buzzard"
"5716","2025/10/16","13-14",3,"DGS","Swift","Aerodramus sp.","Swiftlets"
"5717","2025/10/16","14-15",2,"DGS","Raptor","Pandion haliaetus","Osprey"
"5718","2025/10/16","14-15",150,"DGS","Raptor","Butastur indicus","Grey-faced Buzzard"
"5719","2025/10/16","14-15",1,"DGS","Raptor","Falco tinnunculus","Common Kestrel"
"5720","2025/10/16","14-15",6,"DGS","Raptor","Falco subbuteo","Eurasian Hobby"
"5721","2025/10/16","14-15",2,"DGS","Raptor","Falco peregrinus","Peregrine Falcon"
"5722","2025/10/16","14-15",1,"DGS","Raptor","Falco sp.","Unidentified Falcons"
"5723","2025/10/16","14-15",3,"DGS","Swift","Aerodramus sp.","Swiftlets"
"5724","2025/10/16","15-16",1,"DGS","Raptor","Falco tinnunculus","Common Kestrel"
"5725","2025/10/16","15-16",4,"DGS","Raptor","Falco subbuteo","Eurasian Hobby"
"5726","2025/10/16","15-16",1,"DGS","Raptor","Falco sp.","Unidentified Falcons"
"5727","2025/10/16","16-17",5,"DGS","Raptor","Falco subbuteo","Eurasian Hobby"
"5728","2025/10/17","Before 6",8,"DGS","Raptor","Butastur indicus","Grey-faced Buzzard"
"5729","2025/10/17","6-7",2,"DGS","Raptor","Butastur indicus","Grey-faced Buzzard"
"5730","2025/10/17","6-7",1,"DGS","Raptor","Falco sp.","Unidentified Falcons"
"5731","2025/10/17","7-8",1,"DGS","Raptor","Pandion haliaetus","Osprey"
"5732","2025/10/17","7-8",1,"DGS","Raptor","Tachyspiza gularis","Japanese Sparrowhawk"
"5733","2025/10/17","7-8",1,"DGS","Raptor","Accipiter nisus","Eurasian Sparrowhawk"
"5734","2025/10/17","7-8",9,"DGS","Raptor","Butastur indicus","Grey-faced Buzzard"
"5735","2025/10/17","7-8",1,"DGS","Raptor","Falco sp.","Unidentified Falcons"
"5736","2025/10/17","8-9",2,"DGS","Raptor","Pandion haliaetus","Osprey"
"5737","2025/10/17","8-9",1,"DGS","Raptor","Tachyspiza gularis","Japanese Sparrowhawk"
"5738","2025/10/17","8-9",17,"DGS","Raptor","Butastur indicus","Grey-faced Buzzard"
"5739","2025/10/17","8-9",2,"DGS","Raptor","Eagles (unidentified)","Unidentified Eagles"
"5740","2025/10/17","8-9",1,"DGS","Raptor","Raptors (unidentified)","Unidentified Raptors"
"5741","2025/10/17","9-10",3,"DGS","Raptor","Lophospiza trivirgata","Crested Goshawk"
"5742","2025/10/17","9-10",11,"DGS","Raptor","Butastur indicus","Grey-faced Buzzard"
"5743","2025/10/17","9-10",1,"DGS","Raptor","Raptors (unidentified)","Unidentified Raptors"
"5744","2025/10/17","9-10",4,"DGS","Else","Eophona personata","Japanese Grosbeak"
"5745","2025/10/17","10-11",1,"DGS","Raptor","Pandion haliaetus","Osprey"
"5746","2025/10/17","10-11",2,"DGS","Raptor","Milvus migrans","Black Kite"
"5747","2025/10/17","10-11",1,"DGS","Raptor","Spilornis cheela","Crested Serpent Eagle"
"5748","2025/10/17","10-11",1,"DGS","Else","Anser albifrons","Greater White-fronted Goose"
"5749","2025/10/17","10-11",3,"DGS","Else","Anser fabalis","Taiga Bean Goose"
"5750","2025/10/17","11-12",1,"DGS","Raptor","Falco sp.","Unidentified Falcons"
"5751","2025/10/17","11-12",8,"DGS","Else","Phalacrocorax carbo","Great Cormorant"
"5752","2025/10/17","11-12",1,"DGS","Else","Zosterops erythropleurus","Chestnut-flanked White-eye"
"5753","2025/10/17","12-13",4,"DGS","Raptor","Butastur indicus","Grey-faced Buzzard"
"5754","2025/10/17","12-13",1,"DGS","Raptor","Falco subbuteo","Eurasian Hobby"
"5755","2025/10/17","13-14",1,"DGS","Raptor","Tachyspiza soloensis","Chinese Sparrowhawk"
"5756","2025/10/17","13-14",2,"DGS","Raptor","Falco amurensis","Amur Falcon"
"5757","2025/10/17","13-14",2,"DGS","Raptor","Falco sp.","Unidentified Falcons"
"5758","2025/10/17","14-15",2,"DGS","Raptor","Pandion haliaetus","Osprey"
"5759","2025/10/17","14-15",1,"DGS","Raptor","Falco subbuteo","Eurasian Hobby"
"5760","2025/10/17","14-15",7,"DGS","Raptor","Falco sp.","Unidentified Falcons"
"5761","2025/10/17","16-17",5,"DGS","Raptor","Butastur indicus","Grey-faced Buzzard"
"5762","2025/10/17","16-17",1,"DGS","Raptor","Falco subbuteo","Eurasian Hobby"
"5763","2025/10/18","6-7",1,"DGS","Raptor","Butastur indicus","Grey-faced Buzzard"
"5764","2025/10/18","6-7",1,"DGS","Raptor","Falco tinnunculus","Common Kestrel"
"5765","2025/10/18","6-7",1,"DGS","Raptor","Falco subbuteo","Eurasian Hobby"
"5766","2025/10/18","6-7",1,"DGS","Else","Delichon dasypus/lagopodum","Asian/Siberian House Martin"
"5767","2025/10/18","7-8",5,"DGS","Raptor","Tachyspiza gularis","Japanese Sparrowhawk"
"5768","2025/10/18","7-8",1,"DGS","Raptor","Falco subbuteo","Eurasian Hobby"
"5769","2025/10/18","7-8",1,"DGS","Raptor","Falco peregrinus","Peregrine Falcon"
"5770","2025/10/18","7-8",1,"DGS","Else","Delichon dasypus/lagopodum","Asian/Siberian House Martin"
"5771","2025/10/18","8-9",5,"DGS","Raptor","Tachyspiza gularis","Japanese Sparrowhawk"
"5772","2025/10/18","8-9",1,"DGS","Raptor","Falco tinnunculus","Common Kestrel"
"5773","2025/10/18","8-9",1,"DGS","Raptor","Falco subbuteo","Eurasian Hobby"
"5774","2025/10/18","8-9",1,"DGS","Swift","Aerodramus sp.","Swiftlets"
"5775","2025/10/18","9-10",5,"DGS","Raptor","Tachyspiza gularis","Japanese Sparrowhawk"
"5776","2025/10/18","9-10",54,"DGS","Raptor","Butastur indicus","Grey-faced Buzzard"
"5777","2025/10/18","9-10",4,"DGS","Raptor","Eagles (unidentified)","Unidentified Eagles"
"5778","2025/10/18","9-10",1,"DGS","Else","Delichon dasypus/lagopodum","Asian/Siberian House Martin"
"5779","2025/10/18","10-11",4,"DGS","Raptor","Tachyspiza gularis","Japanese Sparrowhawk"
"5780","2025/10/18","10-11",107,"DGS","Raptor","Butastur indicus","Grey-faced Buzzard"
"5781","2025/10/18","10-11",1,"DGS","Raptor","Falco tinnunculus","Common Kestrel"
"5782","2025/10/18","10-11",1,"DGS","Raptor","Falco sp.","Unidentified Falcons"
"5783","2025/10/18","11-12",1,"DGS","Raptor","Pandion haliaetus","Osprey"
"5784","2025/10/18","11-12",10,"DGS","Raptor","Pernis ptilorhynchus","Crested Honey-buzzard"
"5785","2025/10/18","11-12",1,"DGS","Raptor","Tachyspiza gularis","Japanese Sparrowhawk"
"5786","2025/10/18","11-12",1,"DGS","Raptor","Milvus migrans","Black Kite"
"5787","2025/10/18","11-12",109,"DGS","Raptor","Butastur indicus","Grey-faced Buzzard"
"5788","2025/10/18","11-12",2,"DGS","Raptor","Falco subbuteo","Eurasian Hobby"
"5789","2025/10/18","11-12",1,"DGS","Raptor","Eagles (unidentified)","Unidentified Eagles"
"5790","2025/10/18","12-13",4,"DGS","Raptor","Pernis ptilorhynchus","Crested Honey-buzzard"
"5791","2025/10/18","12-13",2,"DGS","Raptor","Accipiter nisus","Eurasian Sparrowhawk"
"5792","2025/10/18","13-14",1,"DGS","Raptor","Pandion haliaetus","Osprey"
"5793","2025/10/18","13-14",80,"DGS","Raptor","Butastur indicus","Grey-faced Buzzard"
"5794","2025/10/18","13-14",2,"DGS","Raptor","Falco subbuteo","Eurasian Hobby"
"5795","2025/10/18","14-15",1,"DGS","Raptor","Pernis ptilorhynchus","Crested Honey-buzzard"
"5796","2025/10/18","14-15",20,"DGS","Raptor","Butastur indicus","Grey-faced Buzzard"
"5797","2025/10/18","14-15",5,"DGS","Raptor","Falco subbuteo","Eurasian Hobby"
"5798","2025/10/18","15-16",3,"DGS","Raptor","Pernis ptilorhynchus","Crested Honey-buzzard"
"5799","2025/10/18","15-16",36,"DGS","Raptor","Butastur indicus","Grey-faced Buzzard"
"5800","2025/10/18","15-16",1,"DGS","Raptor","Falco subbuteo","Eurasian Hobby"
"5801","2025/10/18","16-17",394,"DGS","Raptor","Butastur indicus","Grey-faced Buzzard"
"5802","2025/10/18","16-17",4,"DGS","Raptor","Falco subbuteo","Eurasian Hobby"
"5803","2025/10/19","Before 6",6,"DGS","Raptor","Pernis ptilorhynchus","Crested Honey-buzzard"
"5804","2025/10/19","Before 6",60,"DGS","Raptor","Butastur indicus","Grey-faced Buzzard"
"5805","2025/10/19","6-7",4,"DGS","Raptor","Pernis ptilorhynchus","Crested Honey-buzzard"
"5806","2025/10/19","6-7",3,"DGS","Raptor","Tachyspiza gularis","Japanese Sparrowhawk"
"5807","2025/10/19","6-7",1,"DGS","Raptor","Circus spilonotus","Eastern Marsh Harrier"
"5808","2025/10/19","6-7",1,"DGS","Raptor","Circus cyaneus","Hen Harrier"
"5809","2025/10/19","6-7",25,"DGS","Raptor","Butastur indicus","Grey-faced Buzzard"
"5810","2025/10/19","6-7",1,"DGS","Raptor","Eagles (unidentified)","Unidentified Eagles"
"5811","2025/10/19","6-7",1,"DGS","Raptor","Falco sp.","Unidentified Falcons"
"5812","2025/10/19","7-8",2,"DGS","Raptor","Pernis ptilorhynchus","Crested Honey-buzzard"
"5813","2025/10/19","7-8",13,"DGS","Raptor","Tachyspiza gularis","Japanese Sparrowhawk"
"5814","2025/10/19","7-8",7,"DGS","Raptor","Butastur indicus","Grey-faced Buzzard"
"5815","2025/10/19","7-8",1,"DGS","Swift","Hirundapus caudacutus","White-throated Needletail"
"5816","2025/10/19","7-8",1,"DGS","Swift","Apus pacificus","Pacific Swift"
"5817","2025/10/19","8-9",2,"DGS","Raptor","Pernis ptilorhynchus","Crested Honey-buzzard"
"5818","2025/10/19","8-9",1,"DGS","Raptor","Lophospiza trivirgata","Crested Goshawk"
"5819","2025/10/19","8-9",6,"DGS","Raptor","Tachyspiza gularis","Japanese Sparrowhawk"
"5820","2025/10/19","8-9",1,"DGS","Raptor","Astur gentilis","Eurasian Goshawk"
"5821","2025/10/19","8-9",2,"DGS","Raptor","Butastur indicus","Grey-faced Buzzard"
"5822","2025/10/19","8-9",1,"DGS","Raptor","Falco subbuteo","Eurasian Hobby"
"5823","2025/10/19","8-9",1,"DGS","Raptor","Raptors (unidentified)","Unidentified Raptors"
"5824","2025/10/19","9-10",1,"DGS","Raptor","Pandion haliaetus","Osprey"
"5825","2025/10/19","9-10",3,"DGS","Raptor","Pernis ptilorhynchus","Crested Honey-buzzard"
"5826","2025/10/19","9-10",1,"DGS","Raptor","Lophospiza trivirgata","Crested Goshawk"
"5827","2025/10/19","9-10",1,"DGS","Raptor","Tachyspiza soloensis","Chinese Sparrowhawk"
"5828","2025/10/19","9-10",1,"DGS","Raptor","Tachyspiza gularis","Japanese Sparrowhawk"
"5829","2025/10/19","9-10",19,"DGS","Raptor","Butastur indicus","Grey-faced Buzzard"
"5830","2025/10/19","9-10",1,"DGS","Raptor","Falco subbuteo","Eurasian Hobby"
"5831","2025/10/19","9-10",3,"DGS","Raptor","Eagles (unidentified)","Unidentified Eagles"
"5832","2025/10/19","9-10",2,"DGS","Raptor","Falco sp.","Unidentified Falcons"
"5833","2025/10/19","10-11",1,"DGS","Raptor","Pernis ptilorhynchus","Crested Honey-buzzard"
"5834","2025/10/19","10-11",1,"DGS","Raptor","Lophospiza trivirgata","Crested Goshawk"
"5835","2025/10/19","10-11",4,"DGS","Raptor","Tachyspiza gularis","Japanese Sparrowhawk"
"5836","2025/10/19","10-11",5,"DGS","Raptor","Butastur indicus","Grey-faced Buzzard"
"5837","2025/10/19","10-11",1,"DGS","Raptor","Falco subbuteo","Eurasian Hobby"
"5838","2025/10/19","11-12",2,"DGS","Raptor","Tachyspiza gularis","Japanese Sparrowhawk"
"5839","2025/10/19","11-12",4,"DGS","Raptor","Falco subbuteo","Eurasian Hobby"
"5840","2025/10/19","11-12",1,"DGS","Raptor","Other Raptors","Other Raptors"
"5841","2025/10/19","11-12",2,"DGS","Raptor","Eagles (unidentified)","Unidentified Eagles"
"5842","2025/10/19","12-13",1,"DGS","Raptor","Buteo japonicus","Eastern Buzzard"
"5843","2025/10/19","12-13",1,"DGS","Raptor","Eagles (unidentified)","Unidentified Eagles"
"5844","2025/10/19","12-13",1,"DGS","Raptor","Raptors (unidentified)","Unidentified Raptors"
"5845","2025/10/19","13-14",1,"DGS","Raptor","Accipiter nisus","Eurasian Sparrowhawk"
"5846","2025/10/19","13-14",1,"DGS","Raptor","Buteo japonicus","Eastern Buzzard"
"5847","2025/10/19","13-14",4,"DGS","Raptor","Falco subbuteo","Eurasian Hobby"
"5848","2025/10/19","14-15",5,"DGS","Raptor","Accipiter nisus","Eurasian Sparrowhawk"
"5849","2025/10/19","14-15",2,"DGS","Raptor","Buteo japonicus","Eastern Buzzard"
"5850","2025/10/19","14-15",4,"DGS","Raptor","Falco tinnunculus","Common Kestrel"
"5851","2025/10/19","14-15",3,"DGS","Raptor","Falco subbuteo","Eurasian Hobby"
"5852","2025/10/19","15-16",1,"DGS","Raptor","Accipiter nisus","Eurasian Sparrowhawk"
"5853","2025/10/19","15-16",2,"DGS","Raptor","Falco subbuteo","Eurasian Hobby"
"5854","2025/10/19","15-16",1,"DGS","Else","Platalea leucorodia","Eurasian Spoonbill"
"5855","2025/10/19","16-17",17,"DGS","Raptor","Pernis ptilorhynchus","Crested Honey-buzzard"
"5856","2025/10/19","16-17",2,"DGS","Raptor","Accipiter nisus","Eurasian Sparrowhawk"
"5857","2025/10/19","16-17",3,"DGS","Raptor","Butastur indicus","Grey-faced Buzzard"
"5858","2025/10/19","16-17",7,"DGS","Raptor","Buteo japonicus","Eastern Buzzard"
"5859","2025/10/20","Before 6",6,"DGS","Raptor","Butastur indicus","Grey-faced Buzzard"
"5860","2025/10/20","6-7",7,"DGS","Raptor","Pernis ptilorhynchus","Crested Honey-buzzard"
"5861","2025/10/20","6-7",1,"DGS","Raptor","Tachyspiza gularis","Japanese Sparrowhawk"
"5862","2025/10/20","6-7",1,"DGS","Raptor","Accipiter nisus","Eurasian Sparrowhawk"
"5863","2025/10/20","6-7",1,"DGS","Raptor","Astur gentilis","Eurasian Goshawk"
"5864","2025/10/20","6-7",2,"DGS","Raptor","Butastur indicus","Grey-faced Buzzard"
"5865","2025/10/20","6-7",4,"DGS","Raptor","Buteo japonicus","Eastern Buzzard"
"5866","2025/10/20","7-8",1,"DGS","Raptor","Pandion haliaetus","Osprey"
"5867","2025/10/20","7-8",3,"DGS","Raptor","Pernis ptilorhynchus","Crested Honey-buzzard"
"5868","2025/10/20","7-8",1,"DGS","Raptor","Lophospiza trivirgata","Crested Goshawk"
"5869","2025/10/20","7-8",1,"DGS","Raptor","Tachyspiza soloensis","Chinese Sparrowhawk"
"5870","2025/10/20","7-8",2,"DGS","Raptor","Tachyspiza gularis","Japanese Sparrowhawk"
"5871","2025/10/20","7-8",1,"DGS","Raptor","Accipiter nisus","Eurasian Sparrowhawk"
"5872","2025/10/20","7-8",1,"DGS","Raptor","Butastur indicus","Grey-faced Buzzard"
"5873","2025/10/20","8-9",6,"DGS","Raptor","Pernis ptilorhynchus","Crested Honey-buzzard"
"5874","2025/10/20","8-9",1,"DGS","Raptor","Lophospiza trivirgata","Crested Goshawk"
"5875","2025/10/20","8-9",2,"DGS","Raptor","Accipiter nisus","Eurasian Sparrowhawk"
"5876","2025/10/20","8-9",1,"DGS","Raptor","Butastur indicus","Grey-faced Buzzard"
"5877","2025/10/20","8-9",1,"DGS","Raptor","Falco subbuteo","Eurasian Hobby"
"5878","2025/10/20","8-9",2,"DGS","Raptor","Eagles (unidentified)","Unidentified Eagles"
"5879","2025/10/20","8-9",1,"DGS","Else","Pericrocotus divaricatus","Ashy Minivet"
"5880","2025/10/20","9-10",2,"DGS","Raptor","Tachyspiza gularis","Japanese Sparrowhawk"
"5881","2025/10/20","9-10",1,"DGS","Raptor","Accipiter nisus","Eurasian Sparrowhawk"
"5882","2025/10/20","9-10",3,"DGS","Raptor","Buteo japonicus","Eastern Buzzard"
"5883","2025/10/20","9-10",1,"DGS","Raptor","Falco subbuteo","Eurasian Hobby"
"5884","2025/10/20","10-11",7,"DGS","Raptor","Tachyspiza gularis","Japanese Sparrowhawk"
"5885","2025/10/20","10-11",1,"DGS","Raptor","Astur gentilis","Eurasian Goshawk"
"5886","2025/10/20","10-11",1,"DGS","Raptor","Butastur indicus","Grey-faced Buzzard"
"5887","2025/10/20","10-11",3,"DGS","Raptor","Buteo japonicus","Eastern Buzzard"
"5888","2025/10/20","10-11",1,"DGS","Raptor","Falco amurensis","Amur Falcon"
"5889","2025/10/20","10-11",2,"DGS","Raptor","Falco subbuteo","Eurasian Hobby"
"5890","2025/10/20","10-11",1,"DGS","Raptor","Raptors (unidentified)","Unidentified Raptors"
"5891","2025/10/20","10-11",1,"DGS","Else","Coccothraustes coccothraustes","Hawfinch"
"5892","2025/10/20","10-11",5,"DGS","Else","Anser anser","Greylag Goose"
"5893","2025/10/20","10-11",58,"DGS","Else","Phalacrocorax carbo","Great Cormorant"
"5894","2025/10/20","10-11",3,"DGS","Else","Zosterops erythropleurus","Chestnut-flanked White-eye"
"5895","2025/10/20","10-11",2,"DGS","Else","Emberiza rutila","Chestnut Bunting"
"5896","2025/10/20","11-12",4,"DGS","Raptor","Tachyspiza gularis","Japanese Sparrowhawk"
"5897","2025/10/20","11-12",10,"DGS","Raptor","Accipiter nisus","Eurasian Sparrowhawk"
"5898","2025/10/20","11-12",5,"DGS","Raptor","Butastur indicus","Grey-faced Buzzard"
"5899","2025/10/20","11-12",5,"DGS","Raptor","Buteo japonicus","Eastern Buzzard"
"5900","2025/10/20","11-12",4,"DGS","Raptor","Falco subbuteo","Eurasian Hobby"
"5901","2025/10/20","11-12",3,"DGS","Else","Corvus frugilegus","Rook"
"5902","2025/10/20","12-13",1,"DGS","Raptor","Pandion haliaetus","Osprey"
"5903","2025/10/20","12-13",7,"DGS","Raptor","Pernis ptilorhynchus","Crested Honey-buzzard"
"5904","2025/10/20","12-13",1,"DGS","Raptor","Lophospiza trivirgata","Crested Goshawk"
"5905","2025/10/20","12-13",2,"DGS","Raptor","Tachyspiza gularis","Japanese Sparrowhawk"
"5906","2025/10/20","12-13",2,"DGS","Raptor","Accipiter nisus","Eurasian Sparrowhawk"
"5907","2025/10/20","12-13",4,"DGS","Raptor","Buteo japonicus","Eastern Buzzard"
"5908","2025/10/20","12-13",3,"DGS","Raptor","Falco subbuteo","Eurasian Hobby"
"5909","2025/10/20","12-13",1,"DGS","Raptor","Eagles (unidentified)","Unidentified Eagles"
"5910","2025/10/20","13-14",1,"DGS","Raptor","Tachyspiza gularis","Japanese Sparrowhawk"
"5911","2025/10/20","13-14",4,"DGS","Raptor","Accipiter nisus","Eurasian Sparrowhawk"
"5912","2025/10/20","13-14",3,"DGS","Raptor","Falco subbuteo","Eurasian Hobby"
"5913","2025/10/20","13-14",1,"DGS","Raptor","Eagles (unidentified)","Unidentified Eagles"
"5914","2025/10/20","14-15",1,"DGS","Raptor","Tachyspiza gularis","Japanese Sparrowhawk"
"5915","2025/10/20","14-15",1,"DGS","Raptor","Accipiter nisus","Eurasian Sparrowhawk"
"5916","2025/10/20","14-15",9,"DGS","Raptor","Buteo japonicus","Eastern Buzzard"
"5917","2025/10/20","14-15",1,"DGS","Raptor","Falco amurensis","Amur Falcon"
"5918","2025/10/20","14-15",2,"DGS","Raptor","Falco subbuteo","Eurasian Hobby"
"5919","2025/10/20","15-16",1,"DGS","Raptor","Pernis ptilorhynchus","Crested Honey-buzzard"
"5920","2025/10/20","15-16",1,"DGS","Raptor","Tachyspiza gularis","Japanese Sparrowhawk"
"5921","2025/10/20","15-16",3,"DGS","Raptor","Accipiter nisus","Eurasian Sparrowhawk"
"5922","2025/10/20","15-16",1,"DGS","Raptor","Milvus migrans","Black Kite"
"5923","2025/10/20","15-16",1,"DGS","Raptor","Butastur indicus","Grey-faced Buzzard"
"5924","2025/10/20","15-16",1,"DGS","Raptor","Buteo japonicus","Eastern Buzzard"
"5925","2025/10/20","15-16",1,"DGS","Raptor","Falco subbuteo","Eurasian Hobby"
"5926","2025/10/20","15-16",8,"DGS","Else","Zosterops erythropleurus","Chestnut-flanked White-eye"
"5927","2025/10/20","16-17",7,"DGS","Raptor","Butastur indicus","Grey-faced Buzzard"
"5928","2025/10/21","Before 6",1,"DGS","Raptor","Eagles (unidentified)","Unidentified Eagles"
"5929","2025/10/21","6-7",1,"DGS","Raptor","Lophospiza trivirgata","Crested Goshawk"
"5930","2025/10/21","6-7",1,"DGS","Raptor","Tachyspiza gularis","Japanese Sparrowhawk"
"5931","2025/10/21","6-7",1,"DGS","Raptor","Accipiter nisus","Eurasian Sparrowhawk"
"5932","2025/10/21","6-7",1,"DGS","Raptor","Buteo japonicus","Eastern Buzzard"
"5933","2025/10/21","7-8",2,"DGS","Raptor","Pernis ptilorhynchus","Crested Honey-buzzard"
"5934","2025/10/21","7-8",7,"DGS","Raptor","Tachyspiza gularis","Japanese Sparrowhawk"
"5935","2025/10/21","7-8",2,"DGS","Raptor","Accipiter nisus","Eurasian Sparrowhawk"
"5936","2025/10/21","7-8",3,"DGS","Raptor","Astur gentilis","Eurasian Goshawk"
"5937","2025/10/21","7-8",4,"DGS","Raptor","Buteo japonicus","Eastern Buzzard"
"5938","2025/10/21","7-8",1,"DGS","Else","Delichon dasypus/lagopodum","Asian/Siberian House Martin"
"5939","2025/10/21","7-8",1,"DGS","Else","Eophona personata","Japanese Grosbeak"
"5940","2025/10/21","7-8",1,"DGS","Else","Coccothraustes coccothraustes","Hawfinch"
"5941","2025/10/21","8-9",4,"DGS","Raptor","Lophospiza trivirgata","Crested Goshawk"
"5942","2025/10/21","8-9",8,"DGS","Raptor","Tachyspiza gularis","Japanese Sparrowhawk"
"5943","2025/10/21","8-9",1,"DGS","Raptor","Accipiter nisus","Eurasian Sparrowhawk"
"5944","2025/10/21","8-9",5,"DGS","Raptor","Buteo japonicus","Eastern Buzzard"
"5945","2025/10/21","8-9",1,"DGS","Raptor","Falco tinnunculus","Common Kestrel"
"5946","2025/10/21","8-9",1,"DGS","Raptor","Falco amurensis","Amur Falcon"
"5947","2025/10/21","8-9",2,"DGS","Raptor","Falco subbuteo","Eurasian Hobby"
"5948","2025/10/21","9-10",5,"DGS","Raptor","Pernis ptilorhynchus","Crested Honey-buzzard"
"5949","2025/10/21","9-10",3,"DGS","Raptor","Tachyspiza gularis","Japanese Sparrowhawk"
"5950","2025/10/21","9-10",1,"DGS","Raptor","Accipiter nisus","Eurasian Sparrowhawk"
"5951","2025/10/21","9-10",6,"DGS","Raptor","Astur gentilis","Eurasian Goshawk"
"5952","2025/10/21","9-10",4,"DGS","Raptor","Butastur indicus","Grey-faced Buzzard"
"5953","2025/10/21","9-10",12,"DGS","Raptor","Buteo japonicus","Eastern Buzzard"
"5954","2025/10/21","9-10",1,"DGS","Raptor","Falco subbuteo","Eurasian Hobby"
"5955","2025/10/21","9-10",1,"DGS","Raptor","Other Raptors","Other Raptors"
"5956","2025/10/21","9-10",2,"DGS","Raptor","Eagles (unidentified)","Unidentified Eagles"
"5957","2025/10/21","9-10",1,"DGS","Raptor","Falco sp.","Unidentified Falcons"
"5958","2025/10/21","9-10",1,"DGS","Raptor","Falco columbarius","Merlin"
"5959","2025/10/21","9-10",3,"DGS","Else","Alauda arvensis","Eurasian Skylark"
"5960","2025/10/21","9-10",1,"DGS","Else","Emberiza tristrami","Tristram's Bunting"
"5961","2025/10/21","10-11",1,"DGS","Raptor","Pernis ptilorhynchus","Crested Honey-buzzard"
"5962","2025/10/21","10-11",1,"DGS","Raptor","Lophospiza trivirgata","Crested Goshawk"
"5963","2025/10/21","10-11",3,"DGS","Raptor","Tachyspiza gularis","Japanese Sparrowhawk"
"5964","2025/10/21","10-11",5,"DGS","Raptor","Accipiter nisus","Eurasian Sparrowhawk"
"5965","2025/10/21","10-11",3,"DGS","Raptor","Astur gentilis","Eurasian Goshawk"
"5966","2025/10/21","10-11",10,"DGS","Raptor","Buteo japonicus","Eastern Buzzard"
"5967","2025/10/21","10-11",1,"DGS","Raptor","Falco subbuteo","Eurasian Hobby"
"5968","2025/10/21","10-11",2,"DGS","Raptor","Eagles (unidentified)","Unidentified Eagles"
"5969","2025/10/21","10-11",1,"DGS","Else","Corvus frugilegus","Rook"
"5970","2025/10/21","11-12",1,"DGS","Raptor","Lophospiza trivirgata","Crested Goshawk"
"5971","2025/10/21","11-12",6,"DGS","Raptor","Tachyspiza gularis","Japanese Sparrowhawk"
"5972","2025/10/21","11-12",3,"DGS","Raptor","Accipiter nisus","Eurasian Sparrowhawk"
"5973","2025/10/21","11-12",6,"DGS","Raptor","Buteo japonicus","Eastern Buzzard"
"5974","2025/10/21","11-12",1,"DGS","Raptor","Falco subbuteo","Eurasian Hobby"
"5975","2025/10/21","11-12",1,"DGS","Raptor","Falco peregrinus","Peregrine Falcon"
"5976","2025/10/21","11-12",1,"DGS","Raptor","Eagles (unidentified)","Unidentified Eagles"
"5977","2025/10/21","11-12",1,"DGS","Raptor","Falco sp.","Unidentified Falcons"
"5978","2025/10/21","11-12",6,"DGS","Else","Anser fabalis","Taiga Bean Goose"
"5979","2025/10/21","12-13",1,"DGS","Raptor","Pandion haliaetus","Osprey"
"5980","2025/10/21","12-13",1,"DGS","Raptor","Pernis ptilorhynchus","Crested Honey-buzzard"
"5981","2025/10/21","12-13",3,"DGS","Raptor","Tachyspiza gularis","Japanese Sparrowhawk"
"5982","2025/10/21","12-13",2,"DGS","Raptor","Astur gentilis","Eurasian Goshawk"
"5983","2025/10/21","12-13",2,"DGS","Raptor","Milvus migrans","Black Kite"
"5984","2025/10/21","12-13",9,"DGS","Raptor","Buteo japonicus","Eastern Buzzard"
"5985","2025/10/21","12-13",1,"DGS","Raptor","Falco subbuteo","Eurasian Hobby"
"5986","2025/10/21","12-13",1,"DGS","Raptor","Circus sp.","Unidentified Harriers"
"5987","2025/10/21","13-14",4,"DGS","Raptor","Tachyspiza gularis","Japanese Sparrowhawk"
"5988","2025/10/21","13-14",5,"DGS","Raptor","Accipiter nisus","Eurasian Sparrowhawk"
"5989","2025/10/21","13-14",1,"DGS","Raptor","Astur gentilis","Eurasian Goshawk"
"5990","2025/10/21","13-14",1,"DGS","Raptor","Circus melanoleucos","Pied Harrier"
"5991","2025/10/21","13-14",5,"DGS","Raptor","Buteo japonicus","Eastern Buzzard"
"5992","2025/10/21","13-14",3,"DGS","Raptor","Falco subbuteo","Eurasian Hobby"
"5993","2025/10/21","13-14",1,"DGS","Raptor","Falco sp.","Unidentified Falcons"
"5994","2025/10/21","13-14",13,"DGS","Else","Corvus frugilegus","Rook"
"5995","2025/10/21","14-15",1,"DGS","Raptor","Accipiter nisus","Eurasian Sparrowhawk"
"5996","2025/10/21","14-15",7,"DGS","Raptor","Buteo japonicus","Eastern Buzzard"
"5997","2025/10/21","15-16",2,"DGS","Raptor","Tachyspiza gularis","Japanese Sparrowhawk"
"5998","2025/10/21","15-16",10,"DGS","Else","Delichon dasypus/lagopodum","Asian/Siberian House Martin"
"5999","2025/10/21","16-17",3,"DGS","Raptor","Buteo japonicus","Eastern Buzzard"
"6000","2025/10/22","Before 6",1,"DGS","Raptor","Pernis ptilorhynchus","Crested Honey-buzzard"
"6001","2025/10/22","Before 6",8,"DGS","Raptor","Butastur indicus","Grey-faced Buzzard"
"6002","2025/10/22","Before 6",2,"DGS","Else","Delichon dasypus/lagopodum","Asian/Siberian House Martin"
"6003","2025/10/22","6-7",1,"DGS","Raptor","Tachyspiza gularis","Japanese Sparrowhawk"
"6004","2025/10/22","6-7",2,"DGS","Raptor","Accipiter nisus","Eurasian Sparrowhawk"
"6005","2025/10/22","6-7",1,"DGS","Raptor","Astur gentilis","Eurasian Goshawk"
"6006","2025/10/22","6-7",1,"DGS","Raptor","Butastur indicus","Grey-faced Buzzard"
"6007","2025/10/22","6-7",1,"DGS","Raptor","Buteo japonicus","Eastern Buzzard"
"6008","2025/10/22","6-7",2,"DGS","Raptor","Eagles (unidentified)","Unidentified Eagles"
"6009","2025/10/22","7-8",2,"DGS","Raptor","Tachyspiza gularis","Japanese Sparrowhawk"
"6010","2025/10/22","7-8",1,"DGS","Raptor","Accipiter nisus","Eurasian Sparrowhawk"
"6011","2025/10/22","7-8",3,"DGS","Raptor","Butastur indicus","Grey-faced Buzzard"
"6012","2025/10/22","7-8",3,"DGS","Raptor","Buteo japonicus","Eastern Buzzard"
"6013","2025/10/22","7-8",2,"DGS","Else","Turdus eunomus","Dusky Thrush"
"6014","2025/10/22","8-9",2,"DGS","Raptor","Pernis ptilorhynchus","Crested Honey-buzzard"
"6015","2025/10/22","8-9",3,"DGS","Raptor","Tachyspiza gularis","Japanese Sparrowhawk"
"6016","2025/10/22","8-9",2,"DGS","Raptor","Astur gentilis","Eurasian Goshawk"
"6017","2025/10/22","8-9",1,"DGS","Raptor","Buteo japonicus","Eastern Buzzard"
"6018","2025/10/22","9-10",6,"DGS","Raptor","Pernis ptilorhynchus","Crested Honey-buzzard"
"6019","2025/10/22","9-10",6,"DGS","Raptor","Lophospiza trivirgata","Crested Goshawk"
"6020","2025/10/22","9-10",5,"DGS","Raptor","Tachyspiza gularis","Japanese Sparrowhawk"
"6021","2025/10/22","9-10",1,"DGS","Raptor","Accipiter nisus","Eurasian Sparrowhawk"
"6022","2025/10/22","9-10",5,"DGS","Raptor","Buteo japonicus","Eastern Buzzard"
"6023","2025/10/22","9-10",1,"DGS","Raptor","Falco subbuteo","Eurasian Hobby"
"6024","2025/10/22","9-10",2,"DGS","Raptor","Eagles (unidentified)","Unidentified Eagles"
"6025","2025/10/22","9-10",1,"DGS","Raptor","Falco sp.","Unidentified Falcons"
"6026","2025/10/22","9-10",1,"DGS","Else","Eophona personata","Japanese Grosbeak"
"6027","2025/10/22","10-11",1,"DGS","Raptor","Pernis ptilorhynchus","Crested Honey-buzzard"
"6028","2025/10/22","10-11",1,"DGS","Raptor","Tachyspiza soloensis","Chinese Sparrowhawk"
"6029","2025/10/22","10-11",3,"DGS","Raptor","Accipiter nisus","Eurasian Sparrowhawk"
"6030","2025/10/22","10-11",4,"DGS","Raptor","Buteo japonicus","Eastern Buzzard"
"6031","2025/10/22","10-11",1,"DGS","Raptor","Falco amurensis","Amur Falcon"
"6032","2025/10/22","10-11",2,"DGS","Raptor","Falco subbuteo","Eurasian Hobby"
"6033","2025/10/22","10-11",1,"DGS","Raptor","Spilornis cheela","Crested Serpent Eagle"
"6034","2025/10/22","10-11",1,"DGS","Raptor","Eagles (unidentified)","Unidentified Eagles"
"6035","2025/10/22","11-12",4,"DGS","Raptor","Tachyspiza gularis","Japanese Sparrowhawk"
"6036","2025/10/22","11-12",6,"DGS","Raptor","Accipiter nisus","Eurasian Sparrowhawk"
"6037","2025/10/22","11-12",6,"DGS","Raptor","Buteo japonicus","Eastern Buzzard"
"6038","2025/10/22","11-12",1,"DGS","Raptor","Falco amurensis","Amur Falcon"
"6039","2025/10/22","11-12",1,"DGS","Raptor","Falco subbuteo","Eurasian Hobby"
"6040","2025/10/22","12-13",1,"DGS","Raptor","Accipiter nisus","Eurasian Sparrowhawk"
"6041","2025/10/22","12-13",6,"DGS","Raptor","Buteo japonicus","Eastern Buzzard"
"6042","2025/10/22","12-13",1,"DGS","Raptor","Falco tinnunculus","Common Kestrel"
"6043","2025/10/22","12-13",1,"DGS","Raptor","Falco subbuteo","Eurasian Hobby"
"6044","2025/10/22","12-13",3,"DGS","Else","Turdus eunomus","Dusky Thrush"
"6045","2025/10/22","13-14",1,"DGS","Raptor","Lophospiza trivirgata","Crested Goshawk"
"6046","2025/10/22","13-14",1,"DGS","Raptor","Tachyspiza gularis","Japanese Sparrowhawk"
"6047","2025/10/22","13-14",4,"DGS","Raptor","Accipiter nisus","Eurasian Sparrowhawk"
"6048","2025/10/22","13-14",2,"DGS","Raptor","Buteo japonicus","Eastern Buzzard"
"6049","2025/10/22","13-14",1,"DGS","Raptor","Falco subbuteo","Eurasian Hobby"
"6050","2025/10/22","13-14",1,"DGS","Else","Alauda arvensis","Eurasian Skylark"
"6051","2025/10/22","14-15",3,"DGS","Raptor","Accipiter nisus","Eurasian Sparrowhawk"
"6052","2025/10/22","14-15",6,"DGS","Raptor","Buteo japonicus","Eastern Buzzard"
"6053","2025/10/22","15-16",4,"DGS","Raptor","Accipiter nisus","Eurasian Sparrowhawk"
"6054","2025/10/22","15-16",2,"DGS","Raptor","Buteo japonicus","Eastern Buzzard"
"6055","2025/10/22","15-16",1,"DGS","Raptor","Falco tinnunculus","Common Kestrel"
"6056","2025/10/22","15-16",1,"DGS","Raptor","Eagles (unidentified)","Unidentified Eagles"
"6057","2025/10/22","16-17",3,"DGS","Raptor","Buteo japonicus","Eastern Buzzard"
"6058","2025/10/23","6-7",1,"DGS","Raptor","Pernis ptilorhynchus","Crested Honey-buzzard"
"6059","2025/10/23","6-7",1,"DGS","Raptor","Tachyspiza gularis","Japanese Sparrowhawk"
"6060","2025/10/23","6-7",1,"DGS","Raptor","Accipiter nisus","Eurasian Sparrowhawk"
"6061","2025/10/23","6-7",1,"DGS","Raptor","Astur gentilis","Eurasian Goshawk"
"6062","2025/10/23","6-7",3,"DGS","Raptor","Buteo japonicus","Eastern Buzzard"
"6063","2025/10/23","7-8",1,"DGS","Raptor","Tachyspiza gularis","Japanese Sparrowhawk"
"6064","2025/10/23","7-8",1,"DGS","Raptor","Accipiter nisus","Eurasian Sparrowhawk"
"6065","2025/10/23","8-9",4,"DGS","Raptor","Lophospiza trivirgata","Crested Goshawk"
"6066","2025/10/23","8-9",10,"DGS","Raptor","Tachyspiza gularis","Japanese Sparrowhawk"
"6067","2025/10/23","8-9",1,"DGS","Raptor","Accipiter nisus","Eurasian Sparrowhawk"
"6068","2025/10/23","8-9",4,"DGS","Raptor","Astur gentilis","Eurasian Goshawk"
"6069","2025/10/23","8-9",8,"DGS","Raptor","Buteo japonicus","Eastern Buzzard"
"6070","2025/10/23","8-9",1,"DGS","Raptor","Falco peregrinus","Peregrine Falcon"
"6071","2025/10/23","8-9",1,"DGS","Raptor","Eagles (unidentified)","Unidentified Eagles"
"6072","2025/10/23","8-9",7,"DGS","Else","Alauda arvensis","Eurasian Skylark"
"6073","2025/10/23","8-9",1,"DGS","Else","Emberiza rutila","Chestnut Bunting"
"6074","2025/10/23","9-10",1,"DGS","Raptor","Falco subbuteo","Eurasian Hobby"
"6075","2025/10/23","10-11",1,"DGS","Raptor","Tachyspiza gularis","Japanese Sparrowhawk"
"6076","2025/10/23","10-11",2,"DGS","Raptor","Accipiter nisus","Eurasian Sparrowhawk"
"6077","2025/10/23","10-11",1,"DGS","Raptor","Astur gentilis","Eurasian Goshawk"
"6078","2025/10/23","10-11",10,"DGS","Raptor","Buteo japonicus","Eastern Buzzard"
"6079","2025/10/23","10-11",1,"DGS","Raptor","Falco subbuteo","Eurasian Hobby"
"6080","2025/10/23","10-11",1,"DGS","Else","Corvus frugilegus","Rook"
"6081","2025/10/23","11-12",1,"DGS","Raptor","Tachyspiza gularis","Japanese Sparrowhawk"
"6082","2025/10/23","11-12",2,"DGS","Raptor","Accipiter nisus","Eurasian Sparrowhawk"
"6083","2025/10/23","11-12",2,"DGS","Raptor","Buteo japonicus","Eastern Buzzard"
"6084","2025/10/23","11-12",2,"DGS","Raptor","Falco tinnunculus","Common Kestrel"
"6085","2025/10/23","11-12",2,"DGS","Raptor","Falco subbuteo","Eurasian Hobby"
"6086","2025/10/23","11-12",1,"DGS","Raptor","Falco peregrinus","Peregrine Falcon"
"6087","2025/10/23","11-12",1,"DGS","Raptor","Falco sp.","Unidentified Falcons"
"6088","2025/10/23","12-13",1,"DGS","Raptor","Tachyspiza gularis","Japanese Sparrowhawk"
"6089","2025/10/23","12-13",1,"DGS","Raptor","Astur gentilis","Eurasian Goshawk"
"6090","2025/10/23","12-13",2,"DGS","Raptor","Buteo japonicus","Eastern Buzzard"
"6091","2025/10/23","12-13",3,"DGS","Raptor","Falco subbuteo","Eurasian Hobby"
"6092","2025/10/23","12-13",1,"DGS","Else","Corvus frugilegus","Rook"
"6093","2025/10/23","13-14",1,"DGS","Raptor","Pandion haliaetus","Osprey"
"6094","2025/10/23","13-14",1,"DGS","Raptor","Tachyspiza gularis","Japanese Sparrowhawk"
"6095","2025/10/23","13-14",1,"DGS","Raptor","Astur gentilis","Eurasian Goshawk"
"6096","2025/10/23","13-14",8,"DGS","Raptor","Buteo japonicus","Eastern Buzzard"
"6097","2025/10/23","13-14",2,"DGS","Raptor","Falco tinnunculus","Common Kestrel"
"6098","2025/10/23","14-15",1,"DGS","Raptor","Tachyspiza gularis","Japanese Sparrowhawk"
"6099","2025/10/23","14-15",2,"DGS","Raptor","Accipiter nisus","Eurasian Sparrowhawk"
"6100","2025/10/23","14-15",1,"DGS","Raptor","Astur gentilis","Eurasian Goshawk"
"6101","2025/10/23","14-15",1,"DGS","Raptor","Buteo japonicus","Eastern Buzzard"
"6102","2025/10/23","14-15",2,"DGS","Raptor","Falco subbuteo","Eurasian Hobby"
"6103","2025/10/23","15-16",1,"DGS","Raptor","Tachyspiza gularis","Japanese Sparrowhawk"
"6104","2025/10/23","15-16",2,"DGS","Raptor","Accipiter nisus","Eurasian Sparrowhawk"
"6105","2025/10/23","15-16",10,"DGS","Raptor","Buteo japonicus","Eastern Buzzard"
"6106","2025/10/23","15-16",2,"DGS","Raptor","Falco tinnunculus","Common Kestrel"
"6107","2025/10/23","15-16",2,"DGS","Raptor","Falco amurensis","Amur Falcon"
"6108","2025/10/23","15-16",11,"DGS","Raptor","Falco subbuteo","Eurasian Hobby"
"6109","2025/10/23","15-16",3,"DGS","Raptor","Eagles (unidentified)","Unidentified Eagles"
"6110","2025/10/23","15-16",1,"DGS","Else","Delichon dasypus/lagopodum","Asian/Siberian House Martin"
"6111","2025/10/23","16-17",1,"DGS","Raptor","Accipiter nisus","Eurasian Sparrowhawk"
"6112","2025/10/23","16-17",3,"DGS","Raptor","Buteo japonicus","Eastern Buzzard"
"6113","2025/10/23","16-17",2,"DGS","Raptor","Falco subbuteo","Eurasian Hobby"
"6114","2025/10/23","16-17",5,"DGS","Raptor","Falco sp.","Unidentified Falcons"
"6115","2025/10/24","Before 6",1,"DGS","Raptor","Pernis ptilorhynchus","Crested Honey-buzzard"
"6116","2025/10/24","Before 6",1,"DGS","Raptor","Accipiter nisus","Eurasian Sparrowhawk"
"6117","2025/10/24","6-7",1,"DGS","Raptor","Tachyspiza gularis","Japanese Sparrowhawk"
"6118","2025/10/24","6-7",10,"DGS","Raptor","Accipiter nisus","Eurasian Sparrowhawk"
"6119","2025/10/24","6-7",1,"DGS","Raptor","Astur gentilis","Eurasian Goshawk"
"6120","2025/10/24","6-7",2,"DGS","Raptor","Buteo japonicus","Eastern Buzzard"
"6121","2025/10/24","6-7",1,"DGS","Raptor","Eagles (unidentified)","Unidentified Eagles"
"6122","2025/10/24","6-7",1,"DGS","Else","Emberiza elegans","Yellow-throated Bunting"
"6123","2025/10/24","7-8",1,"DGS","Raptor","Tachyspiza gularis","Japanese Sparrowhawk"
"6124","2025/10/24","7-8",1,"DGS","Raptor","Accipiter nisus","Eurasian Sparrowhawk"
"6125","2025/10/24","7-8",4,"DGS","Raptor","Buteo japonicus","Eastern Buzzard"
"6126","2025/10/24","7-8",1,"DGS","Raptor","Eagles (unidentified)","Unidentified Eagles"
"6127","2025/10/24","7-8",1,"DGS","Raptor","Falco sp.","Unidentified Falcons"
"6128","2025/10/24","7-8",7,"DGS","Else","Pardaliparus venustulus","Yellow-bellied Tit"
"6129","2025/10/24","8-9",1,"DGS","Raptor","Pernis ptilorhynchus","Crested Honey-buzzard"
"6130","2025/10/24","8-9",2,"DGS","Raptor","Lophospiza trivirgata","Crested Goshawk"
"6131","2025/10/24","8-9",3,"DGS","Raptor","Tachyspiza gularis","Japanese Sparrowhawk"
"6132","2025/10/24","8-9",6,"DGS","Raptor","Accipiter nisus","Eurasian Sparrowhawk"
"6133","2025/10/24","8-9",4,"DGS","Raptor","Buteo japonicus","Eastern Buzzard"
"6134","2025/10/24","9-10",2,"DGS","Raptor","Lophospiza trivirgata","Crested Goshawk"
"6135","2025/10/24","9-10",1,"DGS","Raptor","Accipiter nisus","Eurasian Sparrowhawk"
"6136","2025/10/24","9-10",1,"DGS","Raptor","Astur gentilis","Eurasian Goshawk"
"6137","2025/10/24","9-10",3,"DGS","Raptor","Buteo japonicus","Eastern Buzzard"
"6138","2025/10/24","9-10",1,"DGS","Raptor","Falco subbuteo","Eurasian Hobby"
"6139","2025/10/24","10-11",1,"DGS","Raptor","Tachyspiza gularis","Japanese Sparrowhawk"
"6140","2025/10/24","10-11",2,"DGS","Raptor","Accipiter nisus","Eurasian Sparrowhawk"
"6141","2025/10/24","10-11",1,"DGS","Raptor","Butastur indicus","Grey-faced Buzzard"
"6142","2025/10/24","10-11",3,"DGS","Raptor","Buteo japonicus","Eastern Buzzard"
"6143","2025/10/24","10-11",1,"DGS","Raptor","Falco subbuteo","Eurasian Hobby"
"6144","2025/10/24","11-12",1,"DGS","Raptor","Tachyspiza gularis","Japanese Sparrowhawk"
"6145","2025/10/24","11-12",3,"DGS","Raptor","Accipiter nisus","Eurasian Sparrowhawk"
"6146","2025/10/24","11-12",4,"DGS","Raptor","Buteo japonicus","Eastern Buzzard"
"6147","2025/10/24","11-12",1,"DGS","Raptor","Eagles (unidentified)","Unidentified Eagles"
"6148","2025/10/24","12-13",1,"DGS","Raptor","Tachyspiza gularis","Japanese Sparrowhawk"
"6149","2025/10/24","12-13",1,"DGS","Raptor","Accipiter nisus","Eurasian Sparrowhawk"
"6150","2025/10/24","12-13",1,"DGS","Raptor","Astur gentilis","Eurasian Goshawk"
"6151","2025/10/24","12-13",5,"DGS","Raptor","Buteo japonicus","Eastern Buzzard"
"6152","2025/10/24","12-13",1,"DGS","Raptor","Falco subbuteo","Eurasian Hobby"
"6153","2025/10/24","12-13",1,"DGS","Raptor","Falco columbarius","Merlin"
"6154","2025/10/24","13-14",1,"DGS","Raptor","Astur gentilis","Eurasian Goshawk"
"6155","2025/10/24","13-14",5,"DGS","Raptor","Buteo japonicus","Eastern Buzzard"
"6156","2025/10/24","13-14",2,"DGS","Raptor","Falco subbuteo","Eurasian Hobby"
"6157","2025/10/24","13-14",1,"DGS","Else","Phoenicurus auroreus","Daurian Redstart"
"6158","2025/10/24","14-15",1,"DGS","Raptor","Tachyspiza gularis","Japanese Sparrowhawk"
"6159","2025/10/24","14-15",1,"DGS","Raptor","Accipiter nisus","Eurasian Sparrowhawk"
"6160","2025/10/24","14-15",2,"DGS","Raptor","Astur gentilis","Eurasian Goshawk"
"6161","2025/10/24","14-15",14,"DGS","Raptor","Buteo japonicus","Eastern Buzzard"
"6162","2025/10/24","14-15",1,"DGS","Raptor","Falco subbuteo","Eurasian Hobby"
"6163","2025/10/24","14-15",1,"DGS","Raptor","Eagles (unidentified)","Unidentified Eagles"
"6164","2025/10/24","14-15",2,"DGS","Raptor","Falco sp.","Unidentified Falcons"
"6165","2025/10/24","15-16",2,"DGS","Raptor","Buteo japonicus","Eastern Buzzard"
"6166","2025/10/24","15-16",1,"DGS","Raptor","Falco subbuteo","Eurasian Hobby"
"6167","2025/10/24","15-16",3,"DGS","Raptor","Eagles (unidentified)","Unidentified Eagles"
"6168","2025/10/24","16-17",1,"DGS","Raptor","Astur gentilis","Eurasian Goshawk"
"6169","2025/10/24","16-17",5,"DGS","Raptor","Buteo japonicus","Eastern Buzzard"
"6170","2025/10/24","16-17",1,"DGS","Raptor","Falco amurensis","Amur Falcon"
"6171","2025/10/24","16-17",1,"DGS","Raptor","Falco subbuteo","Eurasian Hobby"
"6172","2025/10/24","After 17",1,"DGS","Raptor","Falco subbuteo","Eurasian Hobby"
"6173","2025/10/25","6-7",1,"DGS","Raptor","Accipiter nisus","Eurasian Sparrowhawk"
"6174","2025/10/25","7-8",1,"DGS","Swift","Aerodramus sp.","Swiftlets"
"6175","2025/10/25","7-8",1,"DGS","Else","Delichon dasypus/lagopodum","Asian/Siberian House Martin"
"6176","2025/10/25","8-9",3,"DGS","Raptor","Lophospiza trivirgata","Crested Goshawk"
"6177","2025/10/25","8-9",2,"DGS","Raptor","Tachyspiza gularis","Japanese Sparrowhawk"
"6178","2025/10/25","8-9",2,"DGS","Raptor","Astur gentilis","Eurasian Goshawk"
"6179","2025/10/25","8-9",1,"DGS","Raptor","Butastur indicus","Grey-faced Buzzard"
"6180","2025/10/25","8-9",3,"DGS","Raptor","Buteo japonicus","Eastern Buzzard"
"6181","2025/10/25","8-9",2,"DGS","Raptor","Falco subbuteo","Eurasian Hobby"
"6182","2025/10/25","9-10",1,"DGS","Raptor","Lophospiza trivirgata","Crested Goshawk"
"6183","2025/10/25","9-10",1,"DGS","Raptor","Tachyspiza gularis","Japanese Sparrowhawk"
"6184","2025/10/25","9-10",5,"DGS","Raptor","Accipiter nisus","Eurasian Sparrowhawk"
"6185","2025/10/25","9-10",1,"DGS","Raptor","Astur gentilis","Eurasian Goshawk"
"6186","2025/10/25","9-10",2,"DGS","Raptor","Buteo japonicus","Eastern Buzzard"
"6187","2025/10/25","9-10",2,"DGS","Raptor","Eagles (unidentified)","Unidentified Eagles"
"6188","2025/10/25","9-10",1,"DGS","Raptor","Falco sp.","Unidentified Falcons"
"6189","2025/10/25","10-11",1,"DGS","Raptor","Butastur indicus","Grey-faced Buzzard"
"6190","2025/10/25","10-11",7,"DGS","Raptor","Buteo japonicus","Eastern Buzzard"
"6191","2025/10/25","10-11",1,"DGS","Raptor","Falco amurensis","Amur Falcon"
"6192","2025/10/25","10-11",1,"DGS","Raptor","Falco subbuteo","Eurasian Hobby"
"6193","2025/10/25","10-11",1,"DGS","Raptor","Spilornis cheela","Crested Serpent Eagle"
"6194","2025/10/25","11-12",1,"DGS","Raptor","Tachyspiza gularis","Japanese Sparrowhawk"
"6195","2025/10/25","11-12",1,"DGS","Raptor","Astur gentilis","Eurasian Goshawk"
"6196","2025/10/25","11-12",4,"DGS","Raptor","Buteo japonicus","Eastern Buzzard"
"6197","2025/10/25","11-12",1,"DGS","Raptor","Falco tinnunculus","Common Kestrel"
"6198","2025/10/25","11-12",1,"DGS","Raptor","Falco amurensis","Amur Falcon"
"6199","2025/10/25","11-12",1,"DGS","Raptor","Falco peregrinus","Peregrine Falcon"
"6200","2025/10/25","11-12",1,"DGS","Swift","Apus pacificus","Pacific Swift"
"6201","2025/10/25","12-13",1,"DGS","Raptor","Tachyspiza gularis","Japanese Sparrowhawk"
"6202","2025/10/25","12-13",1,"DGS","Raptor","Falco tinnunculus","Common Kestrel"
"6203","2025/10/25","12-13",6,"DGS","Raptor","Falco amurensis","Amur Falcon"
"6204","2025/10/25","12-13",1,"DGS","Raptor","Falco subbuteo","Eurasian Hobby"
"6205","2025/10/25","12-13",2,"DGS","Raptor","Falco sp.","Unidentified Falcons"
"6206","2025/10/25","13-14",4,"DGS","Raptor","Buteo japonicus","Eastern Buzzard"
"6207","2025/10/25","13-14",5,"DGS","Raptor","Falco amurensis","Amur Falcon"
"6208","2025/10/25","14-15",8,"DGS","Raptor","Buteo japonicus","Eastern Buzzard"
"6209","2025/10/25","14-15",7,"DGS","Raptor","Falco amurensis","Amur Falcon"
"6210","2025/10/25","14-15",1,"DGS","Raptor","Falco subbuteo","Eurasian Hobby"
"6211","2025/10/25","14-15",1,"DGS","Raptor","Falco sp.","Unidentified Falcons"
"6212","2025/10/25","14-15",1,"DGS","Raptor","Raptors (unidentified)","Unidentified Raptors"
"6213","2025/10/25","15-16",1,"DGS","Raptor","Tachyspiza gularis","Japanese Sparrowhawk"
"6214","2025/10/25","15-16",1,"DGS","Raptor","Accipiter nisus","Eurasian Sparrowhawk"
"6215","2025/10/25","15-16",10,"DGS","Raptor","Buteo japonicus","Eastern Buzzard"
"6216","2025/10/25","15-16",22,"DGS","Raptor","Falco amurensis","Amur Falcon"
"6217","2025/10/25","15-16",2,"DGS","Raptor","Falco peregrinus","Peregrine Falcon"
"6218","2025/10/25","15-16",1,"DGS","Raptor","Elanus caeruleus","Black-winged Kite"
"6219","2025/10/25","15-16",4,"DGS","Raptor","Falco sp.","Unidentified Falcons"
"6220","2025/10/25","16-17",1,"DGS","Raptor","Buteo japonicus","Eastern Buzzard"
"6221","2025/10/25","16-17",9,"DGS","Raptor","Falco amurensis","Amur Falcon"
"6222","2025/10/25","After 17",1,"DGS","Raptor","Falco amurensis","Amur Falcon"
"6223","2025/10/26","6-7",1,"DGS","Raptor","Tachyspiza gularis","Japanese Sparrowhawk"
"6224","2025/10/26","6-7",1,"DGS","Raptor","Buteo japonicus","Eastern Buzzard"
"6225","2025/10/26","6-7",1,"DGS","Raptor","Falco peregrinus","Peregrine Falcon"
"6226","2025/10/26","7-8",4,"DGS","Swift","Aerodramus sp.","Swiftlets"
"6227","2025/10/26","7-8",3,"DGS","Else","Delichon dasypus/lagopodum","Asian/Siberian House Martin"
"6228","2025/10/26","7-8",1,"DGS","Else","Turdus obscurus","Eyebrowed Thrush"
"6229","2025/10/26","8-9",2,"DGS","Raptor","Tachyspiza gularis","Japanese Sparrowhawk"
"6230","2025/10/26","8-9",1,"DGS","Raptor","Accipiter nisus","Eurasian Sparrowhawk"
"6231","2025/10/26","8-9",4,"DGS","Raptor","Buteo japonicus","Eastern Buzzard"
"6232","2025/10/26","8-9",1,"DGS","Raptor","Falco amurensis","Amur Falcon"
"6233","2025/10/26","8-9",1,"DGS","Raptor","Eagles (unidentified)","Unidentified Eagles"
"6234","2025/10/26","8-9",2,"DGS","Else","Delichon dasypus/lagopodum","Asian/Siberian House Martin"
"6235","2025/10/26","8-9",2,"DGS","Else","Turdus hortulorum","Grey-backed Thrush"
"6236","2025/10/26","8-9",1,"DGS","Else","Eophona personata","Japanese Grosbeak"
"6237","2025/10/26","8-9",1,"DGS","Else","Coccothraustes coccothraustes","Hawfinch"
"6238","2025/10/26","9-10",1,"DGS","Raptor","Lophospiza trivirgata","Crested Goshawk"
"6239","2025/10/26","9-10",2,"DGS","Raptor","Tachyspiza gularis","Japanese Sparrowhawk"
"6240","2025/10/26","9-10",3,"DGS","Raptor","Accipiter nisus","Eurasian Sparrowhawk"
"6241","2025/10/26","9-10",5,"DGS","Raptor","Buteo japonicus","Eastern Buzzard"
"6242","2025/10/26","9-10",1,"DGS","Raptor","Spilornis cheela","Crested Serpent Eagle"
"6243","2025/10/26","9-10",1,"DGS","Else","Delichon dasypus/lagopodum","Asian/Siberian House Martin"
"6244","2025/10/26","9-10",3,"DGS","Else","Turdus eunomus","Dusky Thrush"
"6245","2025/10/26","10-11",1,"DGS","Raptor","Tachyspiza gularis","Japanese Sparrowhawk"
"6246","2025/10/26","10-11",3,"DGS","Raptor","Accipiter nisus","Eurasian Sparrowhawk"
"6247","2025/10/26","10-11",4,"DGS","Raptor","Buteo japonicus","Eastern Buzzard"
"6248","2025/10/26","10-11",1,"DGS","Raptor","Falco amurensis","Amur Falcon"
"6249","2025/10/26","11-12",1,"DGS","Raptor","Pernis ptilorhynchus","Crested Honey-buzzard"
"6250","2025/10/26","11-12",1,"DGS","Raptor","Tachyspiza gularis","Japanese Sparrowhawk"
"6251","2025/10/26","11-12",3,"DGS","Raptor","Accipiter nisus","Eurasian Sparrowhawk"
"6252","2025/10/26","11-12",1,"DGS","Raptor","Falco sp.","Unidentified Falcons"
"6253","2025/10/26","12-13",5,"DGS","Raptor","Buteo japonicus","Eastern Buzzard"
"6254","2025/10/26","12-13",1,"DGS","Raptor","Falco amurensis","Amur Falcon"
"6255","2025/10/26","13-14",2,"DGS","Raptor","Lophospiza trivirgata","Crested Goshawk"
"6256","2025/10/26","13-14",1,"DGS","Raptor","Accipiter nisus","Eurasian Sparrowhawk"
"6257","2025/10/26","13-14",1,"DGS","Raptor","Astur gentilis","Eurasian Goshawk"
"6258","2025/10/26","13-14",4,"DGS","Raptor","Buteo japonicus","Eastern Buzzard"
"6259","2025/10/26","13-14",24,"DGS","Raptor","Falco amurensis","Amur Falcon"
"6260","2025/10/26","13-14",1,"DGS","Raptor","Falco subbuteo","Eurasian Hobby"
"6261","2025/10/26","14-15",1,"DGS","Raptor","Tachyspiza gularis","Japanese Sparrowhawk"
"6262","2025/10/26","14-15",5,"DGS","Raptor","Accipiter nisus","Eurasian Sparrowhawk"
"6263","2025/10/26","14-15",2,"DGS","Raptor","Buteo japonicus","Eastern Buzzard"
"6264","2025/10/26","14-15",2,"DGS","Raptor","Falco tinnunculus","Common Kestrel"
"6265","2025/10/26","14-15",78,"DGS","Raptor","Falco amurensis","Amur Falcon"
"6266","2025/10/26","14-15",1,"DGS","Raptor","Falco peregrinus","Peregrine Falcon"
"6267","2025/10/26","14-15",3,"DGS","Raptor","Falco sp.","Unidentified Falcons"
"6268","2025/10/26","14-15",3,"DGS","Else","Turdus eunomus","Dusky Thrush"
"6269","2025/10/26","14-15",1,"DGS","Else","Eophona personata","Japanese Grosbeak"
"6270","2025/10/26","15-16",1,"DGS","Raptor","Pernis ptilorhynchus","Crested Honey-buzzard"
"6271","2025/10/26","15-16",10,"DGS","Raptor","Buteo japonicus","Eastern Buzzard"
"6272","2025/10/26","15-16",12,"DGS","Raptor","Falco amurensis","Amur Falcon"
"6273","2025/10/26","16-17",2,"DGS","Raptor","Accipiter nisus","Eurasian Sparrowhawk"
"6274","2025/10/26","16-17",1,"DGS","Raptor","Falco amurensis","Amur Falcon"
"6275","2025/10/26","16-17",1,"DGS","Raptor","Falco subbuteo","Eurasian Hobby"
"6276","2025/10/27","Before 6",1,"DGS","Raptor","Lophospiza trivirgata","Crested Goshawk"
"6277","2025/10/27","7-8",1,"DGS","Raptor","Pernis ptilorhynchus","Crested Honey-buzzard"
"6278","2025/10/27","7-8",2,"DGS","Raptor","Accipiter nisus","Eurasian Sparrowhawk"
"6279","2025/10/27","7-8",2,"DGS","Raptor","Buteo japonicus","Eastern Buzzard"
"6280","2025/10/27","7-8",1,"DGS","Raptor","Falco amurensis","Amur Falcon"
"6281","2025/10/27","7-8",7,"DGS","Else","Eophona personata","Japanese Grosbeak"
"6282","2025/10/27","7-8",1,"DGS","Else","Turdus eunomus","Dusky Thrush"
"6283","2025/10/27","7-8",1,"DGS","Else","Ficedula mugimaki","Mugimaki Flycatcher"
"6284","2025/10/27","8-9",1,"DGS","Raptor","Accipiter nisus","Eurasian Sparrowhawk"
"6285","2025/10/27","8-9",4,"DGS","Raptor","Buteo japonicus","Eastern Buzzard"
"6286","2025/10/27","8-9",1,"DGS","Raptor","Eagles (unidentified)","Unidentified Eagles"
"6287","2025/10/27","8-9",1,"DGS","Swift","Aerodramus sp.","Swiftlets"
"6288","2025/10/27","8-9",2,"DGS","Else","Alauda arvensis","Eurasian Skylark"
"6289","2025/10/27","8-9",18,"DGS","Else","Turdus eunomus","Dusky Thrush"
"6290","2025/10/27","8-9",20,"DGS","Else","Remiz consobrinus","Chinese Penduline Tit"
"6291","2025/10/27","9-10",1,"DGS","Raptor","Tachyspiza gularis","Japanese Sparrowhawk"
"6292","2025/10/27","9-10",1,"DGS","Raptor","Astur gentilis","Eurasian Goshawk"
"6293","2025/10/27","9-10",3,"DGS","Raptor","Buteo japonicus","Eastern Buzzard"
"6294","2025/10/27","9-10",1,"DGS","Raptor","Falco amurensis","Amur Falcon"
"6295","2025/10/27","9-10",3,"DGS","Else","Emberiza rustica","Rustic Bunting"
"6296","2025/10/27","9-10",34,"DGS","Else","Anser albifrons","Greater White-fronted Goose"
"6297","2025/10/27","10-11",1,"DGS","Raptor","Lophospiza trivirgata","Crested Goshawk"
"6298","2025/10/27","10-11",1,"DGS","Raptor","Tachyspiza gularis","Japanese Sparrowhawk"
"6299","2025/10/27","10-11",1,"DGS","Raptor","Accipiter nisus","Eurasian Sparrowhawk"
"6300","2025/10/27","10-11",4,"DGS","Raptor","Buteo japonicus","Eastern Buzzard"
"6301","2025/10/27","10-11",10,"DGS","Raptor","Falco amurensis","Amur Falcon"
"6302","2025/10/27","10-11",1,"DGS","Raptor","Falco sp.","Unidentified Falcons"
"6303","2025/10/27","10-11",2,"DGS","Else","Phylloscopus inornatus","Yellow-browed Warbler"
"6304","2025/10/27","11-12",2,"DGS","Raptor","Lophospiza trivirgata","Crested Goshawk"
"6305","2025/10/27","11-12",1,"DGS","Raptor","Accipiter nisus","Eurasian Sparrowhawk"
"6306","2025/10/27","11-12",4,"DGS","Raptor","Buteo japonicus","Eastern Buzzard"
"6307","2025/10/27","11-12",11,"DGS","Raptor","Falco amurensis","Amur Falcon"
"6308","2025/10/27","11-12",1,"DGS","Raptor","Falco sp.","Unidentified Falcons"
"6309","2025/10/27","12-13",2,"DGS","Raptor","Buteo japonicus","Eastern Buzzard"
"6310","2025/10/27","12-13",31,"DGS","Raptor","Falco amurensis","Amur Falcon"
"6311","2025/10/27","12-13",20,"DGS","Else","Alauda arvensis","Eurasian Skylark"
"6312","2025/10/27","13-14",4,"DGS","Raptor","Buteo japonicus","Eastern Buzzard"
"6313","2025/10/27","13-14",69,"DGS","Raptor","Falco amurensis","Amur Falcon"
"6314","2025/10/27","13-14",1,"DGS","Raptor","Falco peregrinus","Peregrine Falcon"
"6315","2025/10/27","14-15",1,"DGS","Raptor","Accipiter nisus","Eurasian Sparrowhawk"
"6316","2025/10/27","14-15",1,"DGS","Raptor","Butastur indicus","Grey-faced Buzzard"
"6317","2025/10/27","14-15",53,"DGS","Raptor","Falco amurensis","Amur Falcon"
"6318","2025/10/27","15-16",98,"DGS","Raptor","Falco amurensis","Amur Falcon"
"6319","2025/10/27","15-16",1,"DGS","Else","Corvus macrorhynchos","Large-billed Crow"
"6320","2025/10/27","16-17",34,"DGS","Raptor","Falco amurensis","Amur Falcon"
